ISO-10303-21;
HEADER;
FILE_DESCRIPTION(('STEP AP214'),
    '1');
FILE_NAME('Деталь',
    '',
    ('UNSPECIFIED'),
    ('UNSPECIFIED'),
    'C3D Converter',
    'C3D Toolkit',
    '');
FILE_SCHEMA(('AUTOMOTIVE_DESIGN { 1 0 10303 214 3 1 1}'));
ENDSEC;

DATA;
#1=PRODUCT_DEFINITION('','UNSPECIFIED',#31,#34);
#2=SHAPE_DEFINITION_REPRESENTATION(#29,#3);
#3=SHAPE_REPRESENTATION('NONE',(#4),#8);
#4=AXIS2_PLACEMENT_3D('',#5,#6,#7);
#5=CARTESIAN_POINT('',(0.,0.,0.));
#6=DIRECTION('',(0.,0.,1.));
#7=DIRECTION('',(1.,0.,0.));
#8=(GEOMETRIC_REPRESENTATION_CONTEXT(3)GLOBAL_UNCERTAINTY_ASSIGNED_CONTEXT((#10))
GLOBAL_UNIT_ASSIGNED_CONTEXT((#9,#11,#12))REPRESENTATION_CONTEXT('NONE','NONE'));
#9=(LENGTH_UNIT()NAMED_UNIT(*)SI_UNIT(.MILLI.,.METRE.));
#10=UNCERTAINTY_MEASURE_WITH_UNIT(LENGTH_MEASURE(1.E-5),#9,'NONE','NONE');
#11=(NAMED_UNIT(*)PLANE_ANGLE_UNIT()SI_UNIT($,.RADIAN.));
#12=(NAMED_UNIT(*)SI_UNIT($,.STERADIAN.)SOLID_ANGLE_UNIT());
#13=MANIFOLD_SOLID_BREP('',#14);
#14=CLOSED_SHELL('',(#56,#57,#58,#59,#60,#61,#62,#63,#72,#81,#90,#91,#92,#93,#94,
#95,#96,#97,#106,#107,#108,#109,#118,#119,#120,#121,#122,#123,#124,#125,#126,#127,
#128,#129,#130,#131,#140,#149,#158,#167,#176,#185,#194,#203,#212,#221,#230,#239,
#248,#257,#266,#275,#284,#293,#302,#311,#320,#329,#338,#347,#356,#365,#374,#383,
#392,#401,#410,#419,#428,#437,#446,#455,#464,#473,#482,#491,#500,#509,#518,#527,
#536,#545,#554,#563,#572,#581,#590,#599,#608,#617,#626,#635,#644,#653,#662,#671,
#680,#689,#698,#707,#716,#725,#734,#743,#752,#761,#762,#763,#764,#765,#766,#767,
#768,#769,#778,#787,#796,#805,#814,#823,#832,#841,#850,#859,#868,#877,#886,#895,
#904,#913,#922,#923,#924,#925,#926,#927,#928));
#15=COLOUR_RGB('',0.564705882352941,0.564705882352941,0.564705882352941);
#16=FILL_AREA_STYLE_COLOUR('',#15);
#17=FILL_AREA_STYLE($,(#16));
#18=SURFACE_STYLE_FILL_AREA(#17);
#19=SURFACE_SIDE_STYLE('',(#18));
#20=SURFACE_STYLE_USAGE(.BOTH.,#19);
#21=PRESENTATION_STYLE_ASSIGNMENT((#20));
#22=MECHANICAL_DESIGN_GEOMETRIC_PRESENTATION_REPRESENTATION('NONE',(#23,#71,#80,
#89,#105,#117,#139,#148,#157,#166,#175,#184,#193,#202,#211,#220,#229,#238,#247,#256,
#265,#274,#283,#292,#301,#310,#319,#328,#337,#346,#355,#364,#373,#382,#391,#400,
#409,#418,#427,#436,#445,#454,#463,#472,#481,#490,#499,#508,#517,#526,#535,#544,
#553,#562,#571,#580,#589,#598,#607,#616,#625,#634,#643,#652,#661,#670,#679,#688,
#697,#706,#715,#724,#733,#742,#751,#760,#777,#786,#795,#804,#813,#822,#831,#840,
#849,#858,#867,#876,#885,#894,#903,#912,#921,#934),#8);
#23=STYLED_ITEM('',(#21),#13);
#24=ADVANCED_BREP_SHAPE_REPRESENTATION('NONE',(#13),#8);
#25=SHAPE_REPRESENTATION_RELATIONSHIP('','',#3,#24);
#26=GEOMETRIC_CURVE_SET('',(#929));
#27=GEOMETRICALLY_BOUNDED_WIREFRAME_SHAPE_REPRESENTATION('NONE',(#26),#8);
#28=SHAPE_REPRESENTATION_RELATIONSHIP('','',#3,#27);
#29=PRODUCT_DEFINITION_SHAPE('NONE','NONE',#1);
#30=MECHANICAL_CONTEXT('NONE',#35,'mechanical');
#31=PRODUCT_DEFINITION_FORMATION_WITH_SPECIFIED_SOURCE('ANY','UNSPECIFIED',#32,.NOT_KNOWN.);
#32=PRODUCT('','\X2\0414043504420430043B044C\X0\','NONE',(#30));
#33=PRODUCT_RELATED_PRODUCT_CATEGORY('detail','',(#32));
#34=DESIGN_CONTEXT('detailed design',#35,'design');
#35=APPLICATION_CONTEXT('configuration controlled 3d designs of mechanical parts and assemblies');
#36=APPLICATION_PROTOCOL_DEFINITION('international standard','config_control_design',
1994,#35);
#37=CC_DESIGN_DATE_AND_TIME_ASSIGNMENT(#38,#42,(#1));
#38=DATE_AND_TIME(#39,#40);
#39=CALENDAR_DATE(0,1,1);
#40=LOCAL_TIME(0,0,0.,#41);
#41=COORDINATED_UNIVERSAL_TIME_OFFSET(0,0,.AHEAD.);
#42=DATE_TIME_ROLE('creation_date');
#43=CC_DESIGN_APPROVAL(#44,(#1));
#44=APPROVAL(#45,'UNSPECIFIED');
#45=APPROVAL_STATUS('not_yet_approved');
#46=APPROVAL_DATE_TIME(#47,#44);
#47=DATE_AND_TIME(#48,#49);
#48=CALENDAR_DATE(0,1,1);
#49=LOCAL_TIME(0,0,0.,#50);
#50=COORDINATED_UNIVERSAL_TIME_OFFSET(0,0,.AHEAD.);
#51=PERSON('UNSPECIFIED','koljn','UNSPECIFIED',('UNSPECIFIED'),('UNSPECIFIED'),(
'UNSPECIFIED'));
#52=ORGANIZATION('UNSPECIFIED','UNSPECIFIED','UNSPECIFIED');
#53=PERSON_AND_ORGANIZATION(#51,#52);
#54=PERSON_AND_ORGANIZATION_ROLE('creator');
#55=CC_DESIGN_PERSON_AND_ORGANIZATION_ASSIGNMENT(#53,#54,(#31,#1));
#56=ADVANCED_FACE('',(#936,#938),#940,.F.);
#57=ADVANCED_FACE('',(#945,#947),#949,.T.);
#58=ADVANCED_FACE('',(#954),#956,.T.);
#59=ADVANCED_FACE('',(#961),#963,.T.);
#60=ADVANCED_FACE('',(#968),#970,.T.);
#61=ADVANCED_FACE('',(#975),#977,.T.);
#62=ADVANCED_FACE('',(#982),#984,.F.);
#63=ADVANCED_FACE('',(#989),#991,.F.);
#64=COLOUR_RGB('',0.282352941176471,0.282352941176471,0.282352941176471);
#65=FILL_AREA_STYLE_COLOUR('',#64);
#66=FILL_AREA_STYLE($,(#65));
#67=SURFACE_STYLE_FILL_AREA(#66);
#68=SURFACE_SIDE_STYLE('',(#67));
#69=SURFACE_STYLE_USAGE(.BOTH.,#68);
#70=PRESENTATION_STYLE_ASSIGNMENT((#69));
#71=STYLED_ITEM('',(#70),#63);
#72=ADVANCED_FACE('',(#996),#998,.F.);
#73=COLOUR_RGB('',0.282352941176471,0.282352941176471,0.282352941176471);
#74=FILL_AREA_STYLE_COLOUR('',#73);
#75=FILL_AREA_STYLE($,(#74));
#76=SURFACE_STYLE_FILL_AREA(#75);
#77=SURFACE_SIDE_STYLE('',(#76));
#78=SURFACE_STYLE_USAGE(.BOTH.,#77);
#79=PRESENTATION_STYLE_ASSIGNMENT((#78));
#80=STYLED_ITEM('',(#79),#72);
#81=ADVANCED_FACE('',(#1003),#1005,.F.);
#82=COLOUR_RGB('',0.282352941176471,0.282352941176471,0.282352941176471);
#83=FILL_AREA_STYLE_COLOUR('',#82);
#84=FILL_AREA_STYLE($,(#83));
#85=SURFACE_STYLE_FILL_AREA(#84);
#86=SURFACE_SIDE_STYLE('',(#85));
#87=SURFACE_STYLE_USAGE(.BOTH.,#86);
#88=PRESENTATION_STYLE_ASSIGNMENT((#87));
#89=STYLED_ITEM('',(#88),#81);
#90=ADVANCED_FACE('',(#1010),#1012,.F.);
#91=ADVANCED_FACE('',(#1017),#1019,.F.);
#92=ADVANCED_FACE('',(#1024),#1026,.F.);
#93=ADVANCED_FACE('',(#1031,#1033),#1035,.F.);
#94=ADVANCED_FACE('',(#1040),#1042,.T.);
#95=ADVANCED_FACE('',(#1047),#1049,.T.);
#96=ADVANCED_FACE('',(#1054),#1056,.T.);
#97=ADVANCED_FACE('',(#1061),#1063,.T.);
#98=COLOUR_RGB('',0.282352941176471,0.282352941176471,0.282352941176471);
#99=FILL_AREA_STYLE_COLOUR('',#98);
#100=FILL_AREA_STYLE($,(#99));
#101=SURFACE_STYLE_FILL_AREA(#100);
#102=SURFACE_SIDE_STYLE('',(#101));
#103=SURFACE_STYLE_USAGE(.BOTH.,#102);
#104=PRESENTATION_STYLE_ASSIGNMENT((#103));
#105=STYLED_ITEM('',(#104),#97);
#106=ADVANCED_FACE('',(#1068),#1070,.T.);
#107=ADVANCED_FACE('',(#1075,#1077),#1079,.T.);
#108=ADVANCED_FACE('',(#1084,#1086),#1088,.T.);
#109=ADVANCED_FACE('',(#1093,#1095),#1097,.F.);
#110=COLOUR_RGB('',0.282352941176471,0.282352941176471,0.282352941176471);
#111=FILL_AREA_STYLE_COLOUR('',#110);
#112=FILL_AREA_STYLE($,(#111));
#113=SURFACE_STYLE_FILL_AREA(#112);
#114=SURFACE_SIDE_STYLE('',(#113));
#115=SURFACE_STYLE_USAGE(.BOTH.,#114);
#116=PRESENTATION_STYLE_ASSIGNMENT((#115));
#117=STYLED_ITEM('',(#116),#109);
#118=ADVANCED_FACE('',(#1102),#1104,.T.);
#119=ADVANCED_FACE('',(#1109),#1111,.T.);
#120=ADVANCED_FACE('',(#1116),#1118,.F.);
#121=ADVANCED_FACE('',(#1123,#1125),#1127,.T.);
#122=ADVANCED_FACE('',(#1132),#1134,.T.);
#123=ADVANCED_FACE('',(#1139,#1141),#1143,.F.);
#124=ADVANCED_FACE('',(#1148,#1150),#1152,.T.);
#125=ADVANCED_FACE('',(#1157,#1159),#1161,.F.);
#126=ADVANCED_FACE('',(#1166),#1168,.T.);
#127=ADVANCED_FACE('',(#1173,#1175),#1177,.F.);
#128=ADVANCED_FACE('',(#1182,#1184),#1186,.T.);
#129=ADVANCED_FACE('',(#1191,#1193),#1195,.T.);
#130=ADVANCED_FACE('',(#1200,#1202),#1204,.T.);
#131=ADVANCED_FACE('',(#1209,#1211),#1213,.T.);
#132=COLOUR_RGB('',0.282352941176471,0.282352941176471,0.282352941176471);
#133=FILL_AREA_STYLE_COLOUR('',#132);
#134=FILL_AREA_STYLE($,(#133));
#135=SURFACE_STYLE_FILL_AREA(#134);
#136=SURFACE_SIDE_STYLE('',(#135));
#137=SURFACE_STYLE_USAGE(.BOTH.,#136);
#138=PRESENTATION_STYLE_ASSIGNMENT((#137));
#139=STYLED_ITEM('',(#138),#131);
#140=ADVANCED_FACE('',(#1218,#1220),#1222,.T.);
#141=COLOUR_RGB('',0.282352941176471,0.282352941176471,0.282352941176471);
#142=FILL_AREA_STYLE_COLOUR('',#141);
#143=FILL_AREA_STYLE($,(#142));
#144=SURFACE_STYLE_FILL_AREA(#143);
#145=SURFACE_SIDE_STYLE('',(#144));
#146=SURFACE_STYLE_USAGE(.BOTH.,#145);
#147=PRESENTATION_STYLE_ASSIGNMENT((#146));
#148=STYLED_ITEM('',(#147),#140);
#149=ADVANCED_FACE('',(#1227,#1229),#1231,.T.);
#150=COLOUR_RGB('',0.282352941176471,0.282352941176471,0.282352941176471);
#151=FILL_AREA_STYLE_COLOUR('',#150);
#152=FILL_AREA_STYLE($,(#151));
#153=SURFACE_STYLE_FILL_AREA(#152);
#154=SURFACE_SIDE_STYLE('',(#153));
#155=SURFACE_STYLE_USAGE(.BOTH.,#154);
#156=PRESENTATION_STYLE_ASSIGNMENT((#155));
#157=STYLED_ITEM('',(#156),#149);
#158=ADVANCED_FACE('',(#1236,#1238),#1240,.F.);
#159=COLOUR_RGB('',0.282352941176471,0.282352941176471,0.282352941176471);
#160=FILL_AREA_STYLE_COLOUR('',#159);
#161=FILL_AREA_STYLE($,(#160));
#162=SURFACE_STYLE_FILL_AREA(#161);
#163=SURFACE_SIDE_STYLE('',(#162));
#164=SURFACE_STYLE_USAGE(.BOTH.,#163);
#165=PRESENTATION_STYLE_ASSIGNMENT((#164));
#166=STYLED_ITEM('',(#165),#158);
#167=ADVANCED_FACE('',(#1245),#1247,.T.);
#168=COLOUR_RGB('',0.282352941176471,0.282352941176471,0.282352941176471);
#169=FILL_AREA_STYLE_COLOUR('',#168);
#170=FILL_AREA_STYLE($,(#169));
#171=SURFACE_STYLE_FILL_AREA(#170);
#172=SURFACE_SIDE_STYLE('',(#171));
#173=SURFACE_STYLE_USAGE(.BOTH.,#172);
#174=PRESENTATION_STYLE_ASSIGNMENT((#173));
#175=STYLED_ITEM('',(#174),#167);
#176=ADVANCED_FACE('',(#1312),#1314,.F.);
#177=COLOUR_RGB('',0.282352941176471,0.282352941176471,0.282352941176471);
#178=FILL_AREA_STYLE_COLOUR('',#177);
#179=FILL_AREA_STYLE($,(#178));
#180=SURFACE_STYLE_FILL_AREA(#179);
#181=SURFACE_SIDE_STYLE('',(#180));
#182=SURFACE_STYLE_USAGE(.BOTH.,#181);
#183=PRESENTATION_STYLE_ASSIGNMENT((#182));
#184=STYLED_ITEM('',(#183),#176);
#185=ADVANCED_FACE('',(#1319),#1321,.T.);
#186=COLOUR_RGB('',0.282352941176471,0.282352941176471,0.282352941176471);
#187=FILL_AREA_STYLE_COLOUR('',#186);
#188=FILL_AREA_STYLE($,(#187));
#189=SURFACE_STYLE_FILL_AREA(#188);
#190=SURFACE_SIDE_STYLE('',(#189));
#191=SURFACE_STYLE_USAGE(.BOTH.,#190);
#192=PRESENTATION_STYLE_ASSIGNMENT((#191));
#193=STYLED_ITEM('',(#192),#185);
#194=ADVANCED_FACE('',(#1326),#1328,.F.);
#195=COLOUR_RGB('',0.282352941176471,0.282352941176471,0.282352941176471);
#196=FILL_AREA_STYLE_COLOUR('',#195);
#197=FILL_AREA_STYLE($,(#196));
#198=SURFACE_STYLE_FILL_AREA(#197);
#199=SURFACE_SIDE_STYLE('',(#198));
#200=SURFACE_STYLE_USAGE(.BOTH.,#199);
#201=PRESENTATION_STYLE_ASSIGNMENT((#200));
#202=STYLED_ITEM('',(#201),#194);
#203=ADVANCED_FACE('',(#1333),#1335,.T.);
#204=COLOUR_RGB('',0.282352941176471,0.282352941176471,0.282352941176471);
#205=FILL_AREA_STYLE_COLOUR('',#204);
#206=FILL_AREA_STYLE($,(#205));
#207=SURFACE_STYLE_FILL_AREA(#206);
#208=SURFACE_SIDE_STYLE('',(#207));
#209=SURFACE_STYLE_USAGE(.BOTH.,#208);
#210=PRESENTATION_STYLE_ASSIGNMENT((#209));
#211=STYLED_ITEM('',(#210),#203);
#212=ADVANCED_FACE('',(#1340),#1342,.F.);
#213=COLOUR_RGB('',0.282352941176471,0.282352941176471,0.282352941176471);
#214=FILL_AREA_STYLE_COLOUR('',#213);
#215=FILL_AREA_STYLE($,(#214));
#216=SURFACE_STYLE_FILL_AREA(#215);
#217=SURFACE_SIDE_STYLE('',(#216));
#218=SURFACE_STYLE_USAGE(.BOTH.,#217);
#219=PRESENTATION_STYLE_ASSIGNMENT((#218));
#220=STYLED_ITEM('',(#219),#212);
#221=ADVANCED_FACE('',(#1347),#1349,.T.);
#222=COLOUR_RGB('',0.282352941176471,0.282352941176471,0.282352941176471);
#223=FILL_AREA_STYLE_COLOUR('',#222);
#224=FILL_AREA_STYLE($,(#223));
#225=SURFACE_STYLE_FILL_AREA(#224);
#226=SURFACE_SIDE_STYLE('',(#225));
#227=SURFACE_STYLE_USAGE(.BOTH.,#226);
#228=PRESENTATION_STYLE_ASSIGNMENT((#227));
#229=STYLED_ITEM('',(#228),#221);
#230=ADVANCED_FACE('',(#1354),#1356,.T.);
#231=COLOUR_RGB('',0.282352941176471,0.282352941176471,0.282352941176471);
#232=FILL_AREA_STYLE_COLOUR('',#231);
#233=FILL_AREA_STYLE($,(#232));
#234=SURFACE_STYLE_FILL_AREA(#233);
#235=SURFACE_SIDE_STYLE('',(#234));
#236=SURFACE_STYLE_USAGE(.BOTH.,#235);
#237=PRESENTATION_STYLE_ASSIGNMENT((#236));
#238=STYLED_ITEM('',(#237),#230);
#239=ADVANCED_FACE('',(#1373),#1375,.F.);
#240=COLOUR_RGB('',0.282352941176471,0.282352941176471,0.282352941176471);
#241=FILL_AREA_STYLE_COLOUR('',#240);
#242=FILL_AREA_STYLE($,(#241));
#243=SURFACE_STYLE_FILL_AREA(#242);
#244=SURFACE_SIDE_STYLE('',(#243));
#245=SURFACE_STYLE_USAGE(.BOTH.,#244);
#246=PRESENTATION_STYLE_ASSIGNMENT((#245));
#247=STYLED_ITEM('',(#246),#239);
#248=ADVANCED_FACE('',(#1380),#1382,.T.);
#249=COLOUR_RGB('',0.282352941176471,0.282352941176471,0.282352941176471);
#250=FILL_AREA_STYLE_COLOUR('',#249);
#251=FILL_AREA_STYLE($,(#250));
#252=SURFACE_STYLE_FILL_AREA(#251);
#253=SURFACE_SIDE_STYLE('',(#252));
#254=SURFACE_STYLE_USAGE(.BOTH.,#253);
#255=PRESENTATION_STYLE_ASSIGNMENT((#254));
#256=STYLED_ITEM('',(#255),#248);
#257=ADVANCED_FACE('',(#1415),#1417,.T.);
#258=COLOUR_RGB('',0.282352941176471,0.282352941176471,0.282352941176471);
#259=FILL_AREA_STYLE_COLOUR('',#258);
#260=FILL_AREA_STYLE($,(#259));
#261=SURFACE_STYLE_FILL_AREA(#260);
#262=SURFACE_SIDE_STYLE('',(#261));
#263=SURFACE_STYLE_USAGE(.BOTH.,#262);
#264=PRESENTATION_STYLE_ASSIGNMENT((#263));
#265=STYLED_ITEM('',(#264),#257);
#266=ADVANCED_FACE('',(#1476),#1478,.F.);
#267=COLOUR_RGB('',0.282352941176471,0.282352941176471,0.282352941176471);
#268=FILL_AREA_STYLE_COLOUR('',#267);
#269=FILL_AREA_STYLE($,(#268));
#270=SURFACE_STYLE_FILL_AREA(#269);
#271=SURFACE_SIDE_STYLE('',(#270));
#272=SURFACE_STYLE_USAGE(.BOTH.,#271);
#273=PRESENTATION_STYLE_ASSIGNMENT((#272));
#274=STYLED_ITEM('',(#273),#266);
#275=ADVANCED_FACE('',(#1483),#1485,.T.);
#276=COLOUR_RGB('',0.282352941176471,0.282352941176471,0.282352941176471);
#277=FILL_AREA_STYLE_COLOUR('',#276);
#278=FILL_AREA_STYLE($,(#277));
#279=SURFACE_STYLE_FILL_AREA(#278);
#280=SURFACE_SIDE_STYLE('',(#279));
#281=SURFACE_STYLE_USAGE(.BOTH.,#280);
#282=PRESENTATION_STYLE_ASSIGNMENT((#281));
#283=STYLED_ITEM('',(#282),#275);
#284=ADVANCED_FACE('',(#1490),#1492,.F.);
#285=COLOUR_RGB('',0.282352941176471,0.282352941176471,0.282352941176471);
#286=FILL_AREA_STYLE_COLOUR('',#285);
#287=FILL_AREA_STYLE($,(#286));
#288=SURFACE_STYLE_FILL_AREA(#287);
#289=SURFACE_SIDE_STYLE('',(#288));
#290=SURFACE_STYLE_USAGE(.BOTH.,#289);
#291=PRESENTATION_STYLE_ASSIGNMENT((#290));
#292=STYLED_ITEM('',(#291),#284);
#293=ADVANCED_FACE('',(#1497),#1499,.T.);
#294=COLOUR_RGB('',0.282352941176471,0.282352941176471,0.282352941176471);
#295=FILL_AREA_STYLE_COLOUR('',#294);
#296=FILL_AREA_STYLE($,(#295));
#297=SURFACE_STYLE_FILL_AREA(#296);
#298=SURFACE_SIDE_STYLE('',(#297));
#299=SURFACE_STYLE_USAGE(.BOTH.,#298);
#300=PRESENTATION_STYLE_ASSIGNMENT((#299));
#301=STYLED_ITEM('',(#300),#293);
#302=ADVANCED_FACE('',(#1504),#1506,.F.);
#303=COLOUR_RGB('',0.282352941176471,0.282352941176471,0.282352941176471);
#304=FILL_AREA_STYLE_COLOUR('',#303);
#305=FILL_AREA_STYLE($,(#304));
#306=SURFACE_STYLE_FILL_AREA(#305);
#307=SURFACE_SIDE_STYLE('',(#306));
#308=SURFACE_STYLE_USAGE(.BOTH.,#307);
#309=PRESENTATION_STYLE_ASSIGNMENT((#308));
#310=STYLED_ITEM('',(#309),#302);
#311=ADVANCED_FACE('',(#1511),#1513,.T.);
#312=COLOUR_RGB('',0.282352941176471,0.282352941176471,0.282352941176471);
#313=FILL_AREA_STYLE_COLOUR('',#312);
#314=FILL_AREA_STYLE($,(#313));
#315=SURFACE_STYLE_FILL_AREA(#314);
#316=SURFACE_SIDE_STYLE('',(#315));
#317=SURFACE_STYLE_USAGE(.BOTH.,#316);
#318=PRESENTATION_STYLE_ASSIGNMENT((#317));
#319=STYLED_ITEM('',(#318),#311);
#320=ADVANCED_FACE('',(#1518),#1520,.F.);
#321=COLOUR_RGB('',0.282352941176471,0.282352941176471,0.282352941176471);
#322=FILL_AREA_STYLE_COLOUR('',#321);
#323=FILL_AREA_STYLE($,(#322));
#324=SURFACE_STYLE_FILL_AREA(#323);
#325=SURFACE_SIDE_STYLE('',(#324));
#326=SURFACE_STYLE_USAGE(.BOTH.,#325);
#327=PRESENTATION_STYLE_ASSIGNMENT((#326));
#328=STYLED_ITEM('',(#327),#320);
#329=ADVANCED_FACE('',(#1525),#1527,.T.);
#330=COLOUR_RGB('',0.282352941176471,0.282352941176471,0.282352941176471);
#331=FILL_AREA_STYLE_COLOUR('',#330);
#332=FILL_AREA_STYLE($,(#331));
#333=SURFACE_STYLE_FILL_AREA(#332);
#334=SURFACE_SIDE_STYLE('',(#333));
#335=SURFACE_STYLE_USAGE(.BOTH.,#334);
#336=PRESENTATION_STYLE_ASSIGNMENT((#335));
#337=STYLED_ITEM('',(#336),#329);
#338=ADVANCED_FACE('',(#1532),#1534,.F.);
#339=COLOUR_RGB('',0.282352941176471,0.282352941176471,0.282352941176471);
#340=FILL_AREA_STYLE_COLOUR('',#339);
#341=FILL_AREA_STYLE($,(#340));
#342=SURFACE_STYLE_FILL_AREA(#341);
#343=SURFACE_SIDE_STYLE('',(#342));
#344=SURFACE_STYLE_USAGE(.BOTH.,#343);
#345=PRESENTATION_STYLE_ASSIGNMENT((#344));
#346=STYLED_ITEM('',(#345),#338);
#347=ADVANCED_FACE('',(#1539),#1541,.T.);
#348=COLOUR_RGB('',0.282352941176471,0.282352941176471,0.282352941176471);
#349=FILL_AREA_STYLE_COLOUR('',#348);
#350=FILL_AREA_STYLE($,(#349));
#351=SURFACE_STYLE_FILL_AREA(#350);
#352=SURFACE_SIDE_STYLE('',(#351));
#353=SURFACE_STYLE_USAGE(.BOTH.,#352);
#354=PRESENTATION_STYLE_ASSIGNMENT((#353));
#355=STYLED_ITEM('',(#354),#347);
#356=ADVANCED_FACE('',(#1546),#1548,.F.);
#357=COLOUR_RGB('',0.282352941176471,0.282352941176471,0.282352941176471);
#358=FILL_AREA_STYLE_COLOUR('',#357);
#359=FILL_AREA_STYLE($,(#358));
#360=SURFACE_STYLE_FILL_AREA(#359);
#361=SURFACE_SIDE_STYLE('',(#360));
#362=SURFACE_STYLE_USAGE(.BOTH.,#361);
#363=PRESENTATION_STYLE_ASSIGNMENT((#362));
#364=STYLED_ITEM('',(#363),#356);
#365=ADVANCED_FACE('',(#1553,#1555,#1557,#1559),#1561,.T.);
#366=COLOUR_RGB('',0.282352941176471,0.282352941176471,0.282352941176471);
#367=FILL_AREA_STYLE_COLOUR('',#366);
#368=FILL_AREA_STYLE($,(#367));
#369=SURFACE_STYLE_FILL_AREA(#368);
#370=SURFACE_SIDE_STYLE('',(#369));
#371=SURFACE_STYLE_USAGE(.BOTH.,#370);
#372=PRESENTATION_STYLE_ASSIGNMENT((#371));
#373=STYLED_ITEM('',(#372),#365);
#374=ADVANCED_FACE('',(#1566),#1568,.T.);
#375=COLOUR_RGB('',0.282352941176471,0.282352941176471,0.282352941176471);
#376=FILL_AREA_STYLE_COLOUR('',#375);
#377=FILL_AREA_STYLE($,(#376));
#378=SURFACE_STYLE_FILL_AREA(#377);
#379=SURFACE_SIDE_STYLE('',(#378));
#380=SURFACE_STYLE_USAGE(.BOTH.,#379);
#381=PRESENTATION_STYLE_ASSIGNMENT((#380));
#382=STYLED_ITEM('',(#381),#374);
#383=ADVANCED_FACE('',(#1573),#1575,.F.);
#384=COLOUR_RGB('',0.282352941176471,0.282352941176471,0.282352941176471);
#385=FILL_AREA_STYLE_COLOUR('',#384);
#386=FILL_AREA_STYLE($,(#385));
#387=SURFACE_STYLE_FILL_AREA(#386);
#388=SURFACE_SIDE_STYLE('',(#387));
#389=SURFACE_STYLE_USAGE(.BOTH.,#388);
#390=PRESENTATION_STYLE_ASSIGNMENT((#389));
#391=STYLED_ITEM('',(#390),#383);
#392=ADVANCED_FACE('',(#1580),#1582,.T.);
#393=COLOUR_RGB('',0.282352941176471,0.282352941176471,0.282352941176471);
#394=FILL_AREA_STYLE_COLOUR('',#393);
#395=FILL_AREA_STYLE($,(#394));
#396=SURFACE_STYLE_FILL_AREA(#395);
#397=SURFACE_SIDE_STYLE('',(#396));
#398=SURFACE_STYLE_USAGE(.BOTH.,#397);
#399=PRESENTATION_STYLE_ASSIGNMENT((#398));
#400=STYLED_ITEM('',(#399),#392);
#401=ADVANCED_FACE('',(#1587),#1589,.F.);
#402=COLOUR_RGB('',0.282352941176471,0.282352941176471,0.282352941176471);
#403=FILL_AREA_STYLE_COLOUR('',#402);
#404=FILL_AREA_STYLE($,(#403));
#405=SURFACE_STYLE_FILL_AREA(#404);
#406=SURFACE_SIDE_STYLE('',(#405));
#407=SURFACE_STYLE_USAGE(.BOTH.,#406);
#408=PRESENTATION_STYLE_ASSIGNMENT((#407));
#409=STYLED_ITEM('',(#408),#401);
#410=ADVANCED_FACE('',(#1594),#1596,.T.);
#411=COLOUR_RGB('',0.282352941176471,0.282352941176471,0.282352941176471);
#412=FILL_AREA_STYLE_COLOUR('',#411);
#413=FILL_AREA_STYLE($,(#412));
#414=SURFACE_STYLE_FILL_AREA(#413);
#415=SURFACE_SIDE_STYLE('',(#414));
#416=SURFACE_STYLE_USAGE(.BOTH.,#415);
#417=PRESENTATION_STYLE_ASSIGNMENT((#416));
#418=STYLED_ITEM('',(#417),#410);
#419=ADVANCED_FACE('',(#1601),#1603,.F.);
#420=COLOUR_RGB('',0.282352941176471,0.282352941176471,0.282352941176471);
#421=FILL_AREA_STYLE_COLOUR('',#420);
#422=FILL_AREA_STYLE($,(#421));
#423=SURFACE_STYLE_FILL_AREA(#422);
#424=SURFACE_SIDE_STYLE('',(#423));
#425=SURFACE_STYLE_USAGE(.BOTH.,#424);
#426=PRESENTATION_STYLE_ASSIGNMENT((#425));
#427=STYLED_ITEM('',(#426),#419);
#428=ADVANCED_FACE('',(#1608),#1610,.T.);
#429=COLOUR_RGB('',0.282352941176471,0.282352941176471,0.282352941176471);
#430=FILL_AREA_STYLE_COLOUR('',#429);
#431=FILL_AREA_STYLE($,(#430));
#432=SURFACE_STYLE_FILL_AREA(#431);
#433=SURFACE_SIDE_STYLE('',(#432));
#434=SURFACE_STYLE_USAGE(.BOTH.,#433);
#435=PRESENTATION_STYLE_ASSIGNMENT((#434));
#436=STYLED_ITEM('',(#435),#428);
#437=ADVANCED_FACE('',(#1615),#1617,.F.);
#438=COLOUR_RGB('',0.282352941176471,0.282352941176471,0.282352941176471);
#439=FILL_AREA_STYLE_COLOUR('',#438);
#440=FILL_AREA_STYLE($,(#439));
#441=SURFACE_STYLE_FILL_AREA(#440);
#442=SURFACE_SIDE_STYLE('',(#441));
#443=SURFACE_STYLE_USAGE(.BOTH.,#442);
#444=PRESENTATION_STYLE_ASSIGNMENT((#443));
#445=STYLED_ITEM('',(#444),#437);
#446=ADVANCED_FACE('',(#1622),#1624,.T.);
#447=COLOUR_RGB('',0.282352941176471,0.282352941176471,0.282352941176471);
#448=FILL_AREA_STYLE_COLOUR('',#447);
#449=FILL_AREA_STYLE($,(#448));
#450=SURFACE_STYLE_FILL_AREA(#449);
#451=SURFACE_SIDE_STYLE('',(#450));
#452=SURFACE_STYLE_USAGE(.BOTH.,#451);
#453=PRESENTATION_STYLE_ASSIGNMENT((#452));
#454=STYLED_ITEM('',(#453),#446);
#455=ADVANCED_FACE('',(#1629),#1631,.F.);
#456=COLOUR_RGB('',0.282352941176471,0.282352941176471,0.282352941176471);
#457=FILL_AREA_STYLE_COLOUR('',#456);
#458=FILL_AREA_STYLE($,(#457));
#459=SURFACE_STYLE_FILL_AREA(#458);
#460=SURFACE_SIDE_STYLE('',(#459));
#461=SURFACE_STYLE_USAGE(.BOTH.,#460);
#462=PRESENTATION_STYLE_ASSIGNMENT((#461));
#463=STYLED_ITEM('',(#462),#455);
#464=ADVANCED_FACE('',(#1636),#1638,.T.);
#465=COLOUR_RGB('',0.282352941176471,0.282352941176471,0.282352941176471);
#466=FILL_AREA_STYLE_COLOUR('',#465);
#467=FILL_AREA_STYLE($,(#466));
#468=SURFACE_STYLE_FILL_AREA(#467);
#469=SURFACE_SIDE_STYLE('',(#468));
#470=SURFACE_STYLE_USAGE(.BOTH.,#469);
#471=PRESENTATION_STYLE_ASSIGNMENT((#470));
#472=STYLED_ITEM('',(#471),#464);
#473=ADVANCED_FACE('',(#1643),#1645,.F.);
#474=COLOUR_RGB('',0.282352941176471,0.282352941176471,0.282352941176471);
#475=FILL_AREA_STYLE_COLOUR('',#474);
#476=FILL_AREA_STYLE($,(#475));
#477=SURFACE_STYLE_FILL_AREA(#476);
#478=SURFACE_SIDE_STYLE('',(#477));
#479=SURFACE_STYLE_USAGE(.BOTH.,#478);
#480=PRESENTATION_STYLE_ASSIGNMENT((#479));
#481=STYLED_ITEM('',(#480),#473);
#482=ADVANCED_FACE('',(#1650),#1652,.T.);
#483=COLOUR_RGB('',0.282352941176471,0.282352941176471,0.282352941176471);
#484=FILL_AREA_STYLE_COLOUR('',#483);
#485=FILL_AREA_STYLE($,(#484));
#486=SURFACE_STYLE_FILL_AREA(#485);
#487=SURFACE_SIDE_STYLE('',(#486));
#488=SURFACE_STYLE_USAGE(.BOTH.,#487);
#489=PRESENTATION_STYLE_ASSIGNMENT((#488));
#490=STYLED_ITEM('',(#489),#482);
#491=ADVANCED_FACE('',(#1711),#1713,.F.);
#492=COLOUR_RGB('',0.282352941176471,0.282352941176471,0.282352941176471);
#493=FILL_AREA_STYLE_COLOUR('',#492);
#494=FILL_AREA_STYLE($,(#493));
#495=SURFACE_STYLE_FILL_AREA(#494);
#496=SURFACE_SIDE_STYLE('',(#495));
#497=SURFACE_STYLE_USAGE(.BOTH.,#496);
#498=PRESENTATION_STYLE_ASSIGNMENT((#497));
#499=STYLED_ITEM('',(#498),#491);
#500=ADVANCED_FACE('',(#1718),#1720,.F.);
#501=COLOUR_RGB('',0.282352941176471,0.282352941176471,0.282352941176471);
#502=FILL_AREA_STYLE_COLOUR('',#501);
#503=FILL_AREA_STYLE($,(#502));
#504=SURFACE_STYLE_FILL_AREA(#503);
#505=SURFACE_SIDE_STYLE('',(#504));
#506=SURFACE_STYLE_USAGE(.BOTH.,#505);
#507=PRESENTATION_STYLE_ASSIGNMENT((#506));
#508=STYLED_ITEM('',(#507),#500);
#509=ADVANCED_FACE('',(#1725),#1727,.F.);
#510=COLOUR_RGB('',0.282352941176471,0.282352941176471,0.282352941176471);
#511=FILL_AREA_STYLE_COLOUR('',#510);
#512=FILL_AREA_STYLE($,(#511));
#513=SURFACE_STYLE_FILL_AREA(#512);
#514=SURFACE_SIDE_STYLE('',(#513));
#515=SURFACE_STYLE_USAGE(.BOTH.,#514);
#516=PRESENTATION_STYLE_ASSIGNMENT((#515));
#517=STYLED_ITEM('',(#516),#509);
#518=ADVANCED_FACE('',(#1732),#1734,.F.);
#519=COLOUR_RGB('',0.282352941176471,0.282352941176471,0.282352941176471);
#520=FILL_AREA_STYLE_COLOUR('',#519);
#521=FILL_AREA_STYLE($,(#520));
#522=SURFACE_STYLE_FILL_AREA(#521);
#523=SURFACE_SIDE_STYLE('',(#522));
#524=SURFACE_STYLE_USAGE(.BOTH.,#523);
#525=PRESENTATION_STYLE_ASSIGNMENT((#524));
#526=STYLED_ITEM('',(#525),#518);
#527=ADVANCED_FACE('',(#1739),#1741,.F.);
#528=COLOUR_RGB('',0.282352941176471,0.282352941176471,0.282352941176471);
#529=FILL_AREA_STYLE_COLOUR('',#528);
#530=FILL_AREA_STYLE($,(#529));
#531=SURFACE_STYLE_FILL_AREA(#530);
#532=SURFACE_SIDE_STYLE('',(#531));
#533=SURFACE_STYLE_USAGE(.BOTH.,#532);
#534=PRESENTATION_STYLE_ASSIGNMENT((#533));
#535=STYLED_ITEM('',(#534),#527);
#536=ADVANCED_FACE('',(#1746),#1748,.F.);
#537=COLOUR_RGB('',0.282352941176471,0.282352941176471,0.282352941176471);
#538=FILL_AREA_STYLE_COLOUR('',#537);
#539=FILL_AREA_STYLE($,(#538));
#540=SURFACE_STYLE_FILL_AREA(#539);
#541=SURFACE_SIDE_STYLE('',(#540));
#542=SURFACE_STYLE_USAGE(.BOTH.,#541);
#543=PRESENTATION_STYLE_ASSIGNMENT((#542));
#544=STYLED_ITEM('',(#543),#536);
#545=ADVANCED_FACE('',(#1753),#1755,.F.);
#546=COLOUR_RGB('',0.282352941176471,0.282352941176471,0.282352941176471);
#547=FILL_AREA_STYLE_COLOUR('',#546);
#548=FILL_AREA_STYLE($,(#547));
#549=SURFACE_STYLE_FILL_AREA(#548);
#550=SURFACE_SIDE_STYLE('',(#549));
#551=SURFACE_STYLE_USAGE(.BOTH.,#550);
#552=PRESENTATION_STYLE_ASSIGNMENT((#551));
#553=STYLED_ITEM('',(#552),#545);
#554=ADVANCED_FACE('',(#1760),#1762,.F.);
#555=COLOUR_RGB('',0.282352941176471,0.282352941176471,0.282352941176471);
#556=FILL_AREA_STYLE_COLOUR('',#555);
#557=FILL_AREA_STYLE($,(#556));
#558=SURFACE_STYLE_FILL_AREA(#557);
#559=SURFACE_SIDE_STYLE('',(#558));
#560=SURFACE_STYLE_USAGE(.BOTH.,#559);
#561=PRESENTATION_STYLE_ASSIGNMENT((#560));
#562=STYLED_ITEM('',(#561),#554);
#563=ADVANCED_FACE('',(#1767),#1769,.F.);
#564=COLOUR_RGB('',0.282352941176471,0.282352941176471,0.282352941176471);
#565=FILL_AREA_STYLE_COLOUR('',#564);
#566=FILL_AREA_STYLE($,(#565));
#567=SURFACE_STYLE_FILL_AREA(#566);
#568=SURFACE_SIDE_STYLE('',(#567));
#569=SURFACE_STYLE_USAGE(.BOTH.,#568);
#570=PRESENTATION_STYLE_ASSIGNMENT((#569));
#571=STYLED_ITEM('',(#570),#563);
#572=ADVANCED_FACE('',(#1774),#1776,.F.);
#573=COLOUR_RGB('',0.282352941176471,0.282352941176471,0.282352941176471);
#574=FILL_AREA_STYLE_COLOUR('',#573);
#575=FILL_AREA_STYLE($,(#574));
#576=SURFACE_STYLE_FILL_AREA(#575);
#577=SURFACE_SIDE_STYLE('',(#576));
#578=SURFACE_STYLE_USAGE(.BOTH.,#577);
#579=PRESENTATION_STYLE_ASSIGNMENT((#578));
#580=STYLED_ITEM('',(#579),#572);
#581=ADVANCED_FACE('',(#1781),#1783,.F.);
#582=COLOUR_RGB('',0.282352941176471,0.282352941176471,0.282352941176471);
#583=FILL_AREA_STYLE_COLOUR('',#582);
#584=FILL_AREA_STYLE($,(#583));
#585=SURFACE_STYLE_FILL_AREA(#584);
#586=SURFACE_SIDE_STYLE('',(#585));
#587=SURFACE_STYLE_USAGE(.BOTH.,#586);
#588=PRESENTATION_STYLE_ASSIGNMENT((#587));
#589=STYLED_ITEM('',(#588),#581);
#590=ADVANCED_FACE('',(#1788),#1790,.T.);
#591=COLOUR_RGB('',0.282352941176471,0.282352941176471,0.282352941176471);
#592=FILL_AREA_STYLE_COLOUR('',#591);
#593=FILL_AREA_STYLE($,(#592));
#594=SURFACE_STYLE_FILL_AREA(#593);
#595=SURFACE_SIDE_STYLE('',(#594));
#596=SURFACE_STYLE_USAGE(.BOTH.,#595);
#597=PRESENTATION_STYLE_ASSIGNMENT((#596));
#598=STYLED_ITEM('',(#597),#590);
#599=ADVANCED_FACE('',(#1907),#1909,.T.);
#600=COLOUR_RGB('',0.282352941176471,0.282352941176471,0.282352941176471);
#601=FILL_AREA_STYLE_COLOUR('',#600);
#602=FILL_AREA_STYLE($,(#601));
#603=SURFACE_STYLE_FILL_AREA(#602);
#604=SURFACE_SIDE_STYLE('',(#603));
#605=SURFACE_STYLE_USAGE(.BOTH.,#604);
#606=PRESENTATION_STYLE_ASSIGNMENT((#605));
#607=STYLED_ITEM('',(#606),#599);
#608=ADVANCED_FACE('',(#1968),#1970,.T.);
#609=COLOUR_RGB('',0.282352941176471,0.282352941176471,0.282352941176471);
#610=FILL_AREA_STYLE_COLOUR('',#609);
#611=FILL_AREA_STYLE($,(#610));
#612=SURFACE_STYLE_FILL_AREA(#611);
#613=SURFACE_SIDE_STYLE('',(#612));
#614=SURFACE_STYLE_USAGE(.BOTH.,#613);
#615=PRESENTATION_STYLE_ASSIGNMENT((#614));
#616=STYLED_ITEM('',(#615),#608);
#617=ADVANCED_FACE('',(#2029),#2031,.T.);
#618=COLOUR_RGB('',0.282352941176471,0.282352941176471,0.282352941176471);
#619=FILL_AREA_STYLE_COLOUR('',#618);
#620=FILL_AREA_STYLE($,(#619));
#621=SURFACE_STYLE_FILL_AREA(#620);
#622=SURFACE_SIDE_STYLE('',(#621));
#623=SURFACE_STYLE_USAGE(.BOTH.,#622);
#624=PRESENTATION_STYLE_ASSIGNMENT((#623));
#625=STYLED_ITEM('',(#624),#617);
#626=ADVANCED_FACE('',(#2090),#2092,.T.);
#627=COLOUR_RGB('',0.282352941176471,0.282352941176471,0.282352941176471);
#628=FILL_AREA_STYLE_COLOUR('',#627);
#629=FILL_AREA_STYLE($,(#628));
#630=SURFACE_STYLE_FILL_AREA(#629);
#631=SURFACE_SIDE_STYLE('',(#630));
#632=SURFACE_STYLE_USAGE(.BOTH.,#631);
#633=PRESENTATION_STYLE_ASSIGNMENT((#632));
#634=STYLED_ITEM('',(#633),#626);
#635=ADVANCED_FACE('',(#2209),#2211,.T.);
#636=COLOUR_RGB('',0.282352941176471,0.282352941176471,0.282352941176471);
#637=FILL_AREA_STYLE_COLOUR('',#636);
#638=FILL_AREA_STYLE($,(#637));
#639=SURFACE_STYLE_FILL_AREA(#638);
#640=SURFACE_SIDE_STYLE('',(#639));
#641=SURFACE_STYLE_USAGE(.BOTH.,#640);
#642=PRESENTATION_STYLE_ASSIGNMENT((#641));
#643=STYLED_ITEM('',(#642),#635);
#644=ADVANCED_FACE('',(#2270),#2272,.T.);
#645=COLOUR_RGB('',0.282352941176471,0.282352941176471,0.282352941176471);
#646=FILL_AREA_STYLE_COLOUR('',#645);
#647=FILL_AREA_STYLE($,(#646));
#648=SURFACE_STYLE_FILL_AREA(#647);
#649=SURFACE_SIDE_STYLE('',(#648));
#650=SURFACE_STYLE_USAGE(.BOTH.,#649);
#651=PRESENTATION_STYLE_ASSIGNMENT((#650));
#652=STYLED_ITEM('',(#651),#644);
#653=ADVANCED_FACE('',(#2331),#2333,.T.);
#654=COLOUR_RGB('',0.282352941176471,0.282352941176471,0.282352941176471);
#655=FILL_AREA_STYLE_COLOUR('',#654);
#656=FILL_AREA_STYLE($,(#655));
#657=SURFACE_STYLE_FILL_AREA(#656);
#658=SURFACE_SIDE_STYLE('',(#657));
#659=SURFACE_STYLE_USAGE(.BOTH.,#658);
#660=PRESENTATION_STYLE_ASSIGNMENT((#659));
#661=STYLED_ITEM('',(#660),#653);
#662=ADVANCED_FACE('',(#2450),#2452,.T.);
#663=COLOUR_RGB('',0.282352941176471,0.282352941176471,0.282352941176471);
#664=FILL_AREA_STYLE_COLOUR('',#663);
#665=FILL_AREA_STYLE($,(#664));
#666=SURFACE_STYLE_FILL_AREA(#665);
#667=SURFACE_SIDE_STYLE('',(#666));
#668=SURFACE_STYLE_USAGE(.BOTH.,#667);
#669=PRESENTATION_STYLE_ASSIGNMENT((#668));
#670=STYLED_ITEM('',(#669),#662);
#671=ADVANCED_FACE('',(#2511),#2513,.T.);
#672=COLOUR_RGB('',0.282352941176471,0.282352941176471,0.282352941176471);
#673=FILL_AREA_STYLE_COLOUR('',#672);
#674=FILL_AREA_STYLE($,(#673));
#675=SURFACE_STYLE_FILL_AREA(#674);
#676=SURFACE_SIDE_STYLE('',(#675));
#677=SURFACE_STYLE_USAGE(.BOTH.,#676);
#678=PRESENTATION_STYLE_ASSIGNMENT((#677));
#679=STYLED_ITEM('',(#678),#671);
#680=ADVANCED_FACE('',(#2572),#2574,.T.);
#681=COLOUR_RGB('',0.282352941176471,0.282352941176471,0.282352941176471);
#682=FILL_AREA_STYLE_COLOUR('',#681);
#683=FILL_AREA_STYLE($,(#682));
#684=SURFACE_STYLE_FILL_AREA(#683);
#685=SURFACE_SIDE_STYLE('',(#684));
#686=SURFACE_STYLE_USAGE(.BOTH.,#685);
#687=PRESENTATION_STYLE_ASSIGNMENT((#686));
#688=STYLED_ITEM('',(#687),#680);
#689=ADVANCED_FACE('',(#2691),#2693,.T.);
#690=COLOUR_RGB('',0.282352941176471,0.282352941176471,0.282352941176471);
#691=FILL_AREA_STYLE_COLOUR('',#690);
#692=FILL_AREA_STYLE($,(#691));
#693=SURFACE_STYLE_FILL_AREA(#692);
#694=SURFACE_SIDE_STYLE('',(#693));
#695=SURFACE_STYLE_USAGE(.BOTH.,#694);
#696=PRESENTATION_STYLE_ASSIGNMENT((#695));
#697=STYLED_ITEM('',(#696),#689);
#698=ADVANCED_FACE('',(#2752),#2754,.T.);
#699=COLOUR_RGB('',0.282352941176471,0.282352941176471,0.282352941176471);
#700=FILL_AREA_STYLE_COLOUR('',#699);
#701=FILL_AREA_STYLE($,(#700));
#702=SURFACE_STYLE_FILL_AREA(#701);
#703=SURFACE_SIDE_STYLE('',(#702));
#704=SURFACE_STYLE_USAGE(.BOTH.,#703);
#705=PRESENTATION_STYLE_ASSIGNMENT((#704));
#706=STYLED_ITEM('',(#705),#698);
#707=ADVANCED_FACE('',(#2813),#2815,.T.);
#708=COLOUR_RGB('',0.282352941176471,0.282352941176471,0.282352941176471);
#709=FILL_AREA_STYLE_COLOUR('',#708);
#710=FILL_AREA_STYLE($,(#709));
#711=SURFACE_STYLE_FILL_AREA(#710);
#712=SURFACE_SIDE_STYLE('',(#711));
#713=SURFACE_STYLE_USAGE(.BOTH.,#712);
#714=PRESENTATION_STYLE_ASSIGNMENT((#713));
#715=STYLED_ITEM('',(#714),#707);
#716=ADVANCED_FACE('',(#2932),#2934,.T.);
#717=COLOUR_RGB('',0.282352941176471,0.282352941176471,0.282352941176471);
#718=FILL_AREA_STYLE_COLOUR('',#717);
#719=FILL_AREA_STYLE($,(#718));
#720=SURFACE_STYLE_FILL_AREA(#719);
#721=SURFACE_SIDE_STYLE('',(#720));
#722=SURFACE_STYLE_USAGE(.BOTH.,#721);
#723=PRESENTATION_STYLE_ASSIGNMENT((#722));
#724=STYLED_ITEM('',(#723),#716);
#725=ADVANCED_FACE('',(#2967),#2969,.T.);
#726=COLOUR_RGB('',0.282352941176471,0.282352941176471,0.282352941176471);
#727=FILL_AREA_STYLE_COLOUR('',#726);
#728=FILL_AREA_STYLE($,(#727));
#729=SURFACE_STYLE_FILL_AREA(#728);
#730=SURFACE_SIDE_STYLE('',(#729));
#731=SURFACE_STYLE_USAGE(.BOTH.,#730);
#732=PRESENTATION_STYLE_ASSIGNMENT((#731));
#733=STYLED_ITEM('',(#732),#725);
#734=ADVANCED_FACE('',(#2974),#2976,.T.);
#735=COLOUR_RGB('',0.282352941176471,0.282352941176471,0.282352941176471);
#736=FILL_AREA_STYLE_COLOUR('',#735);
#737=FILL_AREA_STYLE($,(#736));
#738=SURFACE_STYLE_FILL_AREA(#737);
#739=SURFACE_SIDE_STYLE('',(#738));
#740=SURFACE_STYLE_USAGE(.BOTH.,#739);
#741=PRESENTATION_STYLE_ASSIGNMENT((#740));
#742=STYLED_ITEM('',(#741),#734);
#743=ADVANCED_FACE('',(#3009),#3011,.T.);
#744=COLOUR_RGB('',0.282352941176471,0.282352941176471,0.282352941176471);
#745=FILL_AREA_STYLE_COLOUR('',#744);
#746=FILL_AREA_STYLE($,(#745));
#747=SURFACE_STYLE_FILL_AREA(#746);
#748=SURFACE_SIDE_STYLE('',(#747));
#749=SURFACE_STYLE_USAGE(.BOTH.,#748);
#750=PRESENTATION_STYLE_ASSIGNMENT((#749));
#751=STYLED_ITEM('',(#750),#743);
#752=ADVANCED_FACE('',(#3076,#3078),#3080,.F.);
#753=COLOUR_RGB('',0.282352941176471,0.282352941176471,0.282352941176471);
#754=FILL_AREA_STYLE_COLOUR('',#753);
#755=FILL_AREA_STYLE($,(#754));
#756=SURFACE_STYLE_FILL_AREA(#755);
#757=SURFACE_SIDE_STYLE('',(#756));
#758=SURFACE_STYLE_USAGE(.BOTH.,#757);
#759=PRESENTATION_STYLE_ASSIGNMENT((#758));
#760=STYLED_ITEM('',(#759),#752);
#761=ADVANCED_FACE('',(#3085),#3087,.T.);
#762=ADVANCED_FACE('',(#3092,#3094),#3096,.T.);
#763=ADVANCED_FACE('',(#3101),#3103,.T.);
#764=ADVANCED_FACE('',(#3108,#3110),#3112,.T.);
#765=ADVANCED_FACE('',(#3117,#3119),#3121,.T.);
#766=ADVANCED_FACE('',(#3126),#3128,.T.);
#767=ADVANCED_FACE('',(#3133,#3135),#3137,.T.);
#768=ADVANCED_FACE('',(#3142),#3144,.T.);
#769=ADVANCED_FACE('',(#3149),#3151,.T.);
#770=COLOUR_RGB('',0.282352941176471,0.282352941176471,0.282352941176471);
#771=FILL_AREA_STYLE_COLOUR('',#770);
#772=FILL_AREA_STYLE($,(#771));
#773=SURFACE_STYLE_FILL_AREA(#772);
#774=SURFACE_SIDE_STYLE('',(#773));
#775=SURFACE_STYLE_USAGE(.BOTH.,#774);
#776=PRESENTATION_STYLE_ASSIGNMENT((#775));
#777=STYLED_ITEM('',(#776),#769);
#778=ADVANCED_FACE('',(#3210),#3212,.T.);
#779=COLOUR_RGB('',0.282352941176471,0.282352941176471,0.282352941176471);
#780=FILL_AREA_STYLE_COLOUR('',#779);
#781=FILL_AREA_STYLE($,(#780));
#782=SURFACE_STYLE_FILL_AREA(#781);
#783=SURFACE_SIDE_STYLE('',(#782));
#784=SURFACE_STYLE_USAGE(.BOTH.,#783);
#785=PRESENTATION_STYLE_ASSIGNMENT((#784));
#786=STYLED_ITEM('',(#785),#778);
#787=ADVANCED_FACE('',(#3329),#3331,.T.);
#788=COLOUR_RGB('',0.282352941176471,0.282352941176471,0.282352941176471);
#789=FILL_AREA_STYLE_COLOUR('',#788);
#790=FILL_AREA_STYLE($,(#789));
#791=SURFACE_STYLE_FILL_AREA(#790);
#792=SURFACE_SIDE_STYLE('',(#791));
#793=SURFACE_STYLE_USAGE(.BOTH.,#792);
#794=PRESENTATION_STYLE_ASSIGNMENT((#793));
#795=STYLED_ITEM('',(#794),#787);
#796=ADVANCED_FACE('',(#3390),#3392,.T.);
#797=COLOUR_RGB('',0.282352941176471,0.282352941176471,0.282352941176471);
#798=FILL_AREA_STYLE_COLOUR('',#797);
#799=FILL_AREA_STYLE($,(#798));
#800=SURFACE_STYLE_FILL_AREA(#799);
#801=SURFACE_SIDE_STYLE('',(#800));
#802=SURFACE_STYLE_USAGE(.BOTH.,#801);
#803=PRESENTATION_STYLE_ASSIGNMENT((#802));
#804=STYLED_ITEM('',(#803),#796);
#805=ADVANCED_FACE('',(#3451),#3453,.T.);
#806=COLOUR_RGB('',0.282352941176471,0.282352941176471,0.282352941176471);
#807=FILL_AREA_STYLE_COLOUR('',#806);
#808=FILL_AREA_STYLE($,(#807));
#809=SURFACE_STYLE_FILL_AREA(#808);
#810=SURFACE_SIDE_STYLE('',(#809));
#811=SURFACE_STYLE_USAGE(.BOTH.,#810);
#812=PRESENTATION_STYLE_ASSIGNMENT((#811));
#813=STYLED_ITEM('',(#812),#805);
#814=ADVANCED_FACE('',(#3570),#3572,.T.);
#815=COLOUR_RGB('',0.282352941176471,0.282352941176471,0.282352941176471);
#816=FILL_AREA_STYLE_COLOUR('',#815);
#817=FILL_AREA_STYLE($,(#816));
#818=SURFACE_STYLE_FILL_AREA(#817);
#819=SURFACE_SIDE_STYLE('',(#818));
#820=SURFACE_STYLE_USAGE(.BOTH.,#819);
#821=PRESENTATION_STYLE_ASSIGNMENT((#820));
#822=STYLED_ITEM('',(#821),#814);
#823=ADVANCED_FACE('',(#3631),#3633,.T.);
#824=COLOUR_RGB('',0.282352941176471,0.282352941176471,0.282352941176471);
#825=FILL_AREA_STYLE_COLOUR('',#824);
#826=FILL_AREA_STYLE($,(#825));
#827=SURFACE_STYLE_FILL_AREA(#826);
#828=SURFACE_SIDE_STYLE('',(#827));
#829=SURFACE_STYLE_USAGE(.BOTH.,#828);
#830=PRESENTATION_STYLE_ASSIGNMENT((#829));
#831=STYLED_ITEM('',(#830),#823);
#832=ADVANCED_FACE('',(#3692),#3694,.T.);
#833=COLOUR_RGB('',0.282352941176471,0.282352941176471,0.282352941176471);
#834=FILL_AREA_STYLE_COLOUR('',#833);
#835=FILL_AREA_STYLE($,(#834));
#836=SURFACE_STYLE_FILL_AREA(#835);
#837=SURFACE_SIDE_STYLE('',(#836));
#838=SURFACE_STYLE_USAGE(.BOTH.,#837);
#839=PRESENTATION_STYLE_ASSIGNMENT((#838));
#840=STYLED_ITEM('',(#839),#832);
#841=ADVANCED_FACE('',(#3811),#3813,.T.);
#842=COLOUR_RGB('',0.282352941176471,0.282352941176471,0.282352941176471);
#843=FILL_AREA_STYLE_COLOUR('',#842);
#844=FILL_AREA_STYLE($,(#843));
#845=SURFACE_STYLE_FILL_AREA(#844);
#846=SURFACE_SIDE_STYLE('',(#845));
#847=SURFACE_STYLE_USAGE(.BOTH.,#846);
#848=PRESENTATION_STYLE_ASSIGNMENT((#847));
#849=STYLED_ITEM('',(#848),#841);
#850=ADVANCED_FACE('',(#3872),#3874,.T.);
#851=COLOUR_RGB('',0.282352941176471,0.282352941176471,0.282352941176471);
#852=FILL_AREA_STYLE_COLOUR('',#851);
#853=FILL_AREA_STYLE($,(#852));
#854=SURFACE_STYLE_FILL_AREA(#853);
#855=SURFACE_SIDE_STYLE('',(#854));
#856=SURFACE_STYLE_USAGE(.BOTH.,#855);
#857=PRESENTATION_STYLE_ASSIGNMENT((#856));
#858=STYLED_ITEM('',(#857),#850);
#859=ADVANCED_FACE('',(#3933),#3935,.T.);
#860=COLOUR_RGB('',0.282352941176471,0.282352941176471,0.282352941176471);
#861=FILL_AREA_STYLE_COLOUR('',#860);
#862=FILL_AREA_STYLE($,(#861));
#863=SURFACE_STYLE_FILL_AREA(#862);
#864=SURFACE_SIDE_STYLE('',(#863));
#865=SURFACE_STYLE_USAGE(.BOTH.,#864);
#866=PRESENTATION_STYLE_ASSIGNMENT((#865));
#867=STYLED_ITEM('',(#866),#859);
#868=ADVANCED_FACE('',(#4052),#4054,.T.);
#869=COLOUR_RGB('',0.282352941176471,0.282352941176471,0.282352941176471);
#870=FILL_AREA_STYLE_COLOUR('',#869);
#871=FILL_AREA_STYLE($,(#870));
#872=SURFACE_STYLE_FILL_AREA(#871);
#873=SURFACE_SIDE_STYLE('',(#872));
#874=SURFACE_STYLE_USAGE(.BOTH.,#873);
#875=PRESENTATION_STYLE_ASSIGNMENT((#874));
#876=STYLED_ITEM('',(#875),#868);
#877=ADVANCED_FACE('',(#4113),#4115,.T.);
#878=COLOUR_RGB('',0.282352941176471,0.282352941176471,0.282352941176471);
#879=FILL_AREA_STYLE_COLOUR('',#878);
#880=FILL_AREA_STYLE($,(#879));
#881=SURFACE_STYLE_FILL_AREA(#880);
#882=SURFACE_SIDE_STYLE('',(#881));
#883=SURFACE_STYLE_USAGE(.BOTH.,#882);
#884=PRESENTATION_STYLE_ASSIGNMENT((#883));
#885=STYLED_ITEM('',(#884),#877);
#886=ADVANCED_FACE('',(#4174),#4176,.T.);
#887=COLOUR_RGB('',0.282352941176471,0.282352941176471,0.282352941176471);
#888=FILL_AREA_STYLE_COLOUR('',#887);
#889=FILL_AREA_STYLE($,(#888));
#890=SURFACE_STYLE_FILL_AREA(#889);
#891=SURFACE_SIDE_STYLE('',(#890));
#892=SURFACE_STYLE_USAGE(.BOTH.,#891);
#893=PRESENTATION_STYLE_ASSIGNMENT((#892));
#894=STYLED_ITEM('',(#893),#886);
#895=ADVANCED_FACE('',(#4293),#4295,.T.);
#896=COLOUR_RGB('',0.282352941176471,0.282352941176471,0.282352941176471);
#897=FILL_AREA_STYLE_COLOUR('',#896);
#898=FILL_AREA_STYLE($,(#897));
#899=SURFACE_STYLE_FILL_AREA(#898);
#900=SURFACE_SIDE_STYLE('',(#899));
#901=SURFACE_STYLE_USAGE(.BOTH.,#900);
#902=PRESENTATION_STYLE_ASSIGNMENT((#901));
#903=STYLED_ITEM('',(#902),#895);
#904=ADVANCED_FACE('',(#4354),#4356,.T.);
#905=COLOUR_RGB('',0.282352941176471,0.282352941176471,0.282352941176471);
#906=FILL_AREA_STYLE_COLOUR('',#905);
#907=FILL_AREA_STYLE($,(#906));
#908=SURFACE_STYLE_FILL_AREA(#907);
#909=SURFACE_SIDE_STYLE('',(#908));
#910=SURFACE_STYLE_USAGE(.BOTH.,#909);
#911=PRESENTATION_STYLE_ASSIGNMENT((#910));
#912=STYLED_ITEM('',(#911),#904);
#913=ADVANCED_FACE('',(#4415),#4417,.T.);
#914=COLOUR_RGB('',0.282352941176471,0.282352941176471,0.282352941176471);
#915=FILL_AREA_STYLE_COLOUR('',#914);
#916=FILL_AREA_STYLE($,(#915));
#917=SURFACE_STYLE_FILL_AREA(#916);
#918=SURFACE_SIDE_STYLE('',(#917));
#919=SURFACE_STYLE_USAGE(.BOTH.,#918);
#920=PRESENTATION_STYLE_ASSIGNMENT((#919));
#921=STYLED_ITEM('',(#920),#913);
#922=ADVANCED_FACE('',(#4534,#4536),#4538,.T.);
#923=ADVANCED_FACE('',(#4543),#4545,.T.);
#924=ADVANCED_FACE('',(#4550,#4552),#4554,.F.);
#925=ADVANCED_FACE('',(#4559),#4561,.T.);
#926=ADVANCED_FACE('',(#4566,#4568),#4570,.F.);
#927=ADVANCED_FACE('',(#4575,#4577),#4579,.T.);
#928=ADVANCED_FACE('',(#4584),#4586,.F.);
#929=B_SPLINE_CURVE_WITH_KNOTS('',3,
(#4591,#4592,#4593,#4594,#4595,#4596,#4597,#4598,#4599,#4600,#4601,#4602,#4603,#4604,
#4605,#4606,#4607,#4608,#4609,#4610,#4611,#4612,#4613,#4614,#4615,#4616,#4617,#4618,
#4619,#4620,#4621,#4622,#4623,#4624,#4625,#4626,#4627,#4628,#4629,#4630,#4631,#4632,
#4633,#4634,#4635,#4636,#4637,#4638,#4639,#4640,#4641,#4642,#4643,#4644,#4645,#4646,
#4647,#4648,#4649,#4650,#4651,#4652,#4653,#4654,#4655,#4656,#4657,#4658,#4659,#4660,
#4661,#4662,#4663,#4664,#4665,#4666,#4667,#4668,#4669,#4670,#4671,#4672,#4673,#4674,
#4675,#4676,#4677,#4678,#4679,#4680,#4681,#4682,#4683,#4684,#4685,#4686,#4687,#4688,
#4689,#4690,#4691,#4692,#4693,#4694,#4695,#4696,#4697,#4698,#4699,#4700,#4701,#4702,
#4703,#4704,#4705,#4706,#4707,#4708,#4709,#4710,#4711,#4712,#4713,#4714,#4715,#4716,
#4717,#4718,#4719,#4720,#4721,#4722,#4723,#4724,#4725,#4726,#4727,#4728,#4729,#4730,
#4731,#4732,#4733,#4734,#4735,#4736,#4737,#4738,#4739,#4740,#4741,#4742,#4743,#4744,
#4745,#4746,#4747,#4748,#4749,#4750,#4751,#4752,#4753,#4754,#4755,#4756,#4757,#4758,
#4759,#4760,#4761,#4762,#4763,#4764,#4765,#4766,#4767,#4768,#4769,#4770,#4771,#4772,
#4773,#4774,#4775,#4776,#4777,#4778,#4779,#4780,#4781,#4782,#4783,#4784,#4785,#4786,
#4787,#4788,#4789,#4790,#4791,#4792,#4793,#4794,#4795,#4796,#4797,#4798,#4799,#4800,
#4801,#4802,#4803,#4804,#4805,#4806,#4807,#4808,#4809,#4810,#4811,#4812,#4813,#4814,
#4815,#4816,#4817,#4818,#4819,#4820,#4821,#4822,#4823,#4824,#4825,#4826,#4827,#4828,
#4829,#4830,#4831,#4832,#4833,#4834,#4835,#4836,#4837,#4838,#4839,#4840,#4841,#4842,
#4843,#4844,#4845,#4846,#4847,#4848,#4849,#4850,#4851,#4852,#4853,#4854,#4855,#4856,
#4857,#4858,#4859,#4860,#4861,#4862,#4863,#4864,#4865,#4866,#4867,#4868,#4869,#4870,
#4871,#4872,#4873,#4874,#4875,#4876,#4877,#4878,#4879,#4880,#4881,#4882,#4883,#4884,
#4885,#4886,#4887,#4888,#4889,#4890,#4891,#4892,#4893,#4894,#4895),
.UNSPECIFIED.,.F.,.F.,
(4,1,1,1,1,1,1,1,1,1,1,1,1,1,1,1,1,1,1,1,1,1,1,1,1,1,1,1,1,1,1,1,1,1,1,1,1,1,1,1,
1,1,1,1,1,1,1,1,1,1,1,1,1,1,1,1,1,1,1,1,1,1,1,1,1,1,1,1,1,1,1,1,1,1,1,1,1,1,1,1,
1,1,1,1,1,1,1,1,1,1,1,1,1,1,1,1,1,1,1,1,1,1,1,1,1,1,1,1,1,1,1,1,1,1,1,1,1,1,1,1,
1,1,1,1,1,1,1,1,1,1,1,1,1,1,1,1,1,1,1,1,1,1,1,1,1,1,1,1,1,1,1,1,1,1,1,1,1,1,1,1,
1,1,1,1,1,1,1,1,1,1,1,1,1,1,1,1,1,1,1,1,1,1,1,1,1,1,1,1,1,1,1,1,1,1,1,1,1,1,1,1,
1,1,1,1,1,1,1,1,1,1,1,1,1,1,1,1,1,1,1,1,1,1,1,1,1,1,1,1,1,1,1,1,1,1,1,1,1,1,1,1,
1,1,1,1,1,1,1,1,1,1,1,1,1,1,1,1,1,1,1,1,1,1,1,1,1,1,1,1,1,1,1,1,1,1,1,1,1,1,1,1,
1,1,1,1,1,1,1,1,1,1,1,1,1,1,1,1,1,1,1,1,1,1,4),
(0.,0.00331125827814569,0.00662251655629139,0.00993377483443708,0.0132450331125828,
0.0165562913907285,0.0198675496688742,0.0231788079470199,0.0264900662251656,0.0298013245033113,
0.0331125827814569,0.0364238410596026,0.0397350993377483,0.043046357615894,0.0463576158940397,
0.0496688741721854,0.0529801324503311,0.0562913907284768,0.0596026490066225,0.0629139072847682,
0.0662251655629139,0.0695364238410596,0.0728476821192053,0.076158940397351,0.0794701986754967,
0.0827814569536424,0.0860927152317881,0.0894039735099338,0.0927152317880795,0.0960264900662252,
0.0993377483443709,0.102649006622517,0.105960264900662,0.109271523178808,0.112582781456954,
0.115894039735099,0.119205298013245,0.122516556291391,0.125827814569537,0.129139072847682,
0.132450331125828,0.135761589403974,0.139072847682119,0.142384105960265,0.145695364238411,
0.149006622516556,0.152317880794702,0.155629139072848,0.158940397350994,0.162251655629139,
0.165562913907285,0.168874172185431,0.172185430463576,0.175496688741722,0.178807947019868,
0.182119205298013,0.185430463576159,0.188741721854305,0.192052980132451,0.195364238410596,
0.198675496688742,0.201986754966888,0.205298013245033,0.208609271523179,0.211920529801325,
0.21523178807947,0.218543046357616,0.221854304635762,0.225165562913908,0.228476821192053,
0.231788079470199,0.235099337748345,0.23841059602649,0.241721854304636,0.245033112582782,
0.248344370860927,0.251655629139073,0.254966887417219,0.258278145695364,0.26158940397351,
0.264900662251656,0.268211920529802,0.271523178807947,0.274834437086093,0.278145695364239,
0.281456953642384,0.28476821192053,0.288079470198676,0.291390728476822,0.294701986754967,
0.298013245033113,0.301324503311259,0.304635761589404,0.30794701986755,0.311258278145696,
0.314569536423841,0.317880794701987,0.321192052980133,0.324503311258279,0.327814569536424,
0.33112582781457,0.334437086092716,0.337748344370861,0.341059602649007,0.344370860927153,
0.347682119205298,0.350993377483444,0.35430463576159,0.357615894039736,0.360927152317881,
0.364238410596027,0.367549668874173,0.370860927152318,0.374172185430464,0.37748344370861,
0.380794701986755,0.384105960264901,0.387417218543047,0.390728476821192,0.394039735099338,
0.397350993377484,0.40066225165563,0.403973509933775,0.407284768211921,0.410596026490067,
0.413907284768212,0.417218543046358,0.420529801324504,0.423841059602649,0.427152317880795,
0.430463576158941,0.433774834437086,0.437086092715232,0.440397350993378,0.443708609271523,
0.447019867549669,0.450331125827815,0.45364238410596,0.456953642384106,0.460264900662252,
0.463576158940397,0.466887417218543,0.470198675496689,0.473509933774834,0.47682119205298,
0.480132450331126,0.483443708609271,0.486754966887417,0.490066225165563,0.493377483443708,
0.496688741721854,0.5,0.503311258278145,0.506622516556291,0.509933774834436,0.513245033112582,
0.516556291390728,0.519867549668874,0.523178807947019,0.526490066225165,0.52980132450331,
0.533112582781456,0.536423841059602,0.539735099337747,0.543046357615893,0.546357615894039,
0.549668874172184,0.55298013245033,0.556291390728476,0.559602649006621,0.562913907284767,
0.566225165562913,0.569536423841058,0.572847682119204,0.57615894039735,0.579470198675495,
0.582781456953641,0.586092715231787,0.589403973509932,0.592715231788078,0.596026490066223,
0.599337748344369,0.602649006622515,0.60596026490066,0.609271523178806,0.612582781456952,
0.615894039735097,0.619205298013243,0.622516556291389,0.625827814569534,0.62913907284768,
0.632450331125826,0.635761589403971,0.639072847682117,0.642384105960263,0.645695364238408,
0.649006622516554,0.6523178807947,0.655629139072845,0.658940397350991,0.662251655629137,
0.665562913907282,0.668874172185428,0.672185430463573,0.675496688741719,0.678807947019865,
0.68211920529801,0.685430463576156,0.688741721854302,0.692052980132447,0.695364238410593,
0.698675496688739,0.701986754966884,0.70529801324503,0.708609271523176,0.711920529801321,
0.715231788079467,0.718543046357613,0.721854304635758,0.725165562913904,0.72847682119205,
0.731788079470195,0.735099337748341,0.738410596026486,0.741721854304632,0.745033112582778,
0.748344370860924,0.751655629139069,0.754966887417215,0.75827814569536,0.761589403973506,
0.764900662251652,0.768211920529797,0.771523178807943,0.774834437086089,0.778145695364234,
0.78145695364238,0.784768211920526,0.788079470198671,0.791390728476817,0.794701986754963,
0.798013245033108,0.801324503311254,0.8046357615894,0.807947019867545,0.811258278145691,
0.814569536423837,0.817880794701982,0.821192052980128,0.824503311258274,0.827814569536419,
0.831125827814565,0.834437086092711,0.837748344370856,0.841059602649002,0.844370860927148,
0.847682119205293,0.850993377483439,0.854304635761584,0.85761589403973,0.860927152317876,
0.864238410596021,0.867549668874167,0.870860927152313,0.874172185430458,0.877483443708604,
0.88079470198675,0.884105960264895,0.887417218543041,0.890728476821187,0.894039735099332,
0.897350993377478,0.900662251655624,0.903973509933769,0.907284768211915,0.910596026490061,
0.913907284768206,0.917218543046352,0.920529801324498,0.923841059602643,0.927152317880789,
0.930463576158935,0.93377483443708,0.937086092715226,0.940397350993372,0.943708609271517,
0.947019867549663,0.950331125827809,0.953642384105954,0.9569536423841,0.960264900662245,
0.963576158940391,0.966887417218537,0.970198675496682,0.973509933774828,0.976821192052974,
0.980132450331119,0.983443708609265,0.986754966887411,0.990066225165556,0.993377483443702,
0.996688741721848,1.),
.UNSPECIFIED.);
#930=COLOUR_RGB('',0.,0.,1.);
#931=PRESENTATION_STYLE_ASSIGNMENT((#932));
#932=CURVE_STYLE('',#933,POSITIVE_LENGTH_MEASURE(0.1),#930);
#933=PRE_DEFINED_CURVE_FONT('continuous');
#934=STYLED_ITEM('',(#931),#929);
#935=INVISIBILITY((#934));
#936=FACE_BOUND('',#937,.T.);
#937=EDGE_LOOP('',(#4896,#4897,#4898,#4899,#4900,#4901,#4902,#4903));
#938=FACE_OUTER_BOUND('',#939,.T.);
#939=EDGE_LOOP('',(#4904));
#940=CYLINDRICAL_SURFACE('',#941,3.);
#941=AXIS2_PLACEMENT_3D('',#942,#943,#944);
#942=CARTESIAN_POINT('',(0.,-5.,-3.06161699786838E-16));
#943=DIRECTION('',(0.,-1.,-6.12323399573676E-17));
#944=DIRECTION('',(-0.942809041582064,-2.04107799857892E-17,0.333333333333333));
#945=FACE_BOUND('',#946,.T.);
#946=EDGE_LOOP('',(#4905));
#947=FACE_BOUND('',#948,.T.);
#948=EDGE_LOOP('',(#4906));
#949=PLANE('',#950);
#950=AXIS2_PLACEMENT_3D('',#951,#952,#953);
#951=CARTESIAN_POINT('',(0.,-6.,-3.67394039744206E-16));
#952=DIRECTION('',(0.,1.,6.12323399573677E-17));
#953=DIRECTION('',(1.,0.,0.));
#954=FACE_BOUND('',#955,.T.);
#955=EDGE_LOOP('',(#4907,#4908,#4909,#4910));
#956=CYLINDRICAL_SURFACE('',#957,0.25);
#957=AXIS2_PLACEMENT_3D('',#958,#959,#960);
#958=CARTESIAN_POINT('',(1.25,-7.,1.25));
#959=DIRECTION('',(0.,1.,2.22044604925031E-16));
#960=DIRECTION('',(0.,-2.22044604925031E-16,1.));
#961=FACE_BOUND('',#962,.T.);
#962=EDGE_LOOP('',(#4911,#4912,#4913,#4914));
#963=CYLINDRICAL_SURFACE('',#964,0.25);
#964=AXIS2_PLACEMENT_3D('',#965,#966,#967);
#965=CARTESIAN_POINT('',(-1.25,-7.,1.25));
#966=DIRECTION('',(0.,1.,2.22044604925031E-16));
#967=DIRECTION('',(-1.,0.,0.));
#968=FACE_BOUND('',#969,.T.);
#969=EDGE_LOOP('',(#4915,#4916,#4917,#4918));
#970=CYLINDRICAL_SURFACE('',#971,0.25);
#971=AXIS2_PLACEMENT_3D('',#972,#973,#974);
#972=CARTESIAN_POINT('',(-1.25,-7.,-1.25));
#973=DIRECTION('',(0.,1.,1.48029736616688E-16));
#974=DIRECTION('',(0.,1.48029736616688E-16,-1.));
#975=FACE_BOUND('',#976,.T.);
#976=EDGE_LOOP('',(#4919,#4920,#4921,#4922));
#977=CYLINDRICAL_SURFACE('',#978,0.25);
#978=AXIS2_PLACEMENT_3D('',#979,#980,#981);
#979=CARTESIAN_POINT('',(1.25,-7.,-1.25));
#980=DIRECTION('',(0.,1.,2.22044604925031E-16));
#981=DIRECTION('',(1.,0.,0.));
#982=FACE_BOUND('',#983,.T.);
#983=EDGE_LOOP('',(#4923,#4924,#4925,#4926));
#984=PLANE('',#985);
#985=AXIS2_PLACEMENT_3D('',#986,#987,#988);
#986=CARTESIAN_POINT('',(1.5,-6.,-1.5));
#987=DIRECTION('',(-1.,0.,0.));
#988=DIRECTION('',(0.,0.,1.));
#989=FACE_BOUND('',#990,.T.);
#990=EDGE_LOOP('',(#4927,#4928,#4929,#4930));
#991=PLANE('',#992);
#992=AXIS2_PLACEMENT_3D('',#993,#994,#995);
#993=CARTESIAN_POINT('',(1.5,-6.,-1.));
#994=DIRECTION('',(-3.34297005516889E-16,0.,1.));
#995=DIRECTION('',(1.,0.,3.34297005516889E-16));
#996=FACE_BOUND('',#997,.T.);
#997=EDGE_LOOP('',(#4931,#4932,#4933,#4934));
#998=PLANE('',#999);
#999=AXIS2_PLACEMENT_3D('',#1000,#1001,#1002);
#1000=CARTESIAN_POINT('',(2.82842712474619,-6.,1.));
#1001=DIRECTION('',(8.35742513792223E-17,0.,-1.));
#1002=DIRECTION('',(-1.,0.,-8.35742513792223E-17));
#1003=FACE_BOUND('',#1004,.T.);
#1004=EDGE_LOOP('',(#4935,#4936,#4937,#4938));
#1005=PLANE('',#1006);
#1006=AXIS2_PLACEMENT_3D('',#1007,#1008,#1009);
#1007=CARTESIAN_POINT('',(1.5,-6.,0.999999999999999));
#1008=DIRECTION('',(-1.,0.,0.));
#1009=DIRECTION('',(0.,0.,1.));
#1010=FACE_BOUND('',#1011,.T.);
#1011=EDGE_LOOP('',(#4939,#4940,#4941,#4942));
#1012=PLANE('',#1013);
#1013=AXIS2_PLACEMENT_3D('',#1014,#1015,#1016);
#1014=CARTESIAN_POINT('',(1.5,-6.,1.5));
#1015=DIRECTION('',(1.48029736616688E-16,2.22044604925031E-16,-1.));
#1016=DIRECTION('',(-1.,0.,-1.48029736616688E-16));
#1017=FACE_BOUND('',#1018,.T.);
#1018=EDGE_LOOP('',(#4943,#4944,#4945,#4946));
#1019=PLANE('',#1020);
#1020=AXIS2_PLACEMENT_3D('',#1021,#1022,#1023);
#1021=CARTESIAN_POINT('',(-1.5,-6.,1.5));
#1022=DIRECTION('',(1.,-3.28692043842088E-32,1.48029736616688E-16));
#1023=DIRECTION('',(1.48029736616688E-16,0.,-1.));
#1024=FACE_BOUND('',#1025,.T.);
#1025=EDGE_LOOP('',(#4947,#4948,#4949,#4950));
#1026=PLANE('',#1027);
#1027=AXIS2_PLACEMENT_3D('',#1028,#1029,#1030);
#1028=CARTESIAN_POINT('',(-1.5,-6.,-1.5));
#1029=DIRECTION('',(-1.48029736616688E-16,-2.22044604925031E-16,1.));
#1030=DIRECTION('',(1.,0.,1.48029736616688E-16));
#1031=FACE_BOUND('',#1032,.T.);
#1032=EDGE_LOOP('',(#4951,#4952,#4953,#4954,#4955,#4956,#4957,#4958,#4959,#4960,
#4961,#4962));
#1033=FACE_BOUND('',#1034,.T.);
#1034=EDGE_LOOP('',(#4963));
#1035=PLANE('',#1036);
#1036=AXIS2_PLACEMENT_3D('',#1037,#1038,#1039);
#1037=CARTESIAN_POINT('',(0.,-5.5,-3.36777869765522E-16));
#1038=DIRECTION('',(0.,1.,6.12323399573677E-17));
#1039=DIRECTION('',(6.12323399573677E-17,6.12323399573677E-17,-1.));
#1040=FACE_BOUND('',#1041,.T.);
#1041=EDGE_LOOP('',(#4964,#4965,#4966,#4967));
#1042=PLANE('',#1043);
#1043=AXIS2_PLACEMENT_3D('',#1044,#1045,#1046);
#1044=CARTESIAN_POINT('',(-2.82842712474619,-5.,-1.));
#1045=DIRECTION('',(0.,4.53152254949043E-17,-1.));
#1046=DIRECTION('',(-1.,0.,0.));
#1047=FACE_BOUND('',#1048,.T.);
#1048=EDGE_LOOP('',(#4968,#4969,#4970,#4971));
#1049=PLANE('',#1050);
#1050=AXIS2_PLACEMENT_3D('',#1051,#1052,#1053);
#1051=CARTESIAN_POINT('',(0.,-0.0999999999999996,-6.12323399573678E-18));
#1052=DIRECTION('',(0.,1.,6.12323399573677E-17));
#1053=DIRECTION('',(1.,0.,0.));
#1054=FACE_BOUND('',#1055,.T.);
#1055=EDGE_LOOP('',(#4972,#4973,#4974,#4975));
#1056=PLANE('',#1057);
#1057=AXIS2_PLACEMENT_3D('',#1058,#1059,#1060);
#1058=CARTESIAN_POINT('',(-2.88140590684478,-5.,1.));
#1059=DIRECTION('',(0.,-6.79728382423565E-17,1.));
#1060=DIRECTION('',(1.,0.,0.));
#1061=FACE_BOUND('',#1062,.T.);
#1062=EDGE_LOOP('',(#4976,#4977,#4978,#4979));
#1063=PLANE('',#1064);
#1064=AXIS2_PLACEMENT_3D('',#1065,#1066,#1067);
#1065=CARTESIAN_POINT('',(0.,-5.,-3.06161699786838E-16));
#1066=DIRECTION('',(0.,1.,6.12323399573677E-17));
#1067=DIRECTION('',(6.12323399573677E-17,6.12323399573677E-17,-1.));
#1068=FACE_BOUND('',#1069,.T.);
#1069=EDGE_LOOP('',(#4980,#4981,#4982,#4983));
#1070=PLANE('',#1071);
#1071=AXIS2_PLACEMENT_3D('',#1072,#1073,#1074);
#1072=CARTESIAN_POINT('',(0.,-5.,-3.06161699786838E-16));
#1073=DIRECTION('',(0.,1.,6.12323399573677E-17));
#1074=DIRECTION('',(6.12323399573677E-17,6.12323399573677E-17,-1.));
#1075=FACE_OUTER_BOUND('',#1076,.T.);
#1076=EDGE_LOOP('',(#4984));
#1077=FACE_OUTER_BOUND('',#1078,.T.);
#1078=EDGE_LOOP('',(#4985));
#1079=CYLINDRICAL_SURFACE('',#1080,1.);
#1080=AXIS2_PLACEMENT_3D('',#1081,#1082,#1083);
#1081=CARTESIAN_POINT('',(0.,-6.,-3.67394039744206E-16));
#1082=DIRECTION('',(0.,1.,6.12323399573677E-17));
#1083=DIRECTION('',(6.12323399573677E-17,6.12323399573677E-17,-1.));
#1084=FACE_BOUND('',#1085,.T.);
#1085=EDGE_LOOP('',(#4986,#4987,#4988,#4989,#4990,#4991,#4992,#4993,#4994,#4995,
#4996,#4997));
#1086=FACE_BOUND('',#1087,.T.);
#1087=EDGE_LOOP('',(#4998));
#1088=PLANE('',#1089);
#1089=AXIS2_PLACEMENT_3D('',#1090,#1091,#1092);
#1090=CARTESIAN_POINT('',(0.,-5.,-3.06161699786838E-16));
#1091=DIRECTION('',(0.,1.,6.12323399573677E-17));
#1092=DIRECTION('',(6.12323399573677E-17,6.12323399573677E-17,-1.));
#1093=FACE_OUTER_BOUND('',#1094,.T.);
#1094=EDGE_LOOP('',(#4999));
#1095=FACE_BOUND('',#1096,.T.);
#1096=EDGE_LOOP('',(#5000,#5001,#5002,#5003,#5004,#5005,#5006,#5007,#5008));
#1097=CYLINDRICAL_SURFACE('',#1098,3.05);
#1098=AXIS2_PLACEMENT_3D('',#1099,#1100,#1101);
#1099=CARTESIAN_POINT('',(0.,-5.,-3.06161699786838E-16));
#1100=DIRECTION('',(0.,1.,6.12323399573677E-17));
#1101=DIRECTION('',(1.,0.,0.));
#1102=FACE_BOUND('',#1103,.T.);
#1103=EDGE_LOOP('',(#5009,#5010,#5011,#5012));
#1104=PLANE('',#1105);
#1105=AXIS2_PLACEMENT_3D('',#1106,#1107,#1108);
#1106=CARTESIAN_POINT('',(2.82842712474619,-5.,0.999999999999999));
#1107=DIRECTION('',(0.,-6.79728382423565E-17,1.));
#1108=DIRECTION('',(1.,0.,0.));
#1109=FACE_BOUND('',#1110,.T.);
#1110=EDGE_LOOP('',(#5013,#5014,#5015,#5016));
#1111=PLANE('',#1112);
#1112=AXIS2_PLACEMENT_3D('',#1113,#1114,#1115);
#1113=CARTESIAN_POINT('',(2.88140590684478,-5.,-1.));
#1114=DIRECTION('',(0.,4.53152254949043E-17,-1.));
#1115=DIRECTION('',(-1.,0.,0.));
#1116=FACE_BOUND('',#1117,.T.);
#1117=EDGE_LOOP('',(#5017,#5018,#5019,#5020));
#1118=CYLINDRICAL_SURFACE('',#1119,3.);
#1119=AXIS2_PLACEMENT_3D('',#1120,#1121,#1122);
#1120=CARTESIAN_POINT('',(-3.74939945665464E-32,-5.,-3.06161699786838E-16));
#1121=DIRECTION('',(0.,-1.,-6.12323399573676E-17));
#1122=DIRECTION('',(0.942809041582063,2.04107799857893E-17,-0.333333333333334));
#1123=FACE_BOUND('',#1124,.T.);
#1124=EDGE_LOOP('',(#5021,#5022));
#1125=FACE_OUTER_BOUND('',#1126,.T.);
#1126=EDGE_LOOP('',(#5023));
#1127=CYLINDRICAL_SURFACE('',#1128,1.);
#1128=AXIS2_PLACEMENT_3D('',#1129,#1130,#1131);
#1129=CARTESIAN_POINT('',(0.,-5.,-3.06161699786838E-16));
#1130=DIRECTION('',(0.,1.,6.12323399573677E-17));
#1131=DIRECTION('',(6.12323399573677E-17,6.12323399573677E-17,-1.));
#1132=FACE_BOUND('',#1133,.T.);
#1133=EDGE_LOOP('',(#5024,#5025,#5026,#5027,#5028));
#1134=PLANE('',#1135);
#1135=AXIS2_PLACEMENT_3D('',#1136,#1137,#1138);
#1136=CARTESIAN_POINT('',(0.,-0.0999999999999996,-6.12323399573678E-18));
#1137=DIRECTION('',(0.,1.,6.12323399573677E-17));
#1138=DIRECTION('',(1.,0.,0.));
#1139=FACE_BOUND('',#1140,.T.);
#1140=EDGE_LOOP('',(#5029));
#1141=FACE_BOUND('',#1142,.T.);
#1142=EDGE_LOOP('',(#5030));
#1143=PLANE('',#1144);
#1144=AXIS2_PLACEMENT_3D('',#1145,#1146,#1147);
#1145=CARTESIAN_POINT('',(0.,0.,0.));
#1146=DIRECTION('',(0.,1.,6.12323399573677E-17));
#1147=DIRECTION('',(1.,0.,0.));
#1148=FACE_BOUND('',#1149,.T.);
#1149=EDGE_LOOP('',(#5031,#5032));
#1150=FACE_OUTER_BOUND('',#1151,.T.);
#1151=EDGE_LOOP('',(#5033));
#1152=TOROIDAL_SURFACE('',#1153,0.875,0.125);
#1153=AXIS2_PLACEMENT_3D('',#1154,#1155,#1156);
#1154=CARTESIAN_POINT('',(0.,1.50955071633301,0.));
#1155=DIRECTION('',(0.,1.,0.));
#1156=DIRECTION('',(1.,0.,1.22464679914735E-16));
#1157=FACE_OUTER_BOUND('',#1158,.T.);
#1158=EDGE_LOOP('',(#5034));
#1159=FACE_OUTER_BOUND('',#1160,.T.);
#1160=EDGE_LOOP('',(#5035));
#1161=CYLINDRICAL_SURFACE('',#1162,3.);
#1162=AXIS2_PLACEMENT_3D('',#1163,#1164,#1165);
#1163=CARTESIAN_POINT('',(0.,0.,0.));
#1164=DIRECTION('',(0.,1.,6.12323399573677E-17));
#1165=DIRECTION('',(1.,0.,0.));
#1166=FACE_OUTER_BOUND('',#1167,.T.);
#1167=EDGE_LOOP('',(#5036));
#1168=SPHERICAL_SURFACE('',#1169,1.);
#1169=AXIS2_PLACEMENT_3D('',#1170,#1171,#1172);
#1170=CARTESIAN_POINT('',(0.,1.00955071633301,0.));
#1171=DIRECTION('',(0.,1.,0.));
#1172=DIRECTION('',(1.,0.,1.22464679914735E-16));
#1173=FACE_OUTER_BOUND('',#1174,.T.);
#1174=EDGE_LOOP('',(#5037));
#1175=FACE_OUTER_BOUND('',#1176,.T.);
#1176=EDGE_LOOP('',(#5038));
#1177=CONICAL_SURFACE('',#1178,3.125,0.785398163397448);
#1178=AXIS2_PLACEMENT_3D('',#1179,#1180,#1181);
#1179=CARTESIAN_POINT('',(0.,3.875,2.372753173348E-16));
#1180=DIRECTION('',(0.,1.,6.12323399573677E-17));
#1181=DIRECTION('',(1.,0.,0.));
#1182=FACE_BOUND('',#1183,.T.);
#1183=EDGE_LOOP('',(#5039));
#1184=FACE_BOUND('',#1185,.T.);
#1185=EDGE_LOOP('',(#5040));
#1186=PLANE('',#1187);
#1187=AXIS2_PLACEMENT_3D('',#1188,#1189,#1190);
#1188=CARTESIAN_POINT('',(0.,4.,2.44929359829471E-16));
#1189=DIRECTION('',(0.,1.,6.12323399573677E-17));
#1190=DIRECTION('',(1.,0.,0.));
#1191=FACE_OUTER_BOUND('',#1192,.T.);
#1192=EDGE_LOOP('',(#5041));
#1193=FACE_OUTER_BOUND('',#1194,.T.);
#1194=EDGE_LOOP('',(#5042));
#1195=CONICAL_SURFACE('',#1196,4.125,0.785398163397448);
#1196=AXIS2_PLACEMENT_3D('',#1197,#1198,#1199);
#1197=CARTESIAN_POINT('',(0.,3.625,2.21967232345458E-16));
#1198=DIRECTION('',(0.,-1.,-6.12323399573676E-17));
#1199=DIRECTION('',(-1.,0.,0.));
#1200=FACE_OUTER_BOUND('',#1201,.T.);
#1201=EDGE_LOOP('',(#5043));
#1202=FACE_OUTER_BOUND('',#1203,.T.);
#1203=EDGE_LOOP('',(#5044));
#1204=CYLINDRICAL_SURFACE('',#1205,4.5);
#1205=AXIS2_PLACEMENT_3D('',#1206,#1207,#1208);
#1206=CARTESIAN_POINT('',(0.,3.1,1.8982025386784E-16));
#1207=DIRECTION('',(0.,1.,6.12323399573677E-17));
#1208=DIRECTION('',(1.,0.,0.));
#1209=FACE_BOUND('',#1210,.T.);
#1210=EDGE_LOOP('',(#5045));
#1211=FACE_BOUND('',#1212,.T.);
#1212=EDGE_LOOP('',(#5046));
#1213=PLANE('',#1214);
#1214=AXIS2_PLACEMENT_3D('',#1215,#1216,#1217);
#1215=CARTESIAN_POINT('',(0.,3.1,1.8982025386784E-16));
#1216=DIRECTION('',(0.,1.,6.12323399573677E-17));
#1217=DIRECTION('',(1.,0.,0.));
#1218=FACE_OUTER_BOUND('',#1219,.T.);
#1219=EDGE_LOOP('',(#5047));
#1220=FACE_OUTER_BOUND('',#1221,.T.);
#1221=EDGE_LOOP('',(#5048));
#1222=TOROIDAL_SURFACE('',#1223,4.9,0.1);
#1223=AXIS2_PLACEMENT_3D('',#1224,#1225,#1226);
#1224=CARTESIAN_POINT('',(0.,3.,1.83697019872103E-16));
#1225=DIRECTION('',(0.,1.,6.12323399573677E-17));
#1226=DIRECTION('',(1.,-6.60403503697243E-50,1.07852076885685E-33));
#1227=FACE_OUTER_BOUND('',#1228,.T.);
#1228=EDGE_LOOP('',(#5049));
#1229=FACE_OUTER_BOUND('',#1230,.T.);
#1230=EDGE_LOOP('',(#5050));
#1231=CYLINDRICAL_SURFACE('',#1232,5.);
#1232=AXIS2_PLACEMENT_3D('',#1233,#1234,#1235);
#1233=CARTESIAN_POINT('',(0.,0.,0.));
#1234=DIRECTION('',(0.,1.,6.12323399573677E-17));
#1235=DIRECTION('',(1.,0.,0.));
#1236=FACE_BOUND('',#1237,.T.);
#1237=EDGE_LOOP('',(#5051));
#1238=FACE_BOUND('',#1239,.T.);
#1239=EDGE_LOOP('',(#5052,#5053,#5054,#5055,#5056,#5057,#5058,#5059));
#1240=PLANE('',#1241);
#1241=AXIS2_PLACEMENT_3D('',#1242,#1243,#1244);
#1242=CARTESIAN_POINT('',(0.,0.,0.));
#1243=DIRECTION('',(0.,1.,6.12323399573677E-17));
#1244=DIRECTION('',(1.,0.,0.));
#1245=FACE_BOUND('',#1246,.T.);
#1246=EDGE_LOOP('',(#5060,#5061,#5062,#5063,#5064));
#1247=(BOUNDED_SURFACE()B_SPLINE_SURFACE(3,3,(
(#1248,#1249,#1250,#1251,#1252,#1253,#1254,#1255,#1256,#1257,#1258,#1259,#1260,#1261,
#1262,#1263),
(#1264,#1265,#1266,#1267,#1268,#1269,#1270,#1271,#1272,#1273,#1274,#1275,#1276,#1277,
#1278,#1279),
(#1280,#1281,#1282,#1283,#1284,#1285,#1286,#1287,#1288,#1289,#1290,#1291,#1292,#1293,
#1294,#1295),
(#1296,#1297,#1298,#1299,#1300,#1301,#1302,#1303,#1304,#1305,#1306,#1307,#1308,#1309,
#1310,#1311)),
.UNSPECIFIED.,.F.,.F.,.F.)B_SPLINE_SURFACE_WITH_KNOTS((4,4),
(4,1,1,1,1,1,1,1,1,1,1,1,1,4),
(0.,2.79252680319093),
(0.,0.0936195952687817,0.187239190537563,0.280858785806345,0.374478381075127,0.468097976343909,
0.56171757161269,0.655337166881472,0.748956762150254,0.842576357419036,0.936195952687817,
1.0298155479566,1.12343514322538,1.21705473849416),
.UNSPECIFIED.)GEOMETRIC_REPRESENTATION_ITEM()RATIONAL_B_SPLINE_SURFACE((
(1.,1.,1.,1.,1.,1.,1.,1.,1.,1.,1.,1.,1.,1.,1.,1.),
(0.449098785111286,0.449098785111286,0.449098785111286,0.449098785111286,0.449098785111286,
0.449098785111286,0.449098785111286,0.449098785111286,0.449098785111286,0.449098785111286,
0.449098785111286,0.449098785111286,0.449098785111286,0.449098785111286,0.449098785111286,
0.449098785111286),
(0.449098785111286,0.449098785111286,0.449098785111286,0.449098785111286,0.449098785111286,
0.449098785111286,0.449098785111286,0.449098785111286,0.449098785111286,0.449098785111286,
0.449098785111286,0.449098785111286,0.449098785111286,0.449098785111286,0.449098785111286,
0.449098785111286),
(1.,1.,1.,1.,1.,1.,1.,1.,1.,1.,1.,1.,1.,1.,1.,1.)))REPRESENTATION_ITEM('')SURFACE(
));
#1248=CARTESIAN_POINT('',(3.6703110752902,-0.0949695623128659,4.49483471022923E-16));
#1249=CARTESIAN_POINT('',(3.6703110752902,-0.0991084571343351,0.114537679126399));
#1250=CARTESIAN_POINT('',(3.65958026993629,-0.107386246777274,0.343612867872568));
#1251=CARTESIAN_POINT('',(3.6114326201184,-0.119802931241681,0.684216346890775));
#1252=CARTESIAN_POINT('',(3.53165521665327,-0.132219615706089,1.01882726604929));
#1253=CARTESIAN_POINT('',(3.42094676830264,-0.144636300170497,1.34451507254188));
#1254=CARTESIAN_POINT('',(3.28027688500582,-0.157052984634904,1.65842730561236));
#1255=CARTESIAN_POINT('',(3.11087758578801,-0.169469669099312,1.95781465338475));
#1256=CARTESIAN_POINT('',(2.91423250855204,-0.18188635356372,2.24005501201752));
#1257=CARTESIAN_POINT('',(2.69206391567849,-0.194303038028127,2.50267645615767));
#1258=CARTESIAN_POINT('',(2.44631761139874,-0.206719722492535,2.74337888670394));
#1259=CARTESIAN_POINT('',(2.1791458949907,-0.219136406956943,2.96005417783272));
#1260=CARTESIAN_POINT('',(1.89288872912908,-0.23155309142135,3.15080463344585));
#1261=CARTESIAN_POINT('',(1.59005317624175,-0.243969775885758,3.31395963339901));
#1262=CARTESIAN_POINT('',(1.37887885958885,-0.252247565528696,3.40337999052656));
#1263=CARTESIAN_POINT('',(1.27143299183736,-0.256386460350166,3.44305700456229));
#1264=CARTESIAN_POINT('',(3.80914728737616,-0.0704889922227485,4.66486003296604E-16));
#1265=CARTESIAN_POINT('',(3.80914728737616,-0.0746278870442178,0.118870275787779));
#1266=CARTESIAN_POINT('',(3.79801056973378,-0.0829056766871563,0.356610651444809));
#1267=CARTESIAN_POINT('',(3.74804164722689,-0.0953223611515639,0.710098078411882));
#1268=CARTESIAN_POINT('',(3.66524651793963,-0.107739045615972,1.05736626601048));
#1269=CARTESIAN_POINT('',(3.5503503205673,-0.120155730080379,1.39537380792834));
#1270=CARTESIAN_POINT('',(3.40435934231397,-0.132572414544787,1.7211603438775));
#1271=CARTESIAN_POINT('',(3.22855220557205,-0.144989099009195,2.03187256424475));
#1272=CARTESIAN_POINT('',(3.02446866955458,-0.157405783473602,2.32478917932733));
#1273=CARTESIAN_POINT('',(2.7938961443586,-0.16982246793801,2.59734475868627));
#1274=CARTESIAN_POINT('',(2.5388540378102,-0.182239152402418,2.8471521977758));
#1275=CARTESIAN_POINT('',(2.26157606383389,-0.194655836866825,3.07202362706721));
#1276=CARTESIAN_POINT('',(1.96449069846126,-0.207072521331233,3.26998956664553));
#1277=CARTESIAN_POINT('',(1.65019983833011,-0.219489205795641,3.43931620211179));
#1278=CARTESIAN_POINT('',(1.43103746790943,-0.227766995438579,3.53211904737516));
#1279=CARTESIAN_POINT('',(1.31952726419924,-0.231905890260048,3.57329691684865));
#1280=CARTESIAN_POINT('',(3.80914728737616,0.0704889922227486,4.66486003296604E-16));
#1281=CARTESIAN_POINT('',(3.80914728737616,0.0663500974012793,0.118870275787779));
#1282=CARTESIAN_POINT('',(3.79801056973378,0.0580723077583409,0.356610651444809));
#1283=CARTESIAN_POINT('',(3.74804164722689,0.0456556232939332,0.710098078411882));
#1284=CARTESIAN_POINT('',(3.66524651793963,0.0332389388295255,1.05736626601048));
#1285=CARTESIAN_POINT('',(3.5503503205673,0.0208222543651179,1.39537380792834));
#1286=CARTESIAN_POINT('',(3.40435934231397,0.0084055699007102,1.7211603438775));
#1287=CARTESIAN_POINT('',(3.22855220557205,-0.00401111456369747,2.03187256424475));
#1288=CARTESIAN_POINT('',(3.02446866955459,-0.0164277990281052,2.32478917932733));
#1289=CARTESIAN_POINT('',(2.7938961443586,-0.0288444834925128,2.59734475868627));
#1290=CARTESIAN_POINT('',(2.5388540378102,-0.0412611679569205,2.8471521977758));
#1291=CARTESIAN_POINT('',(2.26157606383389,-0.0536778524213282,3.07202362706721));
#1292=CARTESIAN_POINT('',(1.96449069846126,-0.0660945368857358,3.26998956664553));
#1293=CARTESIAN_POINT('',(1.65019983833011,-0.0785112213501436,3.43931620211179));
#1294=CARTESIAN_POINT('',(1.43103746790943,-0.086789010993082,3.53211904737516));
#1295=CARTESIAN_POINT('',(1.31952726419924,-0.0909279058145512,3.57329691684865));
#1296=CARTESIAN_POINT('',(3.6703110752902,0.0949695623128658,4.49483471022923E-16));
#1297=CARTESIAN_POINT('',(3.6703110752902,0.0908306674913966,0.114537679126399));
#1298=CARTESIAN_POINT('',(3.65958026993629,0.0825528778484582,0.343612867872568));
#1299=CARTESIAN_POINT('',(3.6114326201184,0.0701361933840505,0.684216346890775));
#1300=CARTESIAN_POINT('',(3.53165521665327,0.0577195089196428,1.01882726604929));
#1301=CARTESIAN_POINT('',(3.42094676830264,0.0453028244552351,1.34451507254188));
#1302=CARTESIAN_POINT('',(3.28027688500582,0.0328861399908275,1.65842730561236));
#1303=CARTESIAN_POINT('',(3.11087758578801,0.0204694555264198,1.95781465338475));
#1304=CARTESIAN_POINT('',(2.91423250855204,0.00805277106201211,2.24005501201752));
#1305=CARTESIAN_POINT('',(2.69206391567849,-0.00436391340239558,2.50267645615767));
#1306=CARTESIAN_POINT('',(2.44631761139874,-0.0167805978668032,2.74337888670394));
#1307=CARTESIAN_POINT('',(2.1791458949907,-0.029197282331211,2.96005417783272));
#1308=CARTESIAN_POINT('',(1.89288872912908,-0.0416139667956186,3.15080463344585));
#1309=CARTESIAN_POINT('',(1.59005317624175,-0.0540306512600263,3.31395963339901));
#1310=CARTESIAN_POINT('',(1.37887885958885,-0.0623084409029647,3.40337999052656));
#1311=CARTESIAN_POINT('',(1.27143299183736,-0.066447335724434,3.44305700456229));
#1312=FACE_BOUND('',#1313,.T.);
#1313=EDGE_LOOP('',(#5065,#5066,#5067,#5068));
#1314=PLANE('',#1315);
#1315=AXIS2_PLACEMENT_3D('',#1316,#1317,#1318);
#1316=CARTESIAN_POINT('',(0.,0.,0.));
#1317=DIRECTION('',(-1.22464679914735E-16,0.,1.));
#1318=DIRECTION('',(-1.,0.,-1.22464679914735E-16));
#1319=FACE_BOUND('',#1320,.T.);
#1320=EDGE_LOOP('',(#5069,#5070,#5071,#5072,#5073,#5074));
#1321=CYLINDRICAL_SURFACE('',#1322,3.5);
#1322=AXIS2_PLACEMENT_3D('',#1323,#1324,#1325);
#1323=CARTESIAN_POINT('',(0.,0.,0.));
#1324=DIRECTION('',(0.,-1.,-6.12323399573677E-17));
#1325=DIRECTION('',(1.,0.,0.));
#1326=FACE_BOUND('',#1327,.T.);
#1327=EDGE_LOOP('',(#5075,#5076,#5077,#5078,#5079,#5080,#5081,#5082,#5083,#5084,
#5085,#5086,#5087,#5088,#5089,#5090,#5091,#5092,#5093,#5094,#5095,#5096,#5097,#5098,
#5099,#5100,#5101,#5102));
#1328=PLANE('',#1329);
#1329=AXIS2_PLACEMENT_3D('',#1330,#1331,#1332);
#1330=CARTESIAN_POINT('',(1.29903810567666,1.99005104861445E-16,-3.25));
#1331=DIRECTION('',(0.,-5.55111512312578E-17,1.));
#1332=DIRECTION('',(-1.,0.,0.));
#1333=FACE_BOUND('',#1334,.T.);
#1334=EDGE_LOOP('',(#5103,#5104,#5105,#5106));
#1335=CYLINDRICAL_SURFACE('',#1336,3.5);
#1336=AXIS2_PLACEMENT_3D('',#1337,#1338,#1339);
#1337=CARTESIAN_POINT('',(0.,0.,0.));
#1338=DIRECTION('',(0.,-1.,-6.12323399573677E-17));
#1339=DIRECTION('',(1.,0.,0.));
#1340=FACE_BOUND('',#1341,.T.);
#1341=EDGE_LOOP('',(#5107,#5108,#5109,#5110,#5111,#5112,#5113,#5114,#5115,#5116,
#5117,#5118,#5119,#5120,#5121,#5122,#5123,#5124,#5125,#5126,#5127,#5128,#5129,#5130,
#5131,#5132,#5133,#5134));
#1342=PLANE('',#1343);
#1343=AXIS2_PLACEMENT_3D('',#1344,#1345,#1346);
#1344=CARTESIAN_POINT('',(-1.29903810567666,-1.99005104861445E-16,3.25));
#1345=DIRECTION('',(0.,5.55111512312578E-17,-1.));
#1346=DIRECTION('',(1.,0.,0.));
#1347=FACE_BOUND('',#1348,.T.);
#1348=EDGE_LOOP('',(#5135,#5136,#5137));
#1349=CYLINDRICAL_SURFACE('',#1350,3.5);
#1350=AXIS2_PLACEMENT_3D('',#1351,#1352,#1353);
#1351=CARTESIAN_POINT('',(0.,0.,0.));
#1352=DIRECTION('',(0.,-1.,-6.12323399573677E-17));
#1353=DIRECTION('',(1.,0.,0.));
#1354=FACE_BOUND('',#1355,.T.);
#1355=EDGE_LOOP('',(#5138,#5139,#5140,#5141));
#1356=B_SPLINE_SURFACE_WITH_KNOTS('',1,3,(
(#1357,#1358,#1359,#1360,#1361,#1362,#1363,#1364),
(#1365,#1366,#1367,#1368,#1369,#1370,#1371,#1372)),
.UNSPECIFIED.,.F.,.F.,.F.,
(2,2),
(4,1,1,1,1,4),
(0.,1.),
(0.716053630264172,0.814647930390013,0.913242230515855,1.0118365306417,1.11043083076754,
1.20902513089338),
.UNSPECIFIED.);
#1357=CARTESIAN_POINT('',(2.76889017679754,-1.38777878078145E-16,2.40923858889733));
#1358=CARTESIAN_POINT('',(2.68971111262804,-0.00435882506269836,2.50023751859955));
#1359=CARTESIAN_POINT('',(2.52237388295052,-0.0130764751880948,2.67442228175393));
#1360=CARTESIAN_POINT('',(2.24686819258364,-0.0261529503761894,2.9097229933586));
#1361=CARTESIAN_POINT('',(1.94953879522559,-0.0392294255642841,3.11676163009527));
#1362=CARTESIAN_POINT('',(1.63327354517048,-0.0523059007523788,3.29352729959522));
#1363=CARTESIAN_POINT('',(1.41185420517598,-0.0610235508777752,3.39004442775232));
#1364=CARTESIAN_POINT('',(1.29903810410492,-0.0653823759404734,3.43273701198933));
#1365=CARTESIAN_POINT('',(2.64040715350678,0.030030437687134,2.29744424605043));
#1366=CARTESIAN_POINT('',(2.56490218433428,0.0256716126244358,2.38422061116619));
#1367=CARTESIAN_POINT('',(2.40532979609331,0.0169539624990394,2.55032279120882));
#1368=CARTESIAN_POINT('',(2.14260821841128,0.00387748731094473,2.77470499580198));
#1369=CARTESIAN_POINT('',(1.85907560512431,-0.0091989878771499,2.97213655234139));
#1370=CARTESIAN_POINT('',(1.55748580728807,-0.0222754630652446,3.14069987859866));
#1371=CARTESIAN_POINT('',(1.34634084597998,-0.030993113190641,3.23273838476891));
#1372=CARTESIAN_POINT('',(1.23875967761336,-0.0353519382533392,3.27344993258171));
#1373=FACE_BOUND('',#1374,.T.);
#1374=EDGE_LOOP('',(#5142,#5143,#5144,#5145));
#1375=PLANE('',#1376);
#1376=AXIS2_PLACEMENT_3D('',#1377,#1378,#1379);
#1377=CARTESIAN_POINT('',(1.29903810567666,-1.99005104861445E-16,3.25));
#1378=DIRECTION('',(1.,0.,0.));
#1379=DIRECTION('',(0.,-6.12323399573676E-17,1.));
#1380=FACE_BOUND('',#1381,.T.);
#1381=EDGE_LOOP('',(#5146,#5147,#5148,#5149));
#1382=B_SPLINE_SURFACE_WITH_KNOTS('',1,3,(
(#1383,#1384,#1385,#1386,#1387,#1388,#1389,#1390,#1391,#1392,#1393,#1394,#1395,#1396,
#1397,#1398),
(#1399,#1400,#1401,#1402,#1403,#1404,#1405,#1406,#1407,#1408,#1409,#1410,#1411,#1412,
#1413,#1414)),
.UNSPECIFIED.,.F.,.F.,.F.,
(2,2),
(4,1,1,1,1,1,1,1,1,1,1,1,1,4),
(0.,1.),
(0.,0.0930019331456447,0.186003866291289,0.279005799436934,0.372007732582579,0.465009665728223,
0.558011598873868,0.651013532019513,0.744015465165157,0.837017398310802,0.930019331456447,
1.02302126460209,1.11602319774774,1.20902513089338),
.UNSPECIFIED.);
#1383=CARTESIAN_POINT('',(3.5,-0.125,4.28626379701573E-16));
#1384=CARTESIAN_POINT('',(3.5,-0.129111588160342,0.108502255336586));
#1385=CARTESIAN_POINT('',(3.4899018050753,-0.137334764481026,0.325506609633079));
#1386=CARTESIAN_POINT('',(3.4445908478871,-0.149669528962052,0.648199871607048));
#1387=CARTESIAN_POINT('',(3.36950785425917,-0.162004293443078,0.965290626083315));
#1388=CARTESIAN_POINT('',(3.26530177604599,-0.174339057924104,1.27403826002074));
#1389=CARTESIAN_POINT('',(3.1328732796281,-0.18667382240513,1.57177421695493));
#1390=CARTESIAN_POINT('',(2.97336696131443,-0.199008586886157,1.85592513024096));
#1391=CARTESIAN_POINT('',(2.78816145453944,-0.211343351367183,2.12403504658389));
#1392=CARTESIAN_POINT('',(2.57885751382869,-0.223678115848209,2.37378665820274));
#1393=CARTESIAN_POINT('',(2.34726418050756,-0.236012880329235,2.60302132983038));
#1394=CARTESIAN_POINT('',(2.09538314232342,-0.248347644810261,2.80975775816802));
#1395=CARTESIAN_POINT('',(1.82539144978575,-0.260682409291287,2.99220908994476));
#1396=CARTESIAN_POINT('',(1.53962263551876,-0.273017173772313,3.1487983902087));
#1397=CARTESIAN_POINT('',(1.34023873487522,-0.281240350092997,3.23504758434141));
#1398=CARTESIAN_POINT('',(1.23875967761336,-0.285351938253339,3.27344993258171));
#1399=CARTESIAN_POINT('',(3.6703110752902,-0.0949695623128658,4.49483471022923E-16));
#1400=CARTESIAN_POINT('',(3.6703110752902,-0.0990811504732078,0.113782008415953));
#1401=CARTESIAN_POINT('',(3.65972149909805,-0.107304326793892,0.341345861261845));
#1402=CARTESIAN_POINT('',(3.61220569681237,-0.119639091274918,0.679741476503154));
#1403=CARTESIAN_POINT('',(3.53346914164708,-0.131973855755944,1.01226196451069));
#1404=CARTESIAN_POINT('',(3.42419236365325,-0.14430862023697,1.33603335317074));
#1405=CARTESIAN_POINT('',(3.28531985591422,-0.156643384717996,1.64825723324151));
#1406=CARTESIAN_POINT('',(3.11805191114695,-0.168978149199022,1.94623501726652));
#1407=CARTESIAN_POINT('',(2.92383424751239,-0.181312913680048,2.22739124450897));
#1408=CARTESIAN_POINT('',(2.70434551274309,-0.193647678161075,2.48929584627933));
#1409=CARTESIAN_POINT('',(2.46148277667111,-0.205982442642101,2.72968514745516));
#1410=CARTESIAN_POINT('',(2.19734512978458,-0.218317207123127,2.94648143391048));
#1411=CARTESIAN_POINT('',(1.91421555853962,-0.230651971604153,3.13781090354522));
#1412=CARTESIAN_POINT('',(1.61454114597486,-0.242986736085179,3.30201988726828));
#1413=CARTESIAN_POINT('',(1.40545516347013,-0.251209912405863,3.39246599368546));
#1414=CARTESIAN_POINT('',(1.29903810410492,-0.255321500566205,3.43273701198933));
#1415=FACE_BOUND('',#1416,.T.);
#1416=EDGE_LOOP('',(#5150,#5151,#5152,#5153));
#1417=B_SPLINE_SURFACE_WITH_KNOTS('',1,3,(
(#1418,#1419,#1420,#1421,#1422,#1423,#1424,#1425,#1426,#1427,#1428,#1429,#1430,#1431,
#1432,#1433,#1434,#1435,#1436,#1437,#1438,#1439,#1440,#1441,#1442,#1443,#1444,#1445,
#1446),
(#1447,#1448,#1449,#1450,#1451,#1452,#1453,#1454,#1455,#1456,#1457,#1458,#1459,#1460,
#1461,#1462,#1463,#1464,#1465,#1466,#1467,#1468,#1469,#1470,#1471,#1472,#1473,#1474,
#1475)),
.UNSPECIFIED.,.F.,.F.,.F.,
(2,2),
(4,1,1,1,1,1,1,1,1,1,1,1,1,1,1,1,1,1,1,1,1,1,1,1,1,1,4),
(0.,1.),
(5.07416017628621,5.16716210943185,5.26016404257749,5.35316597572314,5.44616790886878,
5.53916984201443,5.63217177516007,5.72517370830572,5.81817564145136,5.911177574597,
6.00417950774265,6.09718144088829,6.19018337403394,6.28318530717958,6.37618724032523,
6.46918917347087,6.56219110661652,6.65519303976216,6.7481949729078,6.84119690605345,
6.93419883919909,7.02720077234474,7.12020270549038,7.21320463863603,7.30620657178167,
7.39920850492732,7.49221043807297),
.UNSPECIFIED.);
#1418=CARTESIAN_POINT('',(1.29903810410492,-0.578011832767128,-3.43273701198933));
#1419=CARTESIAN_POINT('',(1.40545516347013,-0.58212342092747,-3.39246599368546));
#1420=CARTESIAN_POINT('',(1.61454114597486,-0.590346597248154,-3.30201988726827));
#1421=CARTESIAN_POINT('',(1.91421555853962,-0.60268136172918,-3.13781090354527));
#1422=CARTESIAN_POINT('',(2.19734512978458,-0.615016126210207,-2.94648143391032));
#1423=CARTESIAN_POINT('',(2.46148277667111,-0.627350890691233,-2.72968514745575));
#1424=CARTESIAN_POINT('',(2.70434551274308,-0.639685655172259,-2.48929584627715));
#1425=CARTESIAN_POINT('',(2.92383424751239,-0.652020419653285,-2.2273912445171));
#1426=CARTESIAN_POINT('',(3.11805191114695,-0.664355184134311,-1.94623501723618));
#1427=CARTESIAN_POINT('',(3.28531985591422,-0.676689948615337,-1.64825723335477));
#1428=CARTESIAN_POINT('',(3.42419236365324,-0.689024713096363,-1.33603335274809));
#1429=CARTESIAN_POINT('',(3.53346914164707,-0.701359477577389,-1.01226196608807));
#1430=CARTESIAN_POINT('',(3.61220569681237,-0.713694242058415,-0.679741470616332));
#1431=CARTESIAN_POINT('',(3.65972149909804,-0.726029006539441,-0.341345883231817));
#1432=CARTESIAN_POINT('',(3.67560586338628,-0.738363771020467,-1.346145417358E-14));
#1433=CARTESIAN_POINT('',(3.65972149909805,-0.750698535501493,0.34134588323179));
#1434=CARTESIAN_POINT('',(3.61220569681238,-0.763033299982519,0.679741470616305));
#1435=CARTESIAN_POINT('',(3.53346914164708,-0.775368064463545,1.01226196608804));
#1436=CARTESIAN_POINT('',(3.42419236365325,-0.787702828944571,1.33603335274807));
#1437=CARTESIAN_POINT('',(3.28531985591423,-0.800037593425598,1.64825723335474));
#1438=CARTESIAN_POINT('',(3.11805191114696,-0.812372357906623,1.94623501723616));
#1439=CARTESIAN_POINT('',(2.9238342475124,-0.82470712238765,2.22739124451708));
#1440=CARTESIAN_POINT('',(2.7043455127431,-0.837041886868676,2.48929584627713));
#1441=CARTESIAN_POINT('',(2.46148277667113,-0.849376651349702,2.72968514745573));
#1442=CARTESIAN_POINT('',(2.1973451297846,-0.861711415830728,2.94648143391031));
#1443=CARTESIAN_POINT('',(1.91421555853964,-0.874046180311754,3.13781090354525));
#1444=CARTESIAN_POINT('',(1.61454114597487,-0.88638094479278,3.30201988726826));
#1445=CARTESIAN_POINT('',(1.40545516347014,-0.894604121113465,3.39246599368545));
#1446=CARTESIAN_POINT('',(1.29903810410493,-0.898715709273807,3.43273701198933));
#1447=CARTESIAN_POINT('',(1.23875967761336,-0.547981395079994,-3.27344993258172));
#1448=CARTESIAN_POINT('',(1.34023873487522,-0.552092983240336,-3.23504758434141));
#1449=CARTESIAN_POINT('',(1.53962263551876,-0.56031615956102,-3.1487983902087));
#1450=CARTESIAN_POINT('',(1.82539144978575,-0.572650924042046,-2.9922090899448));
#1451=CARTESIAN_POINT('',(2.09538314232341,-0.584985688523072,-2.80975775816788));
#1452=CARTESIAN_POINT('',(2.34726418050756,-0.597320453004099,-2.60302132983094));
#1453=CARTESIAN_POINT('',(2.57885751382868,-0.609655217485124,-2.37378665820067));
#1454=CARTESIAN_POINT('',(2.78816145453944,-0.621989981966151,-2.12403504659164));
#1455=CARTESIAN_POINT('',(2.97336696131442,-0.634324746447177,-1.85592513021203));
#1456=CARTESIAN_POINT('',(3.1328732796281,-0.646659510928203,-1.57177421706293));
#1457=CARTESIAN_POINT('',(3.26530177604598,-0.658994275409229,-1.2740382596177));
#1458=CARTESIAN_POINT('',(3.36950785425917,-0.671329039890255,-0.965290627587503));
#1459=CARTESIAN_POINT('',(3.4445908478871,-0.683663804371281,-0.648199865993388));
#1460=CARTESIAN_POINT('',(3.4899018050753,-0.695998568852307,-0.325506630583593));
#1461=CARTESIAN_POINT('',(3.50504909746235,-0.708333333333333,-1.28091981466127E-14));
#1462=CARTESIAN_POINT('',(3.4899018050753,-0.720668097814359,0.325506630583567));
#1463=CARTESIAN_POINT('',(3.4445908478871,-0.733002862295385,0.648199865993363));
#1464=CARTESIAN_POINT('',(3.36950785425917,-0.745337626776411,0.965290627587479));
#1465=CARTESIAN_POINT('',(3.26530177604599,-0.757672391257437,1.27403825961768));
#1466=CARTESIAN_POINT('',(3.13287327962811,-0.770007155738463,1.57177421706291));
#1467=CARTESIAN_POINT('',(2.97336696131444,-0.782341920219489,1.85592513021201));
#1468=CARTESIAN_POINT('',(2.78816145453946,-0.794676684700516,2.12403504659162));
#1469=CARTESIAN_POINT('',(2.5788575138287,-0.807011449181541,2.37378665820065));
#1470=CARTESIAN_POINT('',(2.34726418050758,-0.819346213662568,2.60302132983092));
#1471=CARTESIAN_POINT('',(2.09538314232343,-0.831680978143594,2.80975775816786));
#1472=CARTESIAN_POINT('',(1.82539144978577,-0.84401574262462,2.99220908994479));
#1473=CARTESIAN_POINT('',(1.53962263551878,-0.856350507105646,3.14879839020869));
#1474=CARTESIAN_POINT('',(1.34023873487523,-0.86457368342633,3.23504758434141));
#1475=CARTESIAN_POINT('',(1.23875967761336,-0.868685271586673,3.27344993258171));
#1476=FACE_BOUND('',#1477,.T.);
#1477=EDGE_LOOP('',(#5154,#5155,#5156,#5157));
#1478=PLANE('',#1479);
#1479=AXIS2_PLACEMENT_3D('',#1480,#1481,#1482);
#1480=CARTESIAN_POINT('',(1.29903810567666,2.60237444818813E-16,-4.25));
#1481=DIRECTION('',(1.,0.,0.));
#1482=DIRECTION('',(0.,-6.12323399573676E-17,1.));
#1483=FACE_BOUND('',#1484,.T.);
#1484=EDGE_LOOP('',(#5158,#5159,#5160,#5161));
#1485=CYLINDRICAL_SURFACE('',#1486,3.5);
#1486=AXIS2_PLACEMENT_3D('',#1487,#1488,#1489);
#1487=CARTESIAN_POINT('',(0.,0.,0.));
#1488=DIRECTION('',(0.,-1.,-6.12323399573677E-17));
#1489=DIRECTION('',(1.,0.,0.));
#1490=FACE_BOUND('',#1491,.T.);
#1491=EDGE_LOOP('',(#5162,#5163,#5164,#5165));
#1492=PLANE('',#1493);
#1493=AXIS2_PLACEMENT_3D('',#1494,#1495,#1496);
#1494=CARTESIAN_POINT('',(1.29903810567666,2.60237444818813E-16,-4.25));
#1495=DIRECTION('',(1.,0.,0.));
#1496=DIRECTION('',(0.,-6.12323399573676E-17,1.));
#1497=FACE_BOUND('',#1498,.T.);
#1498=EDGE_LOOP('',(#5166,#5167,#5168,#5169));
#1499=CYLINDRICAL_SURFACE('',#1500,3.5);
#1500=AXIS2_PLACEMENT_3D('',#1501,#1502,#1503);
#1501=CARTESIAN_POINT('',(0.,0.,0.));
#1502=DIRECTION('',(0.,-1.,-6.12323399573677E-17));
#1503=DIRECTION('',(1.,0.,0.));
#1504=FACE_BOUND('',#1505,.T.);
#1505=EDGE_LOOP('',(#5170,#5171,#5172,#5173));
#1506=PLANE('',#1507);
#1507=AXIS2_PLACEMENT_3D('',#1508,#1509,#1510);
#1508=CARTESIAN_POINT('',(1.29903810567666,2.60237444818813E-16,-4.25));
#1509=DIRECTION('',(1.,0.,0.));
#1510=DIRECTION('',(0.,-6.12323399573676E-17,1.));
#1511=FACE_BOUND('',#1512,.T.);
#1512=EDGE_LOOP('',(#5174,#5175,#5176,#5177));
#1513=CYLINDRICAL_SURFACE('',#1514,3.5);
#1514=AXIS2_PLACEMENT_3D('',#1515,#1516,#1517);
#1515=CARTESIAN_POINT('',(0.,0.,0.));
#1516=DIRECTION('',(0.,-1.,-6.12323399573677E-17));
#1517=DIRECTION('',(1.,0.,0.));
#1518=FACE_BOUND('',#1519,.T.);
#1519=EDGE_LOOP('',(#5178,#5179,#5180,#5181));
#1520=PLANE('',#1521);
#1521=AXIS2_PLACEMENT_3D('',#1522,#1523,#1524);
#1522=CARTESIAN_POINT('',(1.29903810567666,2.60237444818813E-16,-4.25));
#1523=DIRECTION('',(1.,0.,0.));
#1524=DIRECTION('',(0.,-6.12323399573676E-17,1.));
#1525=FACE_BOUND('',#1526,.T.);
#1526=EDGE_LOOP('',(#5182,#5183,#5184,#5185));
#1527=CYLINDRICAL_SURFACE('',#1528,3.5);
#1528=AXIS2_PLACEMENT_3D('',#1529,#1530,#1531);
#1529=CARTESIAN_POINT('',(0.,0.,0.));
#1530=DIRECTION('',(0.,-1.,-6.12323399573677E-17));
#1531=DIRECTION('',(1.,0.,0.));
#1532=FACE_BOUND('',#1533,.T.);
#1533=EDGE_LOOP('',(#5186,#5187,#5188,#5189));
#1534=PLANE('',#1535);
#1535=AXIS2_PLACEMENT_3D('',#1536,#1537,#1538);
#1536=CARTESIAN_POINT('',(1.29903810567666,2.60237444818813E-16,-4.25));
#1537=DIRECTION('',(1.,0.,0.));
#1538=DIRECTION('',(0.,-6.12323399573676E-17,1.));
#1539=FACE_BOUND('',#1540,.T.);
#1540=EDGE_LOOP('',(#5190,#5191,#5192,#5193,#5194,#5195,#5196,#5197));
#1541=CYLINDRICAL_SURFACE('',#1542,3.5);
#1542=AXIS2_PLACEMENT_3D('',#1543,#1544,#1545);
#1543=CARTESIAN_POINT('',(0.,0.,0.));
#1544=DIRECTION('',(0.,-1.,-6.12323399573677E-17));
#1545=DIRECTION('',(1.,0.,0.));
#1546=FACE_BOUND('',#1547,.T.);
#1547=EDGE_LOOP('',(#5198,#5199,#5200,#5201));
#1548=PLANE('',#1549);
#1549=AXIS2_PLACEMENT_3D('',#1550,#1551,#1552);
#1550=CARTESIAN_POINT('',(1.29903810567666,2.60237444818813E-16,-4.25));
#1551=DIRECTION('',(1.,0.,0.));
#1552=DIRECTION('',(0.,-6.12323399573676E-17,1.));
#1553=FACE_BOUND('',#1554,.T.);
#1554=EDGE_LOOP('',(#5202,#5203,#5204,#5205));
#1555=FACE_BOUND('',#1556,.T.);
#1556=EDGE_LOOP('',(#5206));
#1557=FACE_BOUND('',#1558,.T.);
#1558=EDGE_LOOP('',(#5207,#5208,#5209,#5210));
#1559=FACE_BOUND('',#1560,.T.);
#1560=EDGE_LOOP('',(#5211,#5212,#5213,#5214));
#1561=PLANE('',#1562);
#1562=AXIS2_PLACEMENT_3D('',#1563,#1564,#1565);
#1563=CARTESIAN_POINT('',(0.,-8.,-4.89858719658941E-16));
#1564=DIRECTION('',(0.,-1.,-6.12323399573677E-17));
#1565=DIRECTION('',(1.,0.,0.));
#1566=FACE_BOUND('',#1567,.T.);
#1567=EDGE_LOOP('',(#5215,#5216,#5217,#5218));
#1568=CYLINDRICAL_SURFACE('',#1569,3.5);
#1569=AXIS2_PLACEMENT_3D('',#1570,#1571,#1572);
#1570=CARTESIAN_POINT('',(0.,0.,0.));
#1571=DIRECTION('',(0.,-1.,-6.12323399573677E-17));
#1572=DIRECTION('',(1.,0.,0.));
#1573=FACE_BOUND('',#1574,.T.);
#1574=EDGE_LOOP('',(#5219,#5220,#5221,#5222));
#1575=PLANE('',#1576);
#1576=AXIS2_PLACEMENT_3D('',#1577,#1578,#1579);
#1577=CARTESIAN_POINT('',(-1.29903810567666,1.99005104861445E-16,-3.25));
#1578=DIRECTION('',(-1.,0.,0.));
#1579=DIRECTION('',(0.,6.12323399573676E-17,-1.));
#1580=FACE_BOUND('',#1581,.T.);
#1581=EDGE_LOOP('',(#5223,#5224,#5225,#5226));
#1582=CYLINDRICAL_SURFACE('',#1583,3.5);
#1583=AXIS2_PLACEMENT_3D('',#1584,#1585,#1586);
#1584=CARTESIAN_POINT('',(0.,0.,0.));
#1585=DIRECTION('',(0.,-1.,-6.12323399573677E-17));
#1586=DIRECTION('',(1.,0.,0.));
#1587=FACE_BOUND('',#1588,.T.);
#1588=EDGE_LOOP('',(#5227,#5228,#5229,#5230));
#1589=PLANE('',#1590);
#1590=AXIS2_PLACEMENT_3D('',#1591,#1592,#1593);
#1591=CARTESIAN_POINT('',(-1.29903810567666,1.99005104861445E-16,-3.25));
#1592=DIRECTION('',(-1.,0.,0.));
#1593=DIRECTION('',(0.,6.12323399573676E-17,-1.));
#1594=FACE_BOUND('',#1595,.T.);
#1595=EDGE_LOOP('',(#5231,#5232,#5233,#5234));
#1596=CYLINDRICAL_SURFACE('',#1597,3.5);
#1597=AXIS2_PLACEMENT_3D('',#1598,#1599,#1600);
#1598=CARTESIAN_POINT('',(0.,0.,0.));
#1599=DIRECTION('',(0.,-1.,-6.12323399573677E-17));
#1600=DIRECTION('',(1.,0.,0.));
#1601=FACE_BOUND('',#1602,.T.);
#1602=EDGE_LOOP('',(#5235,#5236,#5237,#5238));
#1603=PLANE('',#1604);
#1604=AXIS2_PLACEMENT_3D('',#1605,#1606,#1607);
#1605=CARTESIAN_POINT('',(-1.29903810567666,1.99005104861445E-16,-3.25));
#1606=DIRECTION('',(-1.,0.,0.));
#1607=DIRECTION('',(0.,6.12323399573676E-17,-1.));
#1608=FACE_BOUND('',#1609,.T.);
#1609=EDGE_LOOP('',(#5239,#5240,#5241,#5242));
#1610=CYLINDRICAL_SURFACE('',#1611,3.5);
#1611=AXIS2_PLACEMENT_3D('',#1612,#1613,#1614);
#1612=CARTESIAN_POINT('',(0.,0.,0.));
#1613=DIRECTION('',(0.,-1.,-6.12323399573677E-17));
#1614=DIRECTION('',(1.,0.,0.));
#1615=FACE_BOUND('',#1616,.T.);
#1616=EDGE_LOOP('',(#5243,#5244,#5245,#5246));
#1617=PLANE('',#1618);
#1618=AXIS2_PLACEMENT_3D('',#1619,#1620,#1621);
#1619=CARTESIAN_POINT('',(-1.29903810567666,1.99005104861445E-16,-3.25));
#1620=DIRECTION('',(-1.,0.,0.));
#1621=DIRECTION('',(0.,6.12323399573676E-17,-1.));
#1622=FACE_BOUND('',#1623,.T.);
#1623=EDGE_LOOP('',(#5247,#5248,#5249,#5250));
#1624=CYLINDRICAL_SURFACE('',#1625,3.5);
#1625=AXIS2_PLACEMENT_3D('',#1626,#1627,#1628);
#1626=CARTESIAN_POINT('',(0.,0.,0.));
#1627=DIRECTION('',(0.,-1.,-6.12323399573677E-17));
#1628=DIRECTION('',(1.,0.,0.));
#1629=FACE_BOUND('',#1630,.T.);
#1630=EDGE_LOOP('',(#5251,#5252,#5253,#5254));
#1631=PLANE('',#1632);
#1632=AXIS2_PLACEMENT_3D('',#1633,#1634,#1635);
#1633=CARTESIAN_POINT('',(-1.29903810567666,1.99005104861445E-16,-3.25));
#1634=DIRECTION('',(-1.,0.,0.));
#1635=DIRECTION('',(0.,6.12323399573676E-17,-1.));
#1636=FACE_BOUND('',#1637,.T.);
#1637=EDGE_LOOP('',(#5255,#5256,#5257,#5258));
#1638=CYLINDRICAL_SURFACE('',#1639,3.5);
#1639=AXIS2_PLACEMENT_3D('',#1640,#1641,#1642);
#1640=CARTESIAN_POINT('',(0.,0.,0.));
#1641=DIRECTION('',(0.,-1.,-6.12323399573677E-17));
#1642=DIRECTION('',(1.,0.,0.));
#1643=FACE_BOUND('',#1644,.T.);
#1644=EDGE_LOOP('',(#5259,#5260,#5261,#5262));
#1645=PLANE('',#1646);
#1646=AXIS2_PLACEMENT_3D('',#1647,#1648,#1649);
#1647=CARTESIAN_POINT('',(-1.29903810567666,1.99005104861445E-16,-3.25));
#1648=DIRECTION('',(-1.,0.,0.));
#1649=DIRECTION('',(0.,6.12323399573676E-17,-1.));
#1650=FACE_BOUND('',#1651,.T.);
#1651=EDGE_LOOP('',(#5263,#5264,#5265,#5266));
#1652=B_SPLINE_SURFACE_WITH_KNOTS('',1,3,(
(#1653,#1654,#1655,#1656,#1657,#1658,#1659,#1660,#1661,#1662,#1663,#1664,#1665,#1666,
#1667,#1668,#1669,#1670,#1671,#1672,#1673,#1674,#1675,#1676,#1677,#1678,#1679,#1680,
#1681),
(#1682,#1683,#1684,#1685,#1686,#1687,#1688,#1689,#1690,#1691,#1692,#1693,#1694,#1695,
#1696,#1697,#1698,#1699,#1700,#1701,#1702,#1703,#1704,#1705,#1706,#1707,#1708,#1709,
#1710)),
.UNSPECIFIED.,.F.,.F.,.F.,
(2,2),
(4,1,1,1,1,1,1,1,1,1,1,1,1,1,1,1,1,1,1,1,1,1,1,1,1,1,4),
(0.,1.),
(1.93256752269641,2.02556945584206,2.1185713889877,2.21157332213335,2.30457525527899,
2.39757718842464,2.49057912157028,2.58358105471592,2.67658298786157,2.76958492100721,
2.86258685415286,2.9555887872985,3.04859072044415,3.14159265358979,3.23459458673543,
3.32759651988108,3.42059845302672,3.51360038617237,3.60660231931801,3.69960425246366,
3.7926061856093,3.88560811875495,3.97861005190059,4.07161198504623,4.16461391819188,
4.25761585133752,4.35061778448317),
.UNSPECIFIED.);
#1653=CARTESIAN_POINT('',(-1.29903810410492,-0.161345166100461,3.43273701198933));
#1654=CARTESIAN_POINT('',(-1.40545516347013,-0.165456754260803,3.39246599368546));
#1655=CARTESIAN_POINT('',(-1.61454114597486,-0.173679930581487,3.30201988726827));
#1656=CARTESIAN_POINT('',(-1.91421555853962,-0.186014695062513,3.13781090354526));
#1657=CARTESIAN_POINT('',(-2.19734512978458,-0.19834945954354,2.94648143391032));
#1658=CARTESIAN_POINT('',(-2.46148277667111,-0.210684224024566,2.72968514745575));
#1659=CARTESIAN_POINT('',(-2.70434551274309,-0.223018988505592,2.48929584627715));
#1660=CARTESIAN_POINT('',(-2.92383424751239,-0.235353752986618,2.2273912445171));
#1661=CARTESIAN_POINT('',(-3.11805191114695,-0.247688517467644,1.94623501723618));
#1662=CARTESIAN_POINT('',(-3.28531985591422,-0.26002328194867,1.64825723335476));
#1663=CARTESIAN_POINT('',(-3.42419236365324,-0.272358046429696,1.33603335274809));
#1664=CARTESIAN_POINT('',(-3.53346914164708,-0.284692810910722,1.01226196608807));
#1665=CARTESIAN_POINT('',(-3.61220569681237,-0.297027575391748,0.679741470616328));
#1666=CARTESIAN_POINT('',(-3.65972149909805,-0.309362339872775,0.341345883231813));
#1667=CARTESIAN_POINT('',(-3.67560586338628,-0.3216971043538,9.79771819231701E-15));
#1668=CARTESIAN_POINT('',(-3.65972149909805,-0.334031868834827,-0.341345883231794));
#1669=CARTESIAN_POINT('',(-3.61220569681238,-0.346366633315853,-0.679741470616309));
#1670=CARTESIAN_POINT('',(-3.53346914164708,-0.358701397796879,-1.01226196608805));
#1671=CARTESIAN_POINT('',(-3.42419236365325,-0.371036162277905,-1.33603335274807));
#1672=CARTESIAN_POINT('',(-3.28531985591423,-0.383370926758931,-1.64825723335474));
#1673=CARTESIAN_POINT('',(-3.11805191114696,-0.395705691239957,-1.94623501723616));
#1674=CARTESIAN_POINT('',(-2.9238342475124,-0.408040455720983,-2.22739124451709));
#1675=CARTESIAN_POINT('',(-2.7043455127431,-0.420375220202009,-2.48929584627713));
#1676=CARTESIAN_POINT('',(-2.46148277667113,-0.432709984683035,-2.72968514745573));
#1677=CARTESIAN_POINT('',(-2.1973451297846,-0.445044749164062,-2.94648143391031));
#1678=CARTESIAN_POINT('',(-1.91421555853964,-0.457379513645088,-3.13781090354525));
#1679=CARTESIAN_POINT('',(-1.61454114597487,-0.469714278126114,-3.30201988726826));
#1680=CARTESIAN_POINT('',(-1.40545516347014,-0.477937454446798,-3.39246599368545));
#1681=CARTESIAN_POINT('',(-1.29903810410493,-0.482049042607141,-3.43273701198933));
#1682=CARTESIAN_POINT('',(-1.23875967761336,-0.131314728413327,3.27344993258171));
#1683=CARTESIAN_POINT('',(-1.34023873487522,-0.135426316573669,3.23504758434141));
#1684=CARTESIAN_POINT('',(-1.53962263551876,-0.143649492894353,3.14879839020869));
#1685=CARTESIAN_POINT('',(-1.82539144978575,-0.155984257375379,2.9922090899448));
#1686=CARTESIAN_POINT('',(-2.09538314232342,-0.168319021856405,2.80975775816787));
#1687=CARTESIAN_POINT('',(-2.34726418050756,-0.180653786337432,2.60302132983093));
#1688=CARTESIAN_POINT('',(-2.57885751382869,-0.192988550818458,2.37378665820066));
#1689=CARTESIAN_POINT('',(-2.78816145453944,-0.205323315299484,2.12403504659164));
#1690=CARTESIAN_POINT('',(-2.97336696131443,-0.21765807978051,1.85592513021203));
#1691=CARTESIAN_POINT('',(-3.1328732796281,-0.229992844261536,1.57177421706293));
#1692=CARTESIAN_POINT('',(-3.26530177604598,-0.242327608742562,1.2740382596177));
#1693=CARTESIAN_POINT('',(-3.36950785425917,-0.254662373223588,0.9652906275875));
#1694=CARTESIAN_POINT('',(-3.4445908478871,-0.266997137704614,0.648199865993385));
#1695=CARTESIAN_POINT('',(-3.4899018050753,-0.27933190218564,0.32550663058359));
#1696=CARTESIAN_POINT('',(-3.50504909746235,-0.291666666666666,9.33975119465913E-15));
#1697=CARTESIAN_POINT('',(-3.4899018050753,-0.304001431147692,-0.325506630583571));
#1698=CARTESIAN_POINT('',(-3.4445908478871,-0.316336195628719,-0.648199865993367));
#1699=CARTESIAN_POINT('',(-3.36950785425917,-0.328670960109745,-0.965290627587482));
#1700=CARTESIAN_POINT('',(-3.26530177604599,-0.341005724590771,-1.27403825961768));
#1701=CARTESIAN_POINT('',(-3.13287327962811,-0.353340489071797,-1.57177421706291));
#1702=CARTESIAN_POINT('',(-2.97336696131444,-0.365675253552823,-1.85592513021201));
#1703=CARTESIAN_POINT('',(-2.78816145453945,-0.378010018033849,-2.12403504659163));
#1704=CARTESIAN_POINT('',(-2.5788575138287,-0.390344782514875,-2.37378665820065));
#1705=CARTESIAN_POINT('',(-2.34726418050758,-0.402679546995901,-2.60302132983092));
#1706=CARTESIAN_POINT('',(-2.09538314232343,-0.415014311476927,-2.80975775816786));
#1707=CARTESIAN_POINT('',(-1.82539144978576,-0.427349075957953,-2.99220908994479));
#1708=CARTESIAN_POINT('',(-1.53962263551877,-0.43968384043898,-3.14879839020869));
#1709=CARTESIAN_POINT('',(-1.34023873487523,-0.447907016759664,-3.23504758434141));
#1710=CARTESIAN_POINT('',(-1.23875967761336,-0.452018604920006,-3.27344993258171));
#1711=FACE_BOUND('',#1712,.T.);
#1712=EDGE_LOOP('',(#5267,#5268,#5269,#5270));
#1713=PLANE('',#1714);
#1714=AXIS2_PLACEMENT_3D('',#1715,#1716,#1717);
#1715=CARTESIAN_POINT('',(-1.29903810567666,-2.60237444818813E-16,4.25));
#1716=DIRECTION('',(-1.,0.,0.));
#1717=DIRECTION('',(0.,6.12323399573676E-17,-1.));
#1718=FACE_BOUND('',#1719,.T.);
#1719=EDGE_LOOP('',(#5271,#5272,#5273,#5274));
#1720=PLANE('',#1721);
#1721=AXIS2_PLACEMENT_3D('',#1722,#1723,#1724);
#1722=CARTESIAN_POINT('',(-1.29903810567666,-2.60237444818813E-16,4.25));
#1723=DIRECTION('',(-1.,0.,0.));
#1724=DIRECTION('',(0.,6.12323399573676E-17,-1.));
#1725=FACE_BOUND('',#1726,.T.);
#1726=EDGE_LOOP('',(#5275,#5276,#5277,#5278));
#1727=PLANE('',#1728);
#1728=AXIS2_PLACEMENT_3D('',#1729,#1730,#1731);
#1729=CARTESIAN_POINT('',(-1.29903810567666,-2.60237444818813E-16,4.25));
#1730=DIRECTION('',(-1.,0.,0.));
#1731=DIRECTION('',(0.,6.12323399573676E-17,-1.));
#1732=FACE_BOUND('',#1733,.T.);
#1733=EDGE_LOOP('',(#5279,#5280,#5281,#5282));
#1734=PLANE('',#1735);
#1735=AXIS2_PLACEMENT_3D('',#1736,#1737,#1738);
#1736=CARTESIAN_POINT('',(-1.29903810567666,-2.60237444818813E-16,4.25));
#1737=DIRECTION('',(-1.,0.,0.));
#1738=DIRECTION('',(0.,6.12323399573676E-17,-1.));
#1739=FACE_BOUND('',#1740,.T.);
#1740=EDGE_LOOP('',(#5283,#5284,#5285,#5286));
#1741=PLANE('',#1742);
#1742=AXIS2_PLACEMENT_3D('',#1743,#1744,#1745);
#1743=CARTESIAN_POINT('',(-1.29903810567666,-2.60237444818813E-16,4.25));
#1744=DIRECTION('',(-1.,0.,0.));
#1745=DIRECTION('',(0.,6.12323399573676E-17,-1.));
#1746=FACE_BOUND('',#1747,.T.);
#1747=EDGE_LOOP('',(#5287,#5288,#5289,#5290));
#1748=PLANE('',#1749);
#1749=AXIS2_PLACEMENT_3D('',#1750,#1751,#1752);
#1750=CARTESIAN_POINT('',(-1.29903810567666,-2.60237444818813E-16,4.25));
#1751=DIRECTION('',(-1.,0.,0.));
#1752=DIRECTION('',(0.,6.12323399573676E-17,-1.));
#1753=FACE_BOUND('',#1754,.T.);
#1754=EDGE_LOOP('',(#5291,#5292,#5293,#5294));
#1755=PLANE('',#1756);
#1756=AXIS2_PLACEMENT_3D('',#1757,#1758,#1759);
#1757=CARTESIAN_POINT('',(1.29903810567666,-1.99005104861445E-16,3.25));
#1758=DIRECTION('',(1.,0.,0.));
#1759=DIRECTION('',(0.,-6.12323399573676E-17,1.));
#1760=FACE_BOUND('',#1761,.T.);
#1761=EDGE_LOOP('',(#5295,#5296,#5297,#5298));
#1762=PLANE('',#1763);
#1763=AXIS2_PLACEMENT_3D('',#1764,#1765,#1766);
#1764=CARTESIAN_POINT('',(1.29903810567666,-1.99005104861445E-16,3.25));
#1765=DIRECTION('',(1.,0.,0.));
#1766=DIRECTION('',(0.,-6.12323399573676E-17,1.));
#1767=FACE_BOUND('',#1768,.T.);
#1768=EDGE_LOOP('',(#5299,#5300,#5301,#5302));
#1769=PLANE('',#1770);
#1770=AXIS2_PLACEMENT_3D('',#1771,#1772,#1773);
#1771=CARTESIAN_POINT('',(1.29903810567666,-1.99005104861445E-16,3.25));
#1772=DIRECTION('',(1.,0.,0.));
#1773=DIRECTION('',(0.,-6.12323399573676E-17,1.));
#1774=FACE_BOUND('',#1775,.T.);
#1775=EDGE_LOOP('',(#5303,#5304,#5305,#5306));
#1776=PLANE('',#1777);
#1777=AXIS2_PLACEMENT_3D('',#1778,#1779,#1780);
#1778=CARTESIAN_POINT('',(1.29903810567666,-1.99005104861445E-16,3.25));
#1779=DIRECTION('',(1.,0.,0.));
#1780=DIRECTION('',(0.,-6.12323399573676E-17,1.));
#1781=FACE_BOUND('',#1782,.T.);
#1782=EDGE_LOOP('',(#5307,#5308,#5309,#5310));
#1783=PLANE('',#1784);
#1784=AXIS2_PLACEMENT_3D('',#1785,#1786,#1787);
#1785=CARTESIAN_POINT('',(1.29903810567666,-1.99005104861445E-16,3.25));
#1786=DIRECTION('',(1.,0.,0.));
#1787=DIRECTION('',(0.,-6.12323399573676E-17,1.));
#1788=FACE_BOUND('',#1789,.T.);
#1789=EDGE_LOOP('',(#5311,#5312,#5313,#5314));
#1790=(BOUNDED_SURFACE()B_SPLINE_SURFACE(3,3,(
(#1791,#1792,#1793,#1794,#1795,#1796,#1797,#1798,#1799,#1800,#1801,#1802,#1803,#1804,
#1805,#1806,#1807,#1808,#1809,#1810,#1811,#1812,#1813,#1814,#1815,#1816,#1817,#1818,
#1819),
(#1820,#1821,#1822,#1823,#1824,#1825,#1826,#1827,#1828,#1829,#1830,#1831,#1832,#1833,
#1834,#1835,#1836,#1837,#1838,#1839,#1840,#1841,#1842,#1843,#1844,#1845,#1846,#1847,
#1848),
(#1849,#1850,#1851,#1852,#1853,#1854,#1855,#1856,#1857,#1858,#1859,#1860,#1861,#1862,
#1863,#1864,#1865,#1866,#1867,#1868,#1869,#1870,#1871,#1872,#1873,#1874,#1875,#1876,
#1877),
(#1878,#1879,#1880,#1881,#1882,#1883,#1884,#1885,#1886,#1887,#1888,#1889,#1890,#1891,
#1892,#1893,#1894,#1895,#1896,#1897,#1898,#1899,#1900,#1901,#1902,#1903,#1904,#1905,
#1906)),
.UNSPECIFIED.,.F.,.F.,.F.)B_SPLINE_SURFACE_WITH_KNOTS((4,4),
(4,1,1,1,1,1,1,1,1,1,1,1,1,1,1,1,1,1,1,1,1,1,1,1,1,1,4),
(0.,2.79252680319093),
(5.06613055095493,5.15975014690565,5.25336974285637,5.3469893388071,5.44060893475782,
5.53422853070854,5.62784812665927,5.72146772260999,5.81508731856072,5.90870691451144,
6.00232651046216,6.09594610641289,6.18956570236361,6.28318529831433,6.37680489426506,
6.47042449021578,6.56404408616651,6.65766368211723,6.75128327806795,6.84490287401868,
6.9385224699694,7.03214206592012,7.12576166187085,7.21938125782157,7.3130008537723,
7.40662044972302,7.50024004567375),
.UNSPECIFIED.)GEOMETRIC_REPRESENTATION_ITEM()RATIONAL_B_SPLINE_SURFACE((
(1.,1.,1.,1.,1.,1.,1.,1.,1.,1.,1.,1.,1.,1.,1.,1.,1.,1.,1.,1.,1.,1.,1.,1.,1.,1.,1.,
1.,1.),
(0.449098785111286,0.449098785111286,0.449098785111286,0.449098785111286,0.449098785111286,
0.449098785111286,0.449098785111286,0.449098785111286,0.449098785111286,0.449098785111286,
0.449098785111286,0.449098785111286,0.449098785111286,0.449098785111286,0.449098785111286,
0.449098785111286,0.449098785111286,0.449098785111286,0.449098785111286,0.449098785111286,
0.449098785111286,0.449098785111286,0.449098785111286,0.449098785111286,0.449098785111286,
0.449098785111286,0.449098785111286,0.449098785111286,0.449098785111286),
(0.449098785111286,0.449098785111286,0.449098785111286,0.449098785111286,0.449098785111286,
0.449098785111286,0.449098785111286,0.449098785111286,0.449098785111286,0.449098785111286,
0.449098785111286,0.449098785111286,0.449098785111286,0.449098785111286,0.449098785111286,
0.449098785111286,0.449098785111286,0.449098785111286,0.449098785111286,0.449098785111286,
0.449098785111286,0.449098785111286,0.449098785111286,0.449098785111286,0.449098785111286,
0.449098785111286,0.449098785111286,0.449098785111286,0.449098785111286),
(1.,1.,1.,1.,1.,1.,1.,1.,1.,1.,1.,1.,1.,1.,1.,1.,1.,1.,1.,1.,1.,1.,1.,1.,1.,1.,1.,
1.,1.)))REPRESENTATION_ITEM('')SURFACE());
#1791=CARTESIAN_POINT('',(1.27143293079025,-0.766885995257319,-3.44305702710543));
#1792=CARTESIAN_POINT('',(1.37887880002788,-0.771024890108937,-3.40338001468575));
#1793=CARTESIAN_POINT('',(1.59005311977736,-0.779302679812173,-3.31395966057763));
#1794=CARTESIAN_POINT('',(1.89288867760136,-0.791719364367025,-3.15080466449313));
#1795=CARTESIAN_POINT('',(2.1791458486096,-0.804136048921879,-2.96005421207473));
#1796=CARTESIAN_POINT('',(2.44631757029263,-0.816552733476731,-2.74337892346437));
#1797=CARTESIAN_POINT('',(2.69206387989548,-0.828969418031584,-2.50267649476115));
#1798=CARTESIAN_POINT('',(2.91423247806229,-0.841386102586437,-2.24005505182036));
#1799=CARTESIAN_POINT('',(3.110877560487,-0.85380278714129,-1.95781469370239));
#1800=CARTESIAN_POINT('',(3.28027686471849,-0.866219471696144,-1.65842734602999));
#1801=CARTESIAN_POINT('',(3.42094675278846,-0.878636156250997,-1.34451511179271));
#1802=CARTESIAN_POINT('',(3.53165520561192,-0.89105284080585,-1.01882730623561));
#1803=CARTESIAN_POINT('',(3.61143261319631,-0.903469525360702,-0.684216377762155));
#1804=CARTESIAN_POINT('',(3.65958026673363,-0.915886209915556,-0.343612925528184));
#1805=CARTESIAN_POINT('',(3.67567647804538,-0.928302894470409,-3.25857973521027E-8));
#1806=CARTESIAN_POINT('',(3.65958027282606,-0.940719579025262,0.343612860641983));
#1807=CARTESIAN_POINT('',(3.61143262532781,-0.953136263580115,0.684216313729637));
#1808=CARTESIAN_POINT('',(3.53165522367625,-0.965552948134968,1.01882724361759));
#1809=CARTESIAN_POINT('',(3.42094677662739,-0.977969632689821,1.3445150511376));
#1810=CARTESIAN_POINT('',(3.28027689412324,-0.990386317244674,1.65842728786903));
#1811=CARTESIAN_POINT('',(3.11087759520004,-1.00280300179953,1.95781463854496));
#1812=CARTESIAN_POINT('',(2.91423251777959,-1.01521968635438,2.24005500014955));
#1813=CARTESIAN_POINT('',(2.69206392426919,-1.02763637090923,2.5026764470295));
#1814=CARTESIAN_POINT('',(2.44631761893412,-1.04005305546409,2.74337888008993));
#1815=CARTESIAN_POINT('',(2.17914590109285,-1.05246974001894,2.96005417343738));
#1816=CARTESIAN_POINT('',(1.89288873346672,-1.06488642457379,3.15080463093126));
#1817=CARTESIAN_POINT('',(1.59005317853553,-1.07730310912865,3.31395963238519));
#1818=CARTESIAN_POINT('',(1.37887886037151,-1.08558089883188,3.40337999023754));
#1819=CARTESIAN_POINT('',(1.27143299183736,-1.0897197936835,3.44305700456229));
#1820=CARTESIAN_POINT('',(1.31952720084291,-0.742405425167202,-3.57329694024452));
#1821=CARTESIAN_POINT('',(1.43103740609546,-0.746544320018819,-3.53211907244822));
#1822=CARTESIAN_POINT('',(1.65019977972985,-0.754822109722055,-3.43931623031849));
#1823=CARTESIAN_POINT('',(1.96449064498441,-0.767238794276908,-3.26998959886723));
#1824=CARTESIAN_POINT('',(2.26157601569833,-0.779655478831761,-3.0720236626045));
#1825=CARTESIAN_POINT('',(2.53885399514918,-0.792072163386614,-2.84715223592676));
#1826=CARTESIAN_POINT('',(2.79389610722203,-0.804488847941467,-2.59734479875));
#1827=CARTESIAN_POINT('',(3.02446863791151,-0.81690553249632,-2.32478922063578));
#1828=CARTESIAN_POINT('',(3.22855217931398,-0.829322217051173,-2.03187260608748));
#1829=CARTESIAN_POINT('',(3.40435932125924,-0.841738901606026,-1.721160385824));
#1830=CARTESIAN_POINT('',(3.55035030446626,-0.854155586160879,-1.39537384866391));
#1831=CARTESIAN_POINT('',(3.66524650648063,-0.866572270715733,-1.05736630771693));
#1832=CARTESIAN_POINT('',(3.74804164004296,-0.878988955270585,-0.710098110451029));
#1833=CARTESIAN_POINT('',(3.79801056640998,-0.891405639825439,-0.356610711281354));
#1834=CARTESIAN_POINT('',(3.81471564627854,-0.903822324380292,-3.38184145826093E-8));
#1835=CARTESIAN_POINT('',(3.79801057273286,-0.916239008935145,0.356610643940714));
#1836=CARTESIAN_POINT('',(3.74804165263336,-0.928655693489998,0.710098043996364));
#1837=CARTESIAN_POINT('',(3.66524652522826,-0.941072378044851,1.05736624273026));
#1838=CARTESIAN_POINT('',(3.55035032920694,-0.953489062599703,1.39537378571441));
#1839=CARTESIAN_POINT('',(3.40435935177628,-0.965905747154557,1.72116032546299));
#1840=CARTESIAN_POINT('',(3.2285522153401,-0.97832243170941,2.03187254884362));
#1841=CARTESIAN_POINT('',(3.02446867913119,-0.990739116264263,2.32478916701043));
#1842=CARTESIAN_POINT('',(2.79389615327426,-1.00315580081912,2.59734474921281));
#1843=CARTESIAN_POINT('',(2.53885404563062,-1.01557248537397,2.8471521909116));
#1844=CARTESIAN_POINT('',(2.26157607016686,-1.02798916992882,3.07202362250562));
#1845=CARTESIAN_POINT('',(1.96449070296297,-1.04040585448367,3.26998956403582));
#1846=CARTESIAN_POINT('',(1.65019984071066,-1.05282253903853,3.43931620105963));
#1847=CARTESIAN_POINT('',(1.43103746872169,-1.06110032874176,3.53211904707521));
#1848=CARTESIAN_POINT('',(1.31952726419924,-1.06523922359338,3.57329691684865));
#1849=CARTESIAN_POINT('',(1.31952720084291,-0.601427440721705,-3.57329694024452));
#1850=CARTESIAN_POINT('',(1.43103740609546,-0.605566335573322,-3.53211907244822));
#1851=CARTESIAN_POINT('',(1.65019977972985,-0.613844125276558,-3.43931623031849));
#1852=CARTESIAN_POINT('',(1.96449064498441,-0.626260809831411,-3.26998959886723));
#1853=CARTESIAN_POINT('',(2.26157601569833,-0.638677494386264,-3.0720236626045));
#1854=CARTESIAN_POINT('',(2.53885399514918,-0.651094178941117,-2.84715223592676));
#1855=CARTESIAN_POINT('',(2.79389610722203,-0.66351086349597,-2.59734479875));
#1856=CARTESIAN_POINT('',(3.02446863791151,-0.675927548050823,-2.32478922063578));
#1857=CARTESIAN_POINT('',(3.22855217931398,-0.688344232605676,-2.03187260608748));
#1858=CARTESIAN_POINT('',(3.40435932125924,-0.700760917160529,-1.721160385824));
#1859=CARTESIAN_POINT('',(3.55035030446626,-0.713177601715382,-1.39537384866391));
#1860=CARTESIAN_POINT('',(3.66524650648063,-0.725594286270236,-1.05736630771693));
#1861=CARTESIAN_POINT('',(3.74804164004296,-0.738010970825088,-0.710098110451029));
#1862=CARTESIAN_POINT('',(3.79801056640998,-0.750427655379942,-0.356610711281354));
#1863=CARTESIAN_POINT('',(3.81471564627854,-0.762844339934794,-3.38184145826093E-8));
#1864=CARTESIAN_POINT('',(3.79801057273286,-0.775261024489647,0.356610643940714));
#1865=CARTESIAN_POINT('',(3.74804165263336,-0.7876777090445,0.710098043996364));
#1866=CARTESIAN_POINT('',(3.66524652522826,-0.800094393599353,1.05736624273026));
#1867=CARTESIAN_POINT('',(3.55035032920694,-0.812511078154207,1.39537378571441));
#1868=CARTESIAN_POINT('',(3.40435935177628,-0.82492776270906,1.72116032546299));
#1869=CARTESIAN_POINT('',(3.2285522153401,-0.837344447263913,2.03187254884362));
#1870=CARTESIAN_POINT('',(3.02446867913119,-0.849761131818766,2.32478916701043));
#1871=CARTESIAN_POINT('',(2.79389615327426,-0.862177816373619,2.59734474921281));
#1872=CARTESIAN_POINT('',(2.53885404563062,-0.874594500928472,2.8471521909116));
#1873=CARTESIAN_POINT('',(2.26157607016686,-0.887011185483325,3.07202362250562));
#1874=CARTESIAN_POINT('',(1.96449070296297,-0.899427870038178,3.26998956403582));
#1875=CARTESIAN_POINT('',(1.65019984071066,-0.911844554593031,3.43931620105963));
#1876=CARTESIAN_POINT('',(1.43103746872169,-0.920122344296267,3.53211904707521));
#1877=CARTESIAN_POINT('',(1.31952726419924,-0.924261239147885,3.57329691684865));
#1878=CARTESIAN_POINT('',(1.27143293079025,-0.576946870631587,-3.44305702710543));
#1879=CARTESIAN_POINT('',(1.37887880002788,-0.581085765483205,-3.40338001468575));
#1880=CARTESIAN_POINT('',(1.59005311977736,-0.589363555186441,-3.31395966057763));
#1881=CARTESIAN_POINT('',(1.89288867760136,-0.601780239741293,-3.15080466449313));
#1882=CARTESIAN_POINT('',(2.1791458486096,-0.614196924296147,-2.96005421207473));
#1883=CARTESIAN_POINT('',(2.44631757029263,-0.626613608851,-2.74337892346437));
#1884=CARTESIAN_POINT('',(2.69206387989548,-0.639030293405853,-2.50267649476115));
#1885=CARTESIAN_POINT('',(2.91423247806229,-0.651446977960706,-2.24005505182036));
#1886=CARTESIAN_POINT('',(3.110877560487,-0.663863662515559,-1.95781469370239));
#1887=CARTESIAN_POINT('',(3.28027686471849,-0.676280347070412,-1.65842734602999));
#1888=CARTESIAN_POINT('',(3.42094675278846,-0.688697031625265,-1.34451511179271));
#1889=CARTESIAN_POINT('',(3.53165520561192,-0.701113716180118,-1.01882730623561));
#1890=CARTESIAN_POINT('',(3.61143261319631,-0.713530400734971,-0.684216377762155));
#1891=CARTESIAN_POINT('',(3.65958026673363,-0.725947085289824,-0.343612925528184));
#1892=CARTESIAN_POINT('',(3.67567647804538,-0.738363769844677,-3.25857973521027E-8));
#1893=CARTESIAN_POINT('',(3.65958027282606,-0.75078045439953,0.343612860641983));
#1894=CARTESIAN_POINT('',(3.61143262532781,-0.763197138954383,0.684216313729637));
#1895=CARTESIAN_POINT('',(3.53165522367625,-0.775613823509237,1.01882724361759));
#1896=CARTESIAN_POINT('',(3.42094677662739,-0.788030508064089,1.3445150511376));
#1897=CARTESIAN_POINT('',(3.28027689412324,-0.800447192618942,1.65842728786903));
#1898=CARTESIAN_POINT('',(3.11087759520004,-0.812863877173795,1.95781463854496));
#1899=CARTESIAN_POINT('',(2.91423251777959,-0.825280561728649,2.24005500014955));
#1900=CARTESIAN_POINT('',(2.69206392426919,-0.837697246283502,2.5026764470295));
#1901=CARTESIAN_POINT('',(2.44631761893412,-0.850113930838355,2.74337888008993));
#1902=CARTESIAN_POINT('',(2.17914590109285,-0.862530615393208,2.96005417343738));
#1903=CARTESIAN_POINT('',(1.89288873346672,-0.874947299948061,3.15080463093126));
#1904=CARTESIAN_POINT('',(1.59005317853553,-0.887363984502914,3.31395963238519));
#1905=CARTESIAN_POINT('',(1.37887886037151,-0.895641774206149,3.40337999023754));
#1906=CARTESIAN_POINT('',(1.27143299183736,-0.899780669057768,3.44305700456229));
#1907=FACE_BOUND('',#1908,.T.);
#1908=EDGE_LOOP('',(#5315,#5316,#5317,#5318));
#1909=B_SPLINE_SURFACE_WITH_KNOTS('',1,3,(
(#1910,#1911,#1912,#1913,#1914,#1915,#1916,#1917,#1918,#1919,#1920,#1921,#1922,#1923,
#1924,#1925,#1926,#1927,#1928,#1929,#1930,#1931,#1932,#1933,#1934,#1935,#1936,#1937,
#1938),
(#1939,#1940,#1941,#1942,#1943,#1944,#1945,#1946,#1947,#1948,#1949,#1950,#1951,#1952,
#1953,#1954,#1955,#1956,#1957,#1958,#1959,#1960,#1961,#1962,#1963,#1964,#1965,#1966,
#1967)),
.UNSPECIFIED.,.F.,.F.,.F.,
(2,2),
(4,1,1,1,1,1,1,1,1,1,1,1,1,1,1,1,1,1,1,1,1,1,1,1,1,1,4),
(0.,1.),
(5.07416017628621,5.16716210943185,5.26016404257749,5.35316597572314,5.44616790886878,
5.53916984201443,5.63217177516007,5.72517370830572,5.81817564145136,5.911177574597,
6.00417950774265,6.09718144088829,6.19018337403394,6.28318530717958,6.37618724032523,
6.46918917347087,6.56219110661652,6.65519303976216,6.7481949729078,6.84119690605345,
6.93419883919909,7.02720077234474,7.12020270549038,7.21320463863603,7.30620657178167,
7.39920850492732,7.49221043807297),
.UNSPECIFIED.);
#1910=CARTESIAN_POINT('',(1.23875967761336,-0.797981395079994,-3.27344993258172));
#1911=CARTESIAN_POINT('',(1.34023873487522,-0.802092983240336,-3.23504758434141));
#1912=CARTESIAN_POINT('',(1.53962263551876,-0.81031615956102,-3.1487983902087));
#1913=CARTESIAN_POINT('',(1.82539144978575,-0.822650924042046,-2.9922090899448));
#1914=CARTESIAN_POINT('',(2.09538314232341,-0.834985688523073,-2.80975775816788));
#1915=CARTESIAN_POINT('',(2.34726418050756,-0.847320453004098,-2.60302132983094));
#1916=CARTESIAN_POINT('',(2.57885751382868,-0.859655217485124,-2.37378665820067));
#1917=CARTESIAN_POINT('',(2.78816145453944,-0.871989981966151,-2.12403504659164));
#1918=CARTESIAN_POINT('',(2.97336696131442,-0.884324746447177,-1.85592513021203));
#1919=CARTESIAN_POINT('',(3.1328732796281,-0.896659510928203,-1.57177421706293));
#1920=CARTESIAN_POINT('',(3.26530177604598,-0.908994275409229,-1.2740382596177));
#1921=CARTESIAN_POINT('',(3.36950785425917,-0.921329039890255,-0.965290627587503));
#1922=CARTESIAN_POINT('',(3.4445908478871,-0.933663804371281,-0.648199865993388));
#1923=CARTESIAN_POINT('',(3.4899018050753,-0.945998568852307,-0.325506630583593));
#1924=CARTESIAN_POINT('',(3.50504909746235,-0.958333333333333,-1.28091981466127E-14));
#1925=CARTESIAN_POINT('',(3.4899018050753,-0.970668097814359,0.325506630583567));
#1926=CARTESIAN_POINT('',(3.4445908478871,-0.983002862295385,0.648199865993363));
#1927=CARTESIAN_POINT('',(3.36950785425917,-0.995337626776411,0.965290627587479));
#1928=CARTESIAN_POINT('',(3.26530177604599,-1.00767239125744,1.27403825961768));
#1929=CARTESIAN_POINT('',(3.13287327962811,-1.02000715573846,1.57177421706291));
#1930=CARTESIAN_POINT('',(2.97336696131444,-1.03234192021949,1.85592513021201));
#1931=CARTESIAN_POINT('',(2.78816145453946,-1.04467668470052,2.12403504659162));
#1932=CARTESIAN_POINT('',(2.5788575138287,-1.05701144918154,2.37378665820065));
#1933=CARTESIAN_POINT('',(2.34726418050758,-1.06934621366257,2.60302132983092));
#1934=CARTESIAN_POINT('',(2.09538314232343,-1.08168097814359,2.80975775816786));
#1935=CARTESIAN_POINT('',(1.82539144978577,-1.09401574262462,2.99220908994479));
#1936=CARTESIAN_POINT('',(1.53962263551878,-1.10635050710565,3.14879839020869));
#1937=CARTESIAN_POINT('',(1.34023873487523,-1.11457368342633,3.23504758434141));
#1938=CARTESIAN_POINT('',(1.23875967761336,-1.11868527158667,3.27344993258171));
#1939=CARTESIAN_POINT('',(1.29903810410492,-0.76795095739286,-3.43273701198933));
#1940=CARTESIAN_POINT('',(1.40545516347013,-0.772062545553202,-3.39246599368546));
#1941=CARTESIAN_POINT('',(1.61454114597486,-0.780285721873886,-3.30201988726827));
#1942=CARTESIAN_POINT('',(1.91421555853962,-0.792620486354912,-3.13781090354527));
#1943=CARTESIAN_POINT('',(2.19734512978458,-0.804955250835938,-2.94648143391032));
#1944=CARTESIAN_POINT('',(2.46148277667111,-0.817290015316964,-2.72968514745575));
#1945=CARTESIAN_POINT('',(2.70434551274308,-0.82962477979799,-2.48929584627715));
#1946=CARTESIAN_POINT('',(2.92383424751239,-0.841959544279016,-2.2273912445171));
#1947=CARTESIAN_POINT('',(3.11805191114695,-0.854294308760043,-1.94623501723618));
#1948=CARTESIAN_POINT('',(3.28531985591422,-0.866629073241069,-1.64825723335477));
#1949=CARTESIAN_POINT('',(3.42419236365324,-0.878963837722094,-1.33603335274809));
#1950=CARTESIAN_POINT('',(3.53346914164707,-0.891298602203121,-1.01226196608807));
#1951=CARTESIAN_POINT('',(3.61220569681237,-0.903633366684146,-0.679741470616332));
#1952=CARTESIAN_POINT('',(3.65972149909804,-0.915968131165173,-0.341345883231817));
#1953=CARTESIAN_POINT('',(3.67560586338628,-0.928302895646199,-1.346145417358E-14));
#1954=CARTESIAN_POINT('',(3.65972149909805,-0.940637660127225,0.34134588323179));
#1955=CARTESIAN_POINT('',(3.61220569681238,-0.952972424608251,0.679741470616305));
#1956=CARTESIAN_POINT('',(3.53346914164708,-0.965307189089277,1.01226196608804));
#1957=CARTESIAN_POINT('',(3.42419236365325,-0.977641953570303,1.33603335274807));
#1958=CARTESIAN_POINT('',(3.28531985591423,-0.989976718051329,1.64825723335474));
#1959=CARTESIAN_POINT('',(3.11805191114696,-1.00231148253236,1.94623501723616));
#1960=CARTESIAN_POINT('',(2.9238342475124,-1.01464624701338,2.22739124451708));
#1961=CARTESIAN_POINT('',(2.7043455127431,-1.02698101149441,2.48929584627713));
#1962=CARTESIAN_POINT('',(2.46148277667113,-1.03931577597543,2.72968514745573));
#1963=CARTESIAN_POINT('',(2.1973451297846,-1.05165054045646,2.94648143391031));
#1964=CARTESIAN_POINT('',(1.91421555853964,-1.06398530493749,3.13781090354525));
#1965=CARTESIAN_POINT('',(1.61454114597487,-1.07632006941851,3.30201988726826));
#1966=CARTESIAN_POINT('',(1.40545516347014,-1.0845432457392,3.39246599368545));
#1967=CARTESIAN_POINT('',(1.29903810410493,-1.08865483389954,3.43273701198933));
#1968=FACE_BOUND('',#1969,.T.);
#1969=EDGE_LOOP('',(#5319,#5320,#5321,#5322));
#1970=B_SPLINE_SURFACE_WITH_KNOTS('',1,3,(
(#1971,#1972,#1973,#1974,#1975,#1976,#1977,#1978,#1979,#1980,#1981,#1982,#1983,#1984,
#1985,#1986,#1987,#1988,#1989,#1990,#1991,#1992,#1993,#1994,#1995,#1996,#1997,#1998,
#1999),
(#2000,#2001,#2002,#2003,#2004,#2005,#2006,#2007,#2008,#2009,#2010,#2011,#2012,#2013,
#2014,#2015,#2016,#2017,#2018,#2019,#2020,#2021,#2022,#2023,#2024,#2025,#2026,#2027,
#2028)),
.UNSPECIFIED.,.F.,.F.,.F.,
(2,2),
(4,1,1,1,1,1,1,1,1,1,1,1,1,1,1,1,1,1,1,1,1,1,1,1,1,1,4),
(0.,1.),
(11.3573454834658,11.4503474166114,11.5433493497571,11.6363512829027,11.7293532160484,
11.822355149194,11.9153570823397,12.0083590154853,12.101360948631,12.1943628817766,
12.2873648149222,12.3803667480679,12.4733686812135,12.5663706143592,12.6593725475048,
12.7523744806505,12.8453764137961,12.9383783469418,13.0313802800874,13.1243822132331,
13.2173841463787,13.3103860795243,13.40338801267,13.4963899458156,13.5893918789613,
13.6823938121069,13.7753957452526),
.UNSPECIFIED.);
#1971=CARTESIAN_POINT('',(1.29903810410492,-1.41134516610046,-3.43273701198933));
#1972=CARTESIAN_POINT('',(1.40545516347013,-1.4154567542608,-3.39246599368546));
#1973=CARTESIAN_POINT('',(1.61454114597486,-1.42367993058149,-3.30201988726827));
#1974=CARTESIAN_POINT('',(1.91421555853963,-1.43601469506251,-3.13781090354526));
#1975=CARTESIAN_POINT('',(2.19734512978459,-1.44834945954354,-2.94648143391032));
#1976=CARTESIAN_POINT('',(2.46148277667112,-1.46068422402457,-2.72968514745574));
#1977=CARTESIAN_POINT('',(2.70434551274309,-1.47301898850559,-2.48929584627714));
#1978=CARTESIAN_POINT('',(2.9238342475124,-1.48535375298662,-2.22739124451709));
#1979=CARTESIAN_POINT('',(3.11805191114696,-1.49768851746764,-1.94623501723616));
#1980=CARTESIAN_POINT('',(3.28531985591423,-1.51002328194867,-1.64825723335474));
#1981=CARTESIAN_POINT('',(3.42419236365325,-1.5223580464297,-1.33603335274806));
#1982=CARTESIAN_POINT('',(3.53346914164708,-1.53469281091072,-1.01226196608804));
#1983=CARTESIAN_POINT('',(3.61220569681238,-1.54702757539175,-0.679741470616294));
#1984=CARTESIAN_POINT('',(3.65972149909805,-1.55936233987278,-0.341345883231776));
#1985=CARTESIAN_POINT('',(3.67560586338628,-1.5716971043538,3.1336044870045E-14));
#1986=CARTESIAN_POINT('',(3.65972149909804,-1.58403186883483,0.341345883231838));
#1987=CARTESIAN_POINT('',(3.61220569681237,-1.59636663331585,0.679741470616356));
#1988=CARTESIAN_POINT('',(3.53346914164706,-1.60870139779688,1.0122619660881));
#1989=CARTESIAN_POINT('',(3.42419236365323,-1.62103616227791,1.33603335274812));
#1990=CARTESIAN_POINT('',(3.2853198559142,-1.63337092675893,1.6482572333548));
#1991=CARTESIAN_POINT('',(3.11805191114693,-1.64570569123996,1.94623501723621));
#1992=CARTESIAN_POINT('',(2.92383424751236,-1.65804045572099,2.22739124451714));
#1993=CARTESIAN_POINT('',(2.70434551274305,-1.67037522020201,2.48929584627718));
#1994=CARTESIAN_POINT('',(2.46148277667107,-1.68270998468304,2.72968514745578));
#1995=CARTESIAN_POINT('',(2.19734512978454,-1.69504474916406,2.94648143391035));
#1996=CARTESIAN_POINT('',(1.91421555853957,-1.70737951364509,3.1378109035453));
#1997=CARTESIAN_POINT('',(1.61454114597482,-1.71971427812612,3.30201988726828));
#1998=CARTESIAN_POINT('',(1.40545516347011,-1.7279374544468,3.39246599368546));
#1999=CARTESIAN_POINT('',(1.29903810410493,-1.73204904260714,3.43273701198933));
#2000=CARTESIAN_POINT('',(1.23875967761336,-1.38131472841333,-3.27344993258171));
#2001=CARTESIAN_POINT('',(1.34023873487522,-1.38542631657367,-3.23504758434141));
#2002=CARTESIAN_POINT('',(1.53962263551876,-1.39364949289435,-3.14879839020869));
#2003=CARTESIAN_POINT('',(1.82539144978575,-1.40598425737538,-2.9922090899448));
#2004=CARTESIAN_POINT('',(2.09538314232342,-1.41831902185641,-2.80975775816787));
#2005=CARTESIAN_POINT('',(2.34726418050757,-1.43065378633743,-2.60302132983093));
#2006=CARTESIAN_POINT('',(2.5788575138287,-1.44298855081846,-2.37378665820065));
#2007=CARTESIAN_POINT('',(2.78816145453945,-1.45532331529948,-2.12403504659163));
#2008=CARTESIAN_POINT('',(2.97336696131444,-1.46765807978051,-1.85592513021201));
#2009=CARTESIAN_POINT('',(3.13287327962811,-1.47999284426154,-1.57177421706291));
#2010=CARTESIAN_POINT('',(3.26530177604599,-1.49232760874256,-1.27403825961768));
#2011=CARTESIAN_POINT('',(3.36950785425917,-1.50466237322359,-0.965290627587471));
#2012=CARTESIAN_POINT('',(3.4445908478871,-1.51699713770462,-0.648199865993352));
#2013=CARTESIAN_POINT('',(3.4899018050753,-1.52933190218564,-0.325506630583553));
#2014=CARTESIAN_POINT('',(3.50504909746235,-1.54166666666667,2.98927549380323E-14));
#2015=CARTESIAN_POINT('',(3.4899018050753,-1.55400143114769,0.325506630583613));
#2016=CARTESIAN_POINT('',(3.44459084788709,-1.56633619562872,0.648199865993411));
#2017=CARTESIAN_POINT('',(3.36950785425916,-1.57867096010975,0.965290627587528));
#2018=CARTESIAN_POINT('',(3.26530177604597,-1.59100572459077,1.27403825961773));
#2019=CARTESIAN_POINT('',(3.13287327962808,-1.6033404890718,1.57177421706296));
#2020=CARTESIAN_POINT('',(2.97336696131441,-1.61567525355282,1.85592513021206));
#2021=CARTESIAN_POINT('',(2.78816145453942,-1.62801001803385,2.12403504659168));
#2022=CARTESIAN_POINT('',(2.57885751382866,-1.64034478251488,2.3737866582007));
#2023=CARTESIAN_POINT('',(2.34726418050752,-1.6526795469959,2.60302132983097));
#2024=CARTESIAN_POINT('',(2.09538314232337,-1.66501431147693,2.8097577581679));
#2025=CARTESIAN_POINT('',(1.8253914497857,-1.67734907595796,2.99220908994483));
#2026=CARTESIAN_POINT('',(1.53962263551873,-1.68968384043898,3.14879839020871));
#2027=CARTESIAN_POINT('',(1.3402387348752,-1.69790701675966,3.23504758434142));
#2028=CARTESIAN_POINT('',(1.23875967761336,-1.70201860492001,3.27344993258171));
#2029=FACE_BOUND('',#2030,.T.);
#2030=EDGE_LOOP('',(#5323,#5324,#5325,#5326));
#2031=B_SPLINE_SURFACE_WITH_KNOTS('',1,3,(
(#2032,#2033,#2034,#2035,#2036,#2037,#2038,#2039,#2040,#2041,#2042,#2043,#2044,#2045,
#2046,#2047,#2048,#2049,#2050,#2051,#2052,#2053,#2054,#2055,#2056,#2057,#2058,#2059,
#2060),
(#2061,#2062,#2063,#2064,#2065,#2066,#2067,#2068,#2069,#2070,#2071,#2072,#2073,#2074,
#2075,#2076,#2077,#2078,#2079,#2080,#2081,#2082,#2083,#2084,#2085,#2086,#2087,#2088,
#2089)),
.UNSPECIFIED.,.F.,.F.,.F.,
(2,2),
(4,1,1,1,1,1,1,1,1,1,1,1,1,1,1,1,1,1,1,1,1,1,1,1,1,1,4),
(0.,1.),
(11.3573454834658,11.4503474166114,11.5433493497571,11.6363512829027,11.7293532160484,
11.822355149194,11.9153570823397,12.0083590154853,12.101360948631,12.1943628817766,
12.2873648149222,12.3803667480679,12.4733686812135,12.5663706143592,12.6593725475048,
12.7523744806505,12.8453764137961,12.9383783469418,13.0313802800874,13.1243822132331,
13.2173841463787,13.3103860795243,13.40338801267,13.4963899458156,13.5893918789613,
13.6823938121069,13.7753957452526),
.UNSPECIFIED.);
#2032=CARTESIAN_POINT('',(1.23875967761336,-1.63131472841333,-3.27344993258171));
#2033=CARTESIAN_POINT('',(1.34023873487522,-1.63542631657367,-3.23504758434141));
#2034=CARTESIAN_POINT('',(1.53962263551876,-1.64364949289435,-3.14879839020869));
#2035=CARTESIAN_POINT('',(1.82539144978575,-1.65598425737538,-2.9922090899448));
#2036=CARTESIAN_POINT('',(2.09538314232342,-1.66831902185641,-2.80975775816787));
#2037=CARTESIAN_POINT('',(2.34726418050757,-1.68065378633743,-2.60302132983093));
#2038=CARTESIAN_POINT('',(2.5788575138287,-1.69298855081846,-2.37378665820065));
#2039=CARTESIAN_POINT('',(2.78816145453945,-1.70532331529948,-2.12403504659163));
#2040=CARTESIAN_POINT('',(2.97336696131444,-1.71765807978051,-1.85592513021201));
#2041=CARTESIAN_POINT('',(3.13287327962811,-1.72999284426154,-1.57177421706291));
#2042=CARTESIAN_POINT('',(3.26530177604599,-1.74232760874256,-1.27403825961768));
#2043=CARTESIAN_POINT('',(3.36950785425917,-1.75466237322359,-0.965290627587471));
#2044=CARTESIAN_POINT('',(3.4445908478871,-1.76699713770462,-0.648199865993352));
#2045=CARTESIAN_POINT('',(3.4899018050753,-1.77933190218564,-0.325506630583553));
#2046=CARTESIAN_POINT('',(3.50504909746235,-1.79166666666667,2.98927549380323E-14));
#2047=CARTESIAN_POINT('',(3.4899018050753,-1.80400143114769,0.325506630583613));
#2048=CARTESIAN_POINT('',(3.44459084788709,-1.81633619562872,0.648199865993411));
#2049=CARTESIAN_POINT('',(3.36950785425916,-1.82867096010975,0.965290627587528));
#2050=CARTESIAN_POINT('',(3.26530177604597,-1.84100572459077,1.27403825961773));
#2051=CARTESIAN_POINT('',(3.13287327962808,-1.8533404890718,1.57177421706296));
#2052=CARTESIAN_POINT('',(2.97336696131441,-1.86567525355282,1.85592513021206));
#2053=CARTESIAN_POINT('',(2.78816145453942,-1.87801001803385,2.12403504659168));
#2054=CARTESIAN_POINT('',(2.57885751382866,-1.89034478251488,2.3737866582007));
#2055=CARTESIAN_POINT('',(2.34726418050752,-1.9026795469959,2.60302132983096));
#2056=CARTESIAN_POINT('',(2.09538314232337,-1.91501431147693,2.8097577581679));
#2057=CARTESIAN_POINT('',(1.8253914497857,-1.92734907595796,2.99220908994483));
#2058=CARTESIAN_POINT('',(1.53962263551872,-1.93968384043898,3.14879839020871));
#2059=CARTESIAN_POINT('',(1.34023873487519,-1.94790701675966,3.23504758434142));
#2060=CARTESIAN_POINT('',(1.23875967761335,-1.95201860492001,3.27344993258172));
#2061=CARTESIAN_POINT('',(1.29903810410492,-1.60128429072619,-3.43273701198933));
#2062=CARTESIAN_POINT('',(1.40545516347013,-1.60539587888654,-3.39246599368546));
#2063=CARTESIAN_POINT('',(1.61454114597486,-1.61361905520722,-3.30201988726827));
#2064=CARTESIAN_POINT('',(1.91421555853963,-1.62595381968825,-3.13781090354526));
#2065=CARTESIAN_POINT('',(2.19734512978459,-1.63828858416927,-2.94648143391032));
#2066=CARTESIAN_POINT('',(2.46148277667112,-1.6506233486503,-2.72968514745574));
#2067=CARTESIAN_POINT('',(2.70434551274309,-1.66295811313132,-2.48929584627714));
#2068=CARTESIAN_POINT('',(2.9238342475124,-1.67529287761235,-2.22739124451709));
#2069=CARTESIAN_POINT('',(3.11805191114696,-1.68762764209338,-1.94623501723616));
#2070=CARTESIAN_POINT('',(3.28531985591423,-1.6999624065744,-1.64825723335474));
#2071=CARTESIAN_POINT('',(3.42419236365325,-1.71229717105543,-1.33603335274806));
#2072=CARTESIAN_POINT('',(3.53346914164708,-1.72463193553646,-1.01226196608804));
#2073=CARTESIAN_POINT('',(3.61220569681238,-1.73696670001748,-0.679741470616294));
#2074=CARTESIAN_POINT('',(3.65972149909805,-1.74930146449851,-0.341345883231776));
#2075=CARTESIAN_POINT('',(3.67560586338628,-1.76163622897953,3.1336044870045E-14));
#2076=CARTESIAN_POINT('',(3.65972149909804,-1.77397099346056,0.341345883231838));
#2077=CARTESIAN_POINT('',(3.61220569681237,-1.78630575794159,0.679741470616356));
#2078=CARTESIAN_POINT('',(3.53346914164706,-1.79864052242261,1.0122619660881));
#2079=CARTESIAN_POINT('',(3.42419236365323,-1.81097528690364,1.33603335274812));
#2080=CARTESIAN_POINT('',(3.2853198559142,-1.82331005138467,1.6482572333548));
#2081=CARTESIAN_POINT('',(3.11805191114693,-1.83564481586569,1.94623501723621));
#2082=CARTESIAN_POINT('',(2.92383424751236,-1.84797958034672,2.22739124451714));
#2083=CARTESIAN_POINT('',(2.70434551274305,-1.86031434482774,2.48929584627718));
#2084=CARTESIAN_POINT('',(2.46148277667107,-1.87264910930877,2.72968514745578));
#2085=CARTESIAN_POINT('',(2.19734512978454,-1.8849838737898,2.94648143391035));
#2086=CARTESIAN_POINT('',(1.91421555853957,-1.89731863827082,3.1378109035453));
#2087=CARTESIAN_POINT('',(1.61454114597482,-1.90965340275185,3.30201988726829));
#2088=CARTESIAN_POINT('',(1.4054551634701,-1.91787657907253,3.39246599368547));
#2089=CARTESIAN_POINT('',(1.29903810410492,-1.92198816723287,3.43273701198933));
#2090=FACE_BOUND('',#2091,.T.);
#2091=EDGE_LOOP('',(#5327,#5328,#5329,#5330));
#2092=(BOUNDED_SURFACE()B_SPLINE_SURFACE(3,3,(
(#2093,#2094,#2095,#2096,#2097,#2098,#2099,#2100,#2101,#2102,#2103,#2104,#2105,#2106,
#2107,#2108,#2109,#2110,#2111,#2112,#2113,#2114,#2115,#2116,#2117,#2118,#2119,#2120,
#2121),
(#2122,#2123,#2124,#2125,#2126,#2127,#2128,#2129,#2130,#2131,#2132,#2133,#2134,#2135,
#2136,#2137,#2138,#2139,#2140,#2141,#2142,#2143,#2144,#2145,#2146,#2147,#2148,#2149,
#2150),
(#2151,#2152,#2153,#2154,#2155,#2156,#2157,#2158,#2159,#2160,#2161,#2162,#2163,#2164,
#2165,#2166,#2167,#2168,#2169,#2170,#2171,#2172,#2173,#2174,#2175,#2176,#2177,#2178,
#2179),
(#2180,#2181,#2182,#2183,#2184,#2185,#2186,#2187,#2188,#2189,#2190,#2191,#2192,#2193,
#2194,#2195,#2196,#2197,#2198,#2199,#2200,#2201,#2202,#2203,#2204,#2205,#2206,#2207,
#2208)),
.UNSPECIFIED.,.F.,.F.,.F.)B_SPLINE_SURFACE_WITH_KNOTS((4,4),
(4,1,1,1,1,1,1,1,1,1,1,1,1,1,1,1,1,1,1,1,1,1,1,1,1,1,4),
(0.,2.79252680319093),
(11.3493158581345,11.4429354540852,11.536555050036,11.6301746459867,11.7237942419374,
11.8174138378881,11.9110334338389,12.0046530297896,12.0982726257403,12.191892221691,
12.2855118176417,12.3791314135925,12.4727510095432,12.5663706054939,12.6599902014446,
12.7536097973954,12.8472293933461,12.9408489892968,13.0344685852475,13.1280881811983,
13.221707777149,13.3153273730997,13.4089469690504,13.5025665650012,13.5961861609519,
13.6898057569026,13.7834253528533),
.UNSPECIFIED.)GEOMETRIC_REPRESENTATION_ITEM()RATIONAL_B_SPLINE_SURFACE((
(1.,1.,1.,1.,1.,1.,1.,1.,1.,1.,1.,1.,1.,1.,1.,1.,1.,1.,1.,1.,1.,1.,1.,1.,1.,1.,1.,
1.,1.),
(0.449098785111286,0.449098785111286,0.449098785111286,0.449098785111286,0.449098785111286,
0.449098785111286,0.449098785111286,0.449098785111286,0.449098785111286,0.449098785111286,
0.449098785111286,0.449098785111286,0.449098785111286,0.449098785111286,0.449098785111286,
0.449098785111286,0.449098785111286,0.449098785111286,0.449098785111286,0.449098785111286,
0.449098785111286,0.449098785111286,0.449098785111286,0.449098785111286,0.449098785111286,
0.449098785111286,0.449098785111286,0.449098785111286,0.449098785111286),
(0.449098785111286,0.449098785111286,0.449098785111286,0.449098785111286,0.449098785111286,
0.449098785111286,0.449098785111286,0.449098785111286,0.449098785111286,0.449098785111286,
0.449098785111286,0.449098785111286,0.449098785111286,0.449098785111286,0.449098785111286,
0.449098785111286,0.449098785111286,0.449098785111286,0.449098785111286,0.449098785111286,
0.449098785111286,0.449098785111286,0.449098785111286,0.449098785111286,0.449098785111286,
0.449098785111286,0.449098785111286,0.449098785111286,0.449098785111286),
(1.,1.,1.,1.,1.,1.,1.,1.,1.,1.,1.,1.,1.,1.,1.,1.,1.,1.,1.,1.,1.,1.,1.,1.,1.,1.,1.,
1.,1.)))REPRESENTATION_ITEM('')SURFACE());
#2093=CARTESIAN_POINT('',(1.27143293079024,-1.60021932859065,-3.44305702710543));
#2094=CARTESIAN_POINT('',(1.37887880002788,-1.60435822344227,-3.40338001468575));
#2095=CARTESIAN_POINT('',(1.59005311977735,-1.61263601314551,-3.31395966057764));
#2096=CARTESIAN_POINT('',(1.89288867760136,-1.62505269770036,-3.15080466449313));
#2097=CARTESIAN_POINT('',(2.17914584860959,-1.63746938225521,-2.96005421207474));
#2098=CARTESIAN_POINT('',(2.44631757029262,-1.64988606681006,-2.74337892346438));
#2099=CARTESIAN_POINT('',(2.69206387989548,-1.66230275136492,-2.50267649476116));
#2100=CARTESIAN_POINT('',(2.91423247806228,-1.67471943591977,-2.24005505182036));
#2101=CARTESIAN_POINT('',(3.11087756048699,-1.68713612047462,-1.95781469370239));
#2102=CARTESIAN_POINT('',(3.28027686471849,-1.69955280502948,-1.65842734602999));
#2103=CARTESIAN_POINT('',(3.42094675278845,-1.71196948958433,-1.34451511179272));
#2104=CARTESIAN_POINT('',(3.53165520561192,-1.72438617413918,-1.01882730623562));
#2105=CARTESIAN_POINT('',(3.61143261319631,-1.73680285869404,-0.684216377762163));
#2106=CARTESIAN_POINT('',(3.65958026673363,-1.74921954324889,-0.343612925528191));
#2107=CARTESIAN_POINT('',(3.67567647804538,-1.76163622780374,-3.25858047489636E-8));
#2108=CARTESIAN_POINT('',(3.65958027282606,-1.77405291235859,0.343612860641976));
#2109=CARTESIAN_POINT('',(3.61143262532781,-1.78646959691345,0.684216313729629));
#2110=CARTESIAN_POINT('',(3.53165522367625,-1.7988862814683,1.01882724361758));
#2111=CARTESIAN_POINT('',(3.42094677662739,-1.81130296602315,1.34451505113759));
#2112=CARTESIAN_POINT('',(3.28027689412324,-1.82371965057801,1.65842728786902));
#2113=CARTESIAN_POINT('',(3.11087759520004,-1.83613633513286,1.95781463854496));
#2114=CARTESIAN_POINT('',(2.9142325177796,-1.84855301968771,2.24005500014954));
#2115=CARTESIAN_POINT('',(2.6920639242692,-1.86096970424257,2.5026764470295));
#2116=CARTESIAN_POINT('',(2.44631761893412,-1.87338638879742,2.74337888008992));
#2117=CARTESIAN_POINT('',(2.17914590109285,-1.88580307335227,2.96005417343738));
#2118=CARTESIAN_POINT('',(1.89288873346672,-1.89821975790713,3.15080463093125));
#2119=CARTESIAN_POINT('',(1.59005317853553,-1.91063644246198,3.31395963238519));
#2120=CARTESIAN_POINT('',(1.37887886037152,-1.91891423216521,3.40337999023754));
#2121=CARTESIAN_POINT('',(1.27143299183737,-1.92305312701683,3.44305700456229));
#2122=CARTESIAN_POINT('',(1.3195272008429,-1.57573875850053,-3.57329694024453));
#2123=CARTESIAN_POINT('',(1.43103740609545,-1.57987765335215,-3.53211907244823));
#2124=CARTESIAN_POINT('',(1.65019977972985,-1.58815544305539,-3.4393162303185));
#2125=CARTESIAN_POINT('',(1.96449064498441,-1.60057212761024,-3.26998959886723));
#2126=CARTESIAN_POINT('',(2.26157601569832,-1.61298881216509,-3.0720236626045));
#2127=CARTESIAN_POINT('',(2.53885399514917,-1.62540549671995,-2.84715223592676));
#2128=CARTESIAN_POINT('',(2.79389610722203,-1.6378221812748,-2.59734479875));
#2129=CARTESIAN_POINT('',(3.0244686379115,-1.65023886582965,-2.32478922063579));
#2130=CARTESIAN_POINT('',(3.22855217931397,-1.66265555038451,-2.03187260608749));
#2131=CARTESIAN_POINT('',(3.40435932125923,-1.67507223493936,-1.721160385824));
#2132=CARTESIAN_POINT('',(3.55035030446625,-1.68748891949421,-1.39537384866391));
#2133=CARTESIAN_POINT('',(3.66524650648062,-1.69990560404907,-1.05736630771693));
#2134=CARTESIAN_POINT('',(3.74804164004296,-1.71232228860392,-0.710098110451037));
#2135=CARTESIAN_POINT('',(3.79801056640998,-1.72473897315877,-0.356610711281361));
#2136=CARTESIAN_POINT('',(3.81471564627854,-1.73715565771362,-3.38184222292703E-8));
#2137=CARTESIAN_POINT('',(3.79801057273286,-1.74957234226848,0.356610643940706));
#2138=CARTESIAN_POINT('',(3.74804165263336,-1.76198902682333,0.710098043996356));
#2139=CARTESIAN_POINT('',(3.66524652522826,-1.77440571137818,1.05736624273025));
#2140=CARTESIAN_POINT('',(3.55035032920694,-1.78682239593304,1.3953737857144));
#2141=CARTESIAN_POINT('',(3.40435935177628,-1.79923908048789,1.72116032546299));
#2142=CARTESIAN_POINT('',(3.22855221534011,-1.81165576504274,2.03187254884362));
#2143=CARTESIAN_POINT('',(3.02446867913119,-1.8240724495976,2.32478916701042));
#2144=CARTESIAN_POINT('',(2.79389615327427,-1.83648913415245,2.59734474921281));
#2145=CARTESIAN_POINT('',(2.53885404563063,-1.8489058187073,2.84715219091159));
#2146=CARTESIAN_POINT('',(2.26157607016686,-1.86132250326215,3.07202362250561));
#2147=CARTESIAN_POINT('',(1.96449070296298,-1.87373918781701,3.26998956403582));
#2148=CARTESIAN_POINT('',(1.65019984071066,-1.88615587237186,3.43931620105962));
#2149=CARTESIAN_POINT('',(1.4310374687217,-1.8944336620751,3.53211904707521));
#2150=CARTESIAN_POINT('',(1.31952726419924,-1.89857255692672,3.57329691684865));
#2151=CARTESIAN_POINT('',(1.3195272008429,-1.43476077405504,-3.57329694024453));
#2152=CARTESIAN_POINT('',(1.43103740609545,-1.43889966890666,-3.53211907244823));
#2153=CARTESIAN_POINT('',(1.65019977972985,-1.44717745860989,-3.4393162303185));
#2154=CARTESIAN_POINT('',(1.96449064498441,-1.45959414316474,-3.26998959886723));
#2155=CARTESIAN_POINT('',(2.26157601569832,-1.4720108277196,-3.0720236626045));
#2156=CARTESIAN_POINT('',(2.53885399514917,-1.48442751227445,-2.84715223592676));
#2157=CARTESIAN_POINT('',(2.79389610722203,-1.4968441968293,-2.59734479875));
#2158=CARTESIAN_POINT('',(3.0244686379115,-1.50926088138416,-2.32478922063579));
#2159=CARTESIAN_POINT('',(3.22855217931397,-1.52167756593901,-2.03187260608749));
#2160=CARTESIAN_POINT('',(3.40435932125923,-1.53409425049386,-1.721160385824));
#2161=CARTESIAN_POINT('',(3.55035030446625,-1.54651093504871,-1.39537384866391));
#2162=CARTESIAN_POINT('',(3.66524650648062,-1.55892761960357,-1.05736630771693));
#2163=CARTESIAN_POINT('',(3.74804164004296,-1.57134430415842,-0.710098110451037));
#2164=CARTESIAN_POINT('',(3.79801056640998,-1.58376098871327,-0.356610711281361));
#2165=CARTESIAN_POINT('',(3.81471564627854,-1.59617767326813,-3.38184222292703E-8));
#2166=CARTESIAN_POINT('',(3.79801057273286,-1.60859435782298,0.356610643940706));
#2167=CARTESIAN_POINT('',(3.74804165263336,-1.62101104237783,0.710098043996356));
#2168=CARTESIAN_POINT('',(3.66524652522826,-1.63342772693269,1.05736624273025));
#2169=CARTESIAN_POINT('',(3.55035032920694,-1.64584441148754,1.3953737857144));
#2170=CARTESIAN_POINT('',(3.40435935177628,-1.65826109604239,1.72116032546299));
#2171=CARTESIAN_POINT('',(3.22855221534011,-1.67067778059725,2.03187254884362));
#2172=CARTESIAN_POINT('',(3.02446867913119,-1.6830944651521,2.32478916701042));
#2173=CARTESIAN_POINT('',(2.79389615327427,-1.69551114970695,2.59734474921281));
#2174=CARTESIAN_POINT('',(2.53885404563063,-1.70792783426181,2.84715219091159));
#2175=CARTESIAN_POINT('',(2.26157607016686,-1.72034451881666,3.07202362250561));
#2176=CARTESIAN_POINT('',(1.96449070296298,-1.73276120337151,3.26998956403582));
#2177=CARTESIAN_POINT('',(1.65019984071066,-1.74517788792636,3.43931620105962));
#2178=CARTESIAN_POINT('',(1.4310374687217,-1.7534556776296,3.53211904707521));
#2179=CARTESIAN_POINT('',(1.31952726419924,-1.75759457248122,3.57329691684865));
#2180=CARTESIAN_POINT('',(1.27143293079024,-1.41028020396492,-3.44305702710543));
#2181=CARTESIAN_POINT('',(1.37887880002788,-1.41441909881654,-3.40338001468575));
#2182=CARTESIAN_POINT('',(1.59005311977735,-1.42269688851977,-3.31395966057764));
#2183=CARTESIAN_POINT('',(1.89288867760136,-1.43511357307463,-3.15080466449313));
#2184=CARTESIAN_POINT('',(2.17914584860959,-1.44753025762948,-2.96005421207474));
#2185=CARTESIAN_POINT('',(2.44631757029262,-1.45994694218433,-2.74337892346438));
#2186=CARTESIAN_POINT('',(2.69206387989548,-1.47236362673919,-2.50267649476116));
#2187=CARTESIAN_POINT('',(2.91423247806228,-1.48478031129404,-2.24005505182036));
#2188=CARTESIAN_POINT('',(3.11087756048699,-1.49719699584889,-1.95781469370239));
#2189=CARTESIAN_POINT('',(3.28027686471849,-1.50961368040375,-1.65842734602999));
#2190=CARTESIAN_POINT('',(3.42094675278845,-1.5220303649586,-1.34451511179272));
#2191=CARTESIAN_POINT('',(3.53165520561192,-1.53444704951345,-1.01882730623562));
#2192=CARTESIAN_POINT('',(3.61143261319631,-1.5468637340683,-0.684216377762163));
#2193=CARTESIAN_POINT('',(3.65958026673363,-1.55928041862316,-0.343612925528191));
#2194=CARTESIAN_POINT('',(3.67567647804538,-1.57169710317801,-3.25858047489636E-8));
#2195=CARTESIAN_POINT('',(3.65958027282606,-1.58411378773286,0.343612860641976));
#2196=CARTESIAN_POINT('',(3.61143262532781,-1.59653047228772,0.684216313729629));
#2197=CARTESIAN_POINT('',(3.53165522367625,-1.60894715684257,1.01882724361758));
#2198=CARTESIAN_POINT('',(3.42094677662739,-1.62136384139742,1.34451505113759));
#2199=CARTESIAN_POINT('',(3.28027689412324,-1.63378052595228,1.65842728786902));
#2200=CARTESIAN_POINT('',(3.11087759520004,-1.64619721050713,1.95781463854496));
#2201=CARTESIAN_POINT('',(2.9142325177796,-1.65861389506198,2.24005500014954));
#2202=CARTESIAN_POINT('',(2.6920639242692,-1.67103057961683,2.5026764470295));
#2203=CARTESIAN_POINT('',(2.44631761893412,-1.68344726417169,2.74337888008992));
#2204=CARTESIAN_POINT('',(2.17914590109285,-1.69586394872654,2.96005417343738));
#2205=CARTESIAN_POINT('',(1.89288873346672,-1.70828063328139,3.15080463093125));
#2206=CARTESIAN_POINT('',(1.59005317853553,-1.72069731783625,3.31395963238519));
#2207=CARTESIAN_POINT('',(1.37887886037152,-1.72897510753948,3.40337999023754));
#2208=CARTESIAN_POINT('',(1.27143299183737,-1.7331140023911,3.44305700456229));
#2209=FACE_BOUND('',#2210,.T.);
#2210=EDGE_LOOP('',(#5331,#5332,#5333,#5334));
#2211=B_SPLINE_SURFACE_WITH_KNOTS('',1,3,(
(#2212,#2213,#2214,#2215,#2216,#2217,#2218,#2219,#2220,#2221,#2222,#2223,#2224,#2225,
#2226,#2227,#2228,#2229,#2230,#2231,#2232,#2233,#2234,#2235,#2236,#2237,#2238,#2239,
#2240),
(#2241,#2242,#2243,#2244,#2245,#2246,#2247,#2248,#2249,#2250,#2251,#2252,#2253,#2254,
#2255,#2256,#2257,#2258,#2259,#2260,#2261,#2262,#2263,#2264,#2265,#2266,#2267,#2268,
#2269)),
.UNSPECIFIED.,.F.,.F.,.F.,
(2,2),
(4,1,1,1,1,1,1,1,1,1,1,1,1,1,1,1,1,1,1,1,1,1,1,1,1,1,4),
(0.,1.),
(17.6405307906454,17.733532723791,17.8265346569367,17.9195365900823,18.012538523228,
18.1055404563736,18.1985423895192,18.2915443226649,18.3845462558105,18.4775481889562,
18.5705501221018,18.6635520552475,18.7565539883931,18.8495559215387,18.9425578546844,
19.03555978783,19.1285617209757,19.2215636541213,19.314565587267,19.4075675204126,
19.5005694535582,19.5935713867039,19.6865733198495,19.7795752529952,19.8725771861408,
19.9655791192865,20.0585810524321),
.UNSPECIFIED.);
#2212=CARTESIAN_POINT('',(1.29903810410492,-2.2446784994338,-3.43273701198933));
#2213=CARTESIAN_POINT('',(1.40545516347013,-2.24879008759414,-3.39246599368546));
#2214=CARTESIAN_POINT('',(1.61454114597485,-2.25701326391482,-3.30201988726827));
#2215=CARTESIAN_POINT('',(1.91421555853962,-2.26934802839585,-3.13781090354527));
#2216=CARTESIAN_POINT('',(2.19734512978457,-2.28168279287687,-2.94648143391033));
#2217=CARTESIAN_POINT('',(2.4614827766711,-2.2940175573579,-2.72968514745576));
#2218=CARTESIAN_POINT('',(2.70434551274307,-2.30635232183892,-2.48929584627716));
#2219=CARTESIAN_POINT('',(2.92383424751238,-2.31868708631995,-2.22739124451712));
#2220=CARTESIAN_POINT('',(3.11805191114694,-2.33102185080098,-1.9462350172362));
#2221=CARTESIAN_POINT('',(3.28531985591421,-2.343356615282,-1.64825723335479));
#2222=CARTESIAN_POINT('',(3.42419236365323,-2.35569137976303,-1.33603335274812));
#2223=CARTESIAN_POINT('',(3.53346914164706,-2.36802614424405,-1.0122619660881));
#2224=CARTESIAN_POINT('',(3.61220569681236,-2.38036090872508,-0.679741470616366));
#2225=CARTESIAN_POINT('',(3.65972149909804,-2.39269567320611,-0.341345883231854));
#2226=CARTESIAN_POINT('',(3.67560586338628,-2.40503043768713,-5.44009282066327E-14));
#2227=CARTESIAN_POINT('',(3.65972149909805,-2.41736520216816,0.341345883231746));
#2228=CARTESIAN_POINT('',(3.61220569681238,-2.42969996664918,0.679741470616258));
#2229=CARTESIAN_POINT('',(3.53346914164709,-2.44203473113021,1.012261966088));
#2230=CARTESIAN_POINT('',(3.42419236365327,-2.45436949561124,1.33603335274802));
#2231=CARTESIAN_POINT('',(3.28531985591425,-2.46670426009226,1.64825723335469));
#2232=CARTESIAN_POINT('',(3.11805191114699,-2.47903902457329,1.94623501723611));
#2233=CARTESIAN_POINT('',(2.92383424751244,-2.49137378905431,2.22739124451703));
#2234=CARTESIAN_POINT('',(2.70434551274315,-2.50370855353534,2.48929584627708));
#2235=CARTESIAN_POINT('',(2.46148277667118,-2.51604331801637,2.72968514745568));
#2236=CARTESIAN_POINT('',(2.19734512978466,-2.52837808249739,2.94648143391026));
#2237=CARTESIAN_POINT('',(1.91421555853971,-2.54071284697842,3.13781090354521));
#2238=CARTESIAN_POINT('',(1.61454114597492,-2.55304761145945,3.30201988726824));
#2239=CARTESIAN_POINT('',(1.40545516347016,-2.56127078778013,3.39246599368544));
#2240=CARTESIAN_POINT('',(1.29903810410493,-2.56538237594047,3.43273701198933));
#2241=CARTESIAN_POINT('',(1.23875967761336,-2.21464806174666,-3.27344993258172));
#2242=CARTESIAN_POINT('',(1.34023873487522,-2.218759649907,-3.23504758434141));
#2243=CARTESIAN_POINT('',(1.53962263551876,-2.22698282622769,-3.14879839020869));
#2244=CARTESIAN_POINT('',(1.82539144978574,-2.23931759070871,-2.99220908994481));
#2245=CARTESIAN_POINT('',(2.09538314232341,-2.25165235518974,-2.80975775816788));
#2246=CARTESIAN_POINT('',(2.34726418050755,-2.26398711967076,-2.60302132983094));
#2247=CARTESIAN_POINT('',(2.57885751382868,-2.27632188415179,-2.37378665820068));
#2248=CARTESIAN_POINT('',(2.78816145453943,-2.28865664863282,-2.12403504659166));
#2249=CARTESIAN_POINT('',(2.97336696131441,-2.30099141311384,-1.85592513021205));
#2250=CARTESIAN_POINT('',(3.13287327962809,-2.31332617759487,-1.57177421706295));
#2251=CARTESIAN_POINT('',(3.26530177604597,-2.32566094207589,-1.27403825961773));
#2252=CARTESIAN_POINT('',(3.36950785425916,-2.33799570655692,-0.965290627587531));
#2253=CARTESIAN_POINT('',(3.44459084788709,-2.35033047103795,-0.648199865993421));
#2254=CARTESIAN_POINT('',(3.48990180507529,-2.36266523551897,-0.325506630583629));
#2255=CARTESIAN_POINT('',(3.50504909746235,-2.375,-5.18474152499948E-14));
#2256=CARTESIAN_POINT('',(3.48990180507531,-2.38733476448102,0.325506630583526));
#2257=CARTESIAN_POINT('',(3.44459084788711,-2.39966952896205,0.648199865993319));
#2258=CARTESIAN_POINT('',(3.36950785425919,-2.41200429344308,0.965290627587432));
#2259=CARTESIAN_POINT('',(3.26530177604601,-2.4243390579241,1.27403825961763));
#2260=CARTESIAN_POINT('',(3.13287327962813,-2.43667382240513,1.57177421706286));
#2261=CARTESIAN_POINT('',(2.97336696131447,-2.44900858688615,1.85592513021196));
#2262=CARTESIAN_POINT('',(2.78816145453949,-2.46134335136718,2.12403504659157));
#2263=CARTESIAN_POINT('',(2.57885751382875,-2.47367811584821,2.3737866582006));
#2264=CARTESIAN_POINT('',(2.34726418050763,-2.48601288032923,2.60302132983087));
#2265=CARTESIAN_POINT('',(2.09538314232349,-2.49834764481026,2.80975775816782));
#2266=CARTESIAN_POINT('',(1.82539144978583,-2.51068240929128,2.99220908994475));
#2267=CARTESIAN_POINT('',(1.53962263551882,-2.52301717377231,3.14879839020867));
#2268=CARTESIAN_POINT('',(1.34023873487525,-2.531240350093,3.2350475843414));
#2269=CARTESIAN_POINT('',(1.23875967761336,-2.53535193825334,3.27344993258171));
#2270=FACE_BOUND('',#2271,.T.);
#2271=EDGE_LOOP('',(#5335,#5336,#5337,#5338));
#2272=B_SPLINE_SURFACE_WITH_KNOTS('',1,3,(
(#2273,#2274,#2275,#2276,#2277,#2278,#2279,#2280,#2281,#2282,#2283,#2284,#2285,#2286,
#2287,#2288,#2289,#2290,#2291,#2292,#2293,#2294,#2295,#2296,#2297,#2298,#2299,#2300,
#2301),
(#2302,#2303,#2304,#2305,#2306,#2307,#2308,#2309,#2310,#2311,#2312,#2313,#2314,#2315,
#2316,#2317,#2318,#2319,#2320,#2321,#2322,#2323,#2324,#2325,#2326,#2327,#2328,#2329,
#2330)),
.UNSPECIFIED.,.F.,.F.,.F.,
(2,2),
(4,1,1,1,1,1,1,1,1,1,1,1,1,1,1,1,1,1,1,1,1,1,1,1,1,1,4),
(0.,1.),
(17.6405307906454,17.733532723791,17.8265346569367,17.9195365900823,18.012538523228,
18.1055404563736,18.1985423895192,18.2915443226649,18.3845462558105,18.4775481889562,
18.5705501221018,18.6635520552475,18.7565539883931,18.8495559215387,18.9425578546844,
19.03555978783,19.1285617209757,19.2215636541213,19.314565587267,19.4075675204126,
19.5005694535582,19.5935713867039,19.6865733198495,19.7795752529952,19.8725771861408,
19.9655791192865,20.0585810524321),
.UNSPECIFIED.);
#2273=CARTESIAN_POINT('',(1.23875967761336,-2.46464806174666,-3.27344993258172));
#2274=CARTESIAN_POINT('',(1.34023873487522,-2.468759649907,-3.23504758434141));
#2275=CARTESIAN_POINT('',(1.53962263551876,-2.47698282622769,-3.14879839020869));
#2276=CARTESIAN_POINT('',(1.82539144978574,-2.48931759070871,-2.99220908994481));
#2277=CARTESIAN_POINT('',(2.09538314232341,-2.50165235518974,-2.80975775816788));
#2278=CARTESIAN_POINT('',(2.34726418050755,-2.51398711967076,-2.60302132983094));
#2279=CARTESIAN_POINT('',(2.57885751382868,-2.52632188415179,-2.37378665820068));
#2280=CARTESIAN_POINT('',(2.78816145453943,-2.53865664863282,-2.12403504659166));
#2281=CARTESIAN_POINT('',(2.97336696131441,-2.55099141311384,-1.85592513021205));
#2282=CARTESIAN_POINT('',(3.13287327962809,-2.56332617759487,-1.57177421706295));
#2283=CARTESIAN_POINT('',(3.26530177604597,-2.57566094207589,-1.27403825961773));
#2284=CARTESIAN_POINT('',(3.36950785425916,-2.58799570655692,-0.965290627587531));
#2285=CARTESIAN_POINT('',(3.44459084788709,-2.60033047103795,-0.648199865993421));
#2286=CARTESIAN_POINT('',(3.48990180507529,-2.61266523551897,-0.325506630583629));
#2287=CARTESIAN_POINT('',(3.50504909746235,-2.625,-5.18474152499948E-14));
#2288=CARTESIAN_POINT('',(3.48990180507531,-2.63733476448102,0.325506630583526));
#2289=CARTESIAN_POINT('',(3.44459084788711,-2.64966952896205,0.648199865993319));
#2290=CARTESIAN_POINT('',(3.36950785425919,-2.66200429344308,0.965290627587432));
#2291=CARTESIAN_POINT('',(3.26530177604601,-2.6743390579241,1.27403825961763));
#2292=CARTESIAN_POINT('',(3.13287327962813,-2.68667382240513,1.57177421706286));
#2293=CARTESIAN_POINT('',(2.97336696131447,-2.69900858688615,1.85592513021196));
#2294=CARTESIAN_POINT('',(2.78816145453949,-2.71134335136718,2.12403504659157));
#2295=CARTESIAN_POINT('',(2.57885751382875,-2.72367811584821,2.3737866582006));
#2296=CARTESIAN_POINT('',(2.34726418050763,-2.73601288032923,2.60302132983087));
#2297=CARTESIAN_POINT('',(2.09538314232349,-2.74834764481026,2.80975775816782));
#2298=CARTESIAN_POINT('',(1.82539144978583,-2.76068240929128,2.99220908994475));
#2299=CARTESIAN_POINT('',(1.53962263551882,-2.77301717377231,3.14879839020867));
#2300=CARTESIAN_POINT('',(1.34023873487525,-2.781240350093,3.2350475843414));
#2301=CARTESIAN_POINT('',(1.23875967761336,-2.78535193825334,3.27344993258171));
#2302=CARTESIAN_POINT('',(1.29903810410492,-2.43461762405953,-3.43273701198933));
#2303=CARTESIAN_POINT('',(1.40545516347013,-2.43872921221987,-3.39246599368546));
#2304=CARTESIAN_POINT('',(1.61454114597485,-2.44695238854055,-3.30201988726827));
#2305=CARTESIAN_POINT('',(1.91421555853962,-2.45928715302158,-3.13781090354527));
#2306=CARTESIAN_POINT('',(2.19734512978457,-2.47162191750261,-2.94648143391033));
#2307=CARTESIAN_POINT('',(2.4614827766711,-2.48395668198363,-2.72968514745576));
#2308=CARTESIAN_POINT('',(2.70434551274307,-2.49629144646466,-2.48929584627716));
#2309=CARTESIAN_POINT('',(2.92383424751238,-2.50862621094568,-2.22739124451712));
#2310=CARTESIAN_POINT('',(3.11805191114694,-2.52096097542671,-1.9462350172362));
#2311=CARTESIAN_POINT('',(3.28531985591421,-2.53329573990773,-1.64825723335479));
#2312=CARTESIAN_POINT('',(3.42419236365323,-2.54563050438876,-1.33603335274812));
#2313=CARTESIAN_POINT('',(3.53346914164706,-2.55796526886979,-1.0122619660881));
#2314=CARTESIAN_POINT('',(3.61220569681236,-2.57030003335081,-0.679741470616366));
#2315=CARTESIAN_POINT('',(3.65972149909804,-2.58263479783184,-0.341345883231854));
#2316=CARTESIAN_POINT('',(3.67560586338628,-2.59496956231286,-5.44009282066327E-14));
#2317=CARTESIAN_POINT('',(3.65972149909805,-2.60730432679389,0.341345883231746));
#2318=CARTESIAN_POINT('',(3.61220569681238,-2.61963909127492,0.679741470616258));
#2319=CARTESIAN_POINT('',(3.53346914164709,-2.63197385575594,1.012261966088));
#2320=CARTESIAN_POINT('',(3.42419236365327,-2.64430862023697,1.33603335274802));
#2321=CARTESIAN_POINT('',(3.28531985591425,-2.65664338471799,1.64825723335469));
#2322=CARTESIAN_POINT('',(3.11805191114699,-2.66897814919902,1.94623501723611));
#2323=CARTESIAN_POINT('',(2.92383424751244,-2.68131291368005,2.22739124451703));
#2324=CARTESIAN_POINT('',(2.70434551274315,-2.69364767816107,2.48929584627708));
#2325=CARTESIAN_POINT('',(2.46148277667118,-2.7059824426421,2.72968514745568));
#2326=CARTESIAN_POINT('',(2.19734512978466,-2.71831720712312,2.94648143391026));
#2327=CARTESIAN_POINT('',(1.91421555853971,-2.73065197160415,3.13781090354521));
#2328=CARTESIAN_POINT('',(1.61454114597492,-2.74298673608518,3.30201988726824));
#2329=CARTESIAN_POINT('',(1.40545516347016,-2.75120991240586,3.39246599368544));
#2330=CARTESIAN_POINT('',(1.29903810410493,-2.75532150056621,3.43273701198933));
#2331=FACE_BOUND('',#2332,.T.);
#2332=EDGE_LOOP('',(#5339,#5340,#5341,#5342));
#2333=(BOUNDED_SURFACE()B_SPLINE_SURFACE(3,3,(
(#2334,#2335,#2336,#2337,#2338,#2339,#2340,#2341,#2342,#2343,#2344,#2345,#2346,#2347,
#2348,#2349,#2350,#2351,#2352,#2353,#2354,#2355,#2356,#2357,#2358,#2359,#2360,#2361,
#2362),
(#2363,#2364,#2365,#2366,#2367,#2368,#2369,#2370,#2371,#2372,#2373,#2374,#2375,#2376,
#2377,#2378,#2379,#2380,#2381,#2382,#2383,#2384,#2385,#2386,#2387,#2388,#2389,#2390,
#2391),
(#2392,#2393,#2394,#2395,#2396,#2397,#2398,#2399,#2400,#2401,#2402,#2403,#2404,#2405,
#2406,#2407,#2408,#2409,#2410,#2411,#2412,#2413,#2414,#2415,#2416,#2417,#2418,#2419,
#2420),
(#2421,#2422,#2423,#2424,#2425,#2426,#2427,#2428,#2429,#2430,#2431,#2432,#2433,#2434,
#2435,#2436,#2437,#2438,#2439,#2440,#2441,#2442,#2443,#2444,#2445,#2446,#2447,#2448,
#2449)),
.UNSPECIFIED.,.F.,.F.,.F.)B_SPLINE_SURFACE_WITH_KNOTS((4,4),
(4,1,1,1,1,1,1,1,1,1,1,1,1,1,1,1,1,1,1,1,1,1,1,1,1,1,4),
(0.,2.79252680319093),
(17.6325011653141,17.7261207612648,17.8197403572155,17.9133599531663,18.006979549117,
18.1005991450677,18.1942187410184,18.2878383369692,18.3814579329199,18.4750775288706,
18.5686971248213,18.6623167207721,18.7559363167228,18.8495559126735,18.9431755086242,
19.036795104575,19.1304147005257,19.2240342964764,19.3176538924271,19.4112734883778,
19.5048930843286,19.5985126802793,19.69213227623,19.7857518721807,19.8793714681315,
19.9729910640822,20.0666106600329),
.UNSPECIFIED.)GEOMETRIC_REPRESENTATION_ITEM()RATIONAL_B_SPLINE_SURFACE((
(1.,1.,1.,1.,1.,1.,1.,1.,1.,1.,1.,1.,1.,1.,1.,1.,1.,1.,1.,1.,1.,1.,1.,1.,1.,1.,1.,
1.,1.),
(0.449098785111286,0.449098785111286,0.449098785111286,0.449098785111286,0.449098785111286,
0.449098785111286,0.449098785111286,0.449098785111286,0.449098785111286,0.449098785111286,
0.449098785111286,0.449098785111286,0.449098785111286,0.449098785111286,0.449098785111286,
0.449098785111286,0.449098785111286,0.449098785111286,0.449098785111286,0.449098785111286,
0.449098785111286,0.449098785111286,0.449098785111286,0.449098785111286,0.449098785111286,
0.449098785111286,0.449098785111286,0.449098785111286,0.449098785111286),
(0.449098785111286,0.449098785111286,0.449098785111286,0.449098785111286,0.449098785111286,
0.449098785111286,0.449098785111286,0.449098785111286,0.449098785111286,0.449098785111286,
0.449098785111286,0.449098785111286,0.449098785111286,0.449098785111286,0.449098785111286,
0.449098785111286,0.449098785111286,0.449098785111286,0.449098785111286,0.449098785111286,
0.449098785111286,0.449098785111286,0.449098785111286,0.449098785111286,0.449098785111286,
0.449098785111286,0.449098785111286,0.449098785111286,0.449098785111286),
(1.,1.,1.,1.,1.,1.,1.,1.,1.,1.,1.,1.,1.,1.,1.,1.,1.,1.,1.,1.,1.,1.,1.,1.,1.,1.,1.,
1.,1.)))REPRESENTATION_ITEM('')SURFACE());
#2334=CARTESIAN_POINT('',(1.27143293079024,-2.43355266192399,-3.44305702710543));
#2335=CARTESIAN_POINT('',(1.37887880002788,-2.4376915567756,-3.40338001468575));
#2336=CARTESIAN_POINT('',(1.59005311977735,-2.44596934647884,-3.31395966057764));
#2337=CARTESIAN_POINT('',(1.89288867760136,-2.45838603103369,-3.15080466449313));
#2338=CARTESIAN_POINT('',(2.17914584860959,-2.47080271558854,-2.96005421207474));
#2339=CARTESIAN_POINT('',(2.44631757029262,-2.4832194001434,-2.74337892346438));
#2340=CARTESIAN_POINT('',(2.69206387989547,-2.49563608469825,-2.50267649476116));
#2341=CARTESIAN_POINT('',(2.91423247806228,-2.5080527692531,-2.24005505182037));
#2342=CARTESIAN_POINT('',(3.11087756048699,-2.52046945380796,-1.95781469370239));
#2343=CARTESIAN_POINT('',(3.28027686471849,-2.53288613836281,-1.65842734602999));
#2344=CARTESIAN_POINT('',(3.42094675278845,-2.54530282291766,-1.34451511179272));
#2345=CARTESIAN_POINT('',(3.53165520561192,-2.55771950747252,-1.01882730623562));
#2346=CARTESIAN_POINT('',(3.61143261319631,-2.57013619202737,-0.684216377762163));
#2347=CARTESIAN_POINT('',(3.65958026673363,-2.58255287658222,-0.343612925528192));
#2348=CARTESIAN_POINT('',(3.67567647804538,-2.59496956113707,-3.25858055955086E-8));
#2349=CARTESIAN_POINT('',(3.65958027282606,-2.60738624569193,0.343612860641975));
#2350=CARTESIAN_POINT('',(3.61143262532781,-2.61980293024678,0.684216313729628));
#2351=CARTESIAN_POINT('',(3.53165522367625,-2.63221961480164,1.01882724361758));
#2352=CARTESIAN_POINT('',(3.42094677662739,-2.64463629935649,1.34451505113759));
#2353=CARTESIAN_POINT('',(3.28027689412324,-2.65705298391134,1.65842728786902));
#2354=CARTESIAN_POINT('',(3.11087759520004,-2.66946966846619,1.95781463854495));
#2355=CARTESIAN_POINT('',(2.9142325177796,-2.68188635302105,2.24005500014954));
#2356=CARTESIAN_POINT('',(2.6920639242692,-2.6943030375759,2.5026764470295));
#2357=CARTESIAN_POINT('',(2.44631761893412,-2.70671972213075,2.74337888008992));
#2358=CARTESIAN_POINT('',(2.17914590109285,-2.71913640668561,2.96005417343738));
#2359=CARTESIAN_POINT('',(1.89288873346672,-2.73155309124046,3.15080463093125));
#2360=CARTESIAN_POINT('',(1.59005317853554,-2.74396977579531,3.31395963238519));
#2361=CARTESIAN_POINT('',(1.37887886037153,-2.75224756549855,3.40337999023754));
#2362=CARTESIAN_POINT('',(1.27143299183738,-2.75638646035017,3.44305700456228));
#2363=CARTESIAN_POINT('',(1.3195272008429,-2.40907209183387,-3.57329694024453));
#2364=CARTESIAN_POINT('',(1.43103740609545,-2.41321098668549,-3.53211907244823));
#2365=CARTESIAN_POINT('',(1.65019977972985,-2.42148877638872,-3.4393162303185));
#2366=CARTESIAN_POINT('',(1.96449064498441,-2.43390546094357,-3.26998959886723));
#2367=CARTESIAN_POINT('',(2.26157601569832,-2.44632214549843,-3.0720236626045));
#2368=CARTESIAN_POINT('',(2.53885399514917,-2.45873883005328,-2.84715223592676));
#2369=CARTESIAN_POINT('',(2.79389610722203,-2.47115551460813,-2.59734479875001));
#2370=CARTESIAN_POINT('',(3.0244686379115,-2.48357219916299,-2.32478922063579));
#2371=CARTESIAN_POINT('',(3.22855217931397,-2.49598888371784,-2.03187260608749));
#2372=CARTESIAN_POINT('',(3.40435932125923,-2.50840556827269,-1.721160385824));
#2373=CARTESIAN_POINT('',(3.55035030446625,-2.52082225282755,-1.39537384866391));
#2374=CARTESIAN_POINT('',(3.66524650648062,-2.5332389373824,-1.05736630771693));
#2375=CARTESIAN_POINT('',(3.74804164004296,-2.54565562193725,-0.710098110451038));
#2376=CARTESIAN_POINT('',(3.79801056640998,-2.55807230649211,-0.356610711281362));
#2377=CARTESIAN_POINT('',(3.81471564627854,-2.57048899104696,-3.38184231313265E-8));
#2378=CARTESIAN_POINT('',(3.79801057273286,-2.58290567560181,0.356610643940705));
#2379=CARTESIAN_POINT('',(3.74804165263336,-2.59532236015666,0.710098043996355));
#2380=CARTESIAN_POINT('',(3.66524652522826,-2.60773904471152,1.05736624273025));
#2381=CARTESIAN_POINT('',(3.55035032920694,-2.62015572926637,1.3953737857144));
#2382=CARTESIAN_POINT('',(3.40435935177628,-2.63257241382122,1.72116032546298));
#2383=CARTESIAN_POINT('',(3.22855221534011,-2.64498909837608,2.03187254884362));
#2384=CARTESIAN_POINT('',(3.02446867913119,-2.65740578293093,2.32478916701042));
#2385=CARTESIAN_POINT('',(2.79389615327427,-2.66982246748578,2.59734474921281));
#2386=CARTESIAN_POINT('',(2.53885404563063,-2.68223915204064,2.84715219091159));
#2387=CARTESIAN_POINT('',(2.26157607016686,-2.69465583659549,3.07202362250561));
#2388=CARTESIAN_POINT('',(1.96449070296298,-2.70707252115034,3.26998956403581));
#2389=CARTESIAN_POINT('',(1.65019984071067,-2.7194892057052,3.43931620105962));
#2390=CARTESIAN_POINT('',(1.43103746872171,-2.72776699540843,3.53211904707521));
#2391=CARTESIAN_POINT('',(1.31952726419926,-2.73190589026005,3.57329691684864));
#2392=CARTESIAN_POINT('',(1.3195272008429,-2.26809410738837,-3.57329694024453));
#2393=CARTESIAN_POINT('',(1.43103740609545,-2.27223300223999,-3.53211907244823));
#2394=CARTESIAN_POINT('',(1.65019977972985,-2.28051079194322,-3.4393162303185));
#2395=CARTESIAN_POINT('',(1.96449064498441,-2.29292747649808,-3.26998959886723));
#2396=CARTESIAN_POINT('',(2.26157601569832,-2.30534416105293,-3.0720236626045));
#2397=CARTESIAN_POINT('',(2.53885399514917,-2.31776084560778,-2.84715223592676));
#2398=CARTESIAN_POINT('',(2.79389610722203,-2.33017753016264,-2.59734479875));
#2399=CARTESIAN_POINT('',(3.0244686379115,-2.34259421471749,-2.32478922063579));
#2400=CARTESIAN_POINT('',(3.22855217931397,-2.35501089927234,-2.03187260608749));
#2401=CARTESIAN_POINT('',(3.40435932125923,-2.3674275838272,-1.721160385824));
#2402=CARTESIAN_POINT('',(3.55035030446625,-2.37984426838205,-1.39537384866391));
#2403=CARTESIAN_POINT('',(3.66524650648062,-2.3922609529369,-1.05736630771693));
#2404=CARTESIAN_POINT('',(3.74804164004296,-2.40467763749175,-0.710098110451038));
#2405=CARTESIAN_POINT('',(3.79801056640998,-2.41709432204661,-0.356610711281362));
#2406=CARTESIAN_POINT('',(3.81471564627854,-2.42951100660146,-3.38184231313265E-8));
#2407=CARTESIAN_POINT('',(3.79801057273286,-2.44192769115631,0.356610643940705));
#2408=CARTESIAN_POINT('',(3.74804165263336,-2.45434437571117,0.710098043996355));
#2409=CARTESIAN_POINT('',(3.66524652522826,-2.46676106026602,1.05736624273025));
#2410=CARTESIAN_POINT('',(3.55035032920694,-2.47917774482087,1.3953737857144));
#2411=CARTESIAN_POINT('',(3.40435935177628,-2.49159442937573,1.72116032546298));
#2412=CARTESIAN_POINT('',(3.22855221534011,-2.50401111393058,2.03187254884362));
#2413=CARTESIAN_POINT('',(3.02446867913119,-2.51642779848543,2.32478916701042));
#2414=CARTESIAN_POINT('',(2.79389615327427,-2.52884448304029,2.59734474921281));
#2415=CARTESIAN_POINT('',(2.53885404563063,-2.54126116759514,2.84715219091159));
#2416=CARTESIAN_POINT('',(2.26157607016686,-2.55367785214999,3.07202362250561));
#2417=CARTESIAN_POINT('',(1.96449070296298,-2.56609453670484,3.26998956403581));
#2418=CARTESIAN_POINT('',(1.65019984071067,-2.5785112212597,3.43931620105962));
#2419=CARTESIAN_POINT('',(1.4310374687217,-2.58678901096293,3.53211904707521));
#2420=CARTESIAN_POINT('',(1.31952726419926,-2.59092790581455,3.57329691684864));
#2421=CARTESIAN_POINT('',(1.27143293079024,-2.24361353729825,-3.44305702710543));
#2422=CARTESIAN_POINT('',(1.37887880002788,-2.24775243214987,-3.40338001468575));
#2423=CARTESIAN_POINT('',(1.59005311977735,-2.25603022185311,-3.31395966057764));
#2424=CARTESIAN_POINT('',(1.89288867760136,-2.26844690640796,-3.15080466449313));
#2425=CARTESIAN_POINT('',(2.17914584860959,-2.28086359096281,-2.96005421207474));
#2426=CARTESIAN_POINT('',(2.44631757029262,-2.29328027551767,-2.74337892346438));
#2427=CARTESIAN_POINT('',(2.69206387989547,-2.30569696007252,-2.50267649476116));
#2428=CARTESIAN_POINT('',(2.91423247806228,-2.31811364462737,-2.24005505182037));
#2429=CARTESIAN_POINT('',(3.11087756048699,-2.33053032918223,-1.95781469370239));
#2430=CARTESIAN_POINT('',(3.28027686471849,-2.34294701373708,-1.65842734602999));
#2431=CARTESIAN_POINT('',(3.42094675278845,-2.35536369829193,-1.34451511179272));
#2432=CARTESIAN_POINT('',(3.53165520561192,-2.36778038284678,-1.01882730623562));
#2433=CARTESIAN_POINT('',(3.61143261319631,-2.38019706740164,-0.684216377762163));
#2434=CARTESIAN_POINT('',(3.65958026673363,-2.39261375195649,-0.343612925528192));
#2435=CARTESIAN_POINT('',(3.67567647804538,-2.40503043651134,-3.25858055955086E-8));
#2436=CARTESIAN_POINT('',(3.65958027282606,-2.4174471210662,0.343612860641975));
#2437=CARTESIAN_POINT('',(3.61143262532781,-2.42986380562105,0.684216313729628));
#2438=CARTESIAN_POINT('',(3.53165522367625,-2.4422804901759,1.01882724361758));
#2439=CARTESIAN_POINT('',(3.42094677662739,-2.45469717473076,1.34451505113759));
#2440=CARTESIAN_POINT('',(3.28027689412324,-2.46711385928561,1.65842728786902));
#2441=CARTESIAN_POINT('',(3.11087759520004,-2.47953054384046,1.95781463854495));
#2442=CARTESIAN_POINT('',(2.9142325177796,-2.49194722839532,2.24005500014954));
#2443=CARTESIAN_POINT('',(2.6920639242692,-2.50436391295017,2.5026764470295));
#2444=CARTESIAN_POINT('',(2.44631761893412,-2.51678059750502,2.74337888008992));
#2445=CARTESIAN_POINT('',(2.17914590109285,-2.52919728205987,2.96005417343738));
#2446=CARTESIAN_POINT('',(1.89288873346672,-2.54161396661473,3.15080463093125));
#2447=CARTESIAN_POINT('',(1.59005317853554,-2.55403065116958,3.31395963238519));
#2448=CARTESIAN_POINT('',(1.37887886037153,-2.56230844087282,3.40337999023754));
#2449=CARTESIAN_POINT('',(1.27143299183738,-2.56644733572443,3.44305700456228));
#2450=FACE_BOUND('',#2451,.T.);
#2451=EDGE_LOOP('',(#5343,#5344,#5345,#5346));
#2452=B_SPLINE_SURFACE_WITH_KNOTS('',1,3,(
(#2453,#2454,#2455,#2456,#2457,#2458,#2459,#2460,#2461,#2462,#2463,#2464,#2465,#2466,
#2467,#2468,#2469,#2470,#2471,#2472,#2473,#2474,#2475,#2476,#2477,#2478,#2479,#2480,
#2481),
(#2482,#2483,#2484,#2485,#2486,#2487,#2488,#2489,#2490,#2491,#2492,#2493,#2494,#2495,
#2496,#2497,#2498,#2499,#2500,#2501,#2502,#2503,#2504,#2505,#2506,#2507,#2508,#2509,
#2510)),
.UNSPECIFIED.,.F.,.F.,.F.,
(2,2),
(4,1,1,1,1,1,1,1,1,1,1,1,1,1,1,1,1,1,1,1,1,1,1,1,1,1,4),
(0.,1.),
(23.923716097825,24.0167180309706,24.1097199641163,24.2027218972619,24.2957238304075,
24.3887257635532,24.4817276966988,24.5747296298445,24.6677315629901,24.7607334961358,
24.8537354292814,24.946737362427,25.0397392955727,25.1327412287183,25.225743161864,
25.3187450950096,25.4117470281553,25.5047489613009,25.5977508944465,25.6907528275922,
25.7837547607378,25.8767566938835,25.9697586270291,26.0627605601748,26.1557624933204,
26.2487644264661,26.3417663596117),
.UNSPECIFIED.);
#2453=CARTESIAN_POINT('',(1.29903810410492,-3.07801183276713,-3.43273701198933));
#2454=CARTESIAN_POINT('',(1.40545516347013,-3.08212342092747,-3.39246599368546));
#2455=CARTESIAN_POINT('',(1.61454114597485,-3.09034659724815,-3.30201988726827));
#2456=CARTESIAN_POINT('',(1.91421555853961,-3.10268136172918,-3.13781090354527));
#2457=CARTESIAN_POINT('',(2.19734512978457,-3.11501612621021,-2.94648143391033));
#2458=CARTESIAN_POINT('',(2.4614827766711,-3.12735089069123,-2.72968514745576));
#2459=CARTESIAN_POINT('',(2.70434551274307,-3.13968565517226,-2.48929584627716));
#2460=CARTESIAN_POINT('',(2.92383424751238,-3.15202041965328,-2.22739124451712));
#2461=CARTESIAN_POINT('',(3.11805191114693,-3.16435518413431,-1.9462350172362));
#2462=CARTESIAN_POINT('',(3.28531985591421,-3.17668994861534,-1.64825723335479));
#2463=CARTESIAN_POINT('',(3.42419236365323,-3.18902471309636,-1.33603335274812));
#2464=CARTESIAN_POINT('',(3.53346914164706,-3.20135947757739,-1.0122619660881));
#2465=CARTESIAN_POINT('',(3.61220569681236,-3.21369424205841,-0.679741470616366));
#2466=CARTESIAN_POINT('',(3.65972149909804,-3.22602900653944,-0.341345883231855));
#2467=CARTESIAN_POINT('',(3.67560586338628,-3.23836377102047,-5.51919621116781E-14));
#2468=CARTESIAN_POINT('',(3.65972149909805,-3.25069853550149,0.341345883231745));
#2469=CARTESIAN_POINT('',(3.61220569681238,-3.26303329998252,0.679741470616258));
#2470=CARTESIAN_POINT('',(3.53346914164709,-3.27536806446354,1.012261966088));
#2471=CARTESIAN_POINT('',(3.42419236365327,-3.28770282894457,1.33603335274801));
#2472=CARTESIAN_POINT('',(3.28531985591425,-3.3000375934256,1.64825723335469));
#2473=CARTESIAN_POINT('',(3.11805191114699,-3.31237235790662,1.9462350172361));
#2474=CARTESIAN_POINT('',(2.92383424751244,-3.32470712238765,2.22739124451703));
#2475=CARTESIAN_POINT('',(2.70434551274315,-3.33704188686867,2.48929584627708));
#2476=CARTESIAN_POINT('',(2.46148277667118,-3.3493766513497,2.72968514745568));
#2477=CARTESIAN_POINT('',(2.19734512978466,-3.36171141583072,2.94648143391026));
#2478=CARTESIAN_POINT('',(1.91421555853971,-3.37404618031175,3.13781090354521));
#2479=CARTESIAN_POINT('',(1.61454114597492,-3.38638094479278,3.30201988726824));
#2480=CARTESIAN_POINT('',(1.40545516347016,-3.39460412111346,3.39246599368544));
#2481=CARTESIAN_POINT('',(1.29903810410493,-3.39871570927381,3.43273701198933));
#2482=CARTESIAN_POINT('',(1.23875967761336,-3.04798139507999,-3.27344993258172));
#2483=CARTESIAN_POINT('',(1.34023873487522,-3.05209298324034,-3.23504758434141));
#2484=CARTESIAN_POINT('',(1.53962263551876,-3.06031615956102,-3.14879839020869));
#2485=CARTESIAN_POINT('',(1.82539144978574,-3.07265092404205,-2.99220908994481));
#2486=CARTESIAN_POINT('',(2.09538314232341,-3.08498568852307,-2.80975775816788));
#2487=CARTESIAN_POINT('',(2.34726418050755,-3.0973204530041,-2.60302132983094));
#2488=CARTESIAN_POINT('',(2.57885751382868,-3.10965521748512,-2.37378665820068));
#2489=CARTESIAN_POINT('',(2.78816145453943,-3.12198998196615,-2.12403504659166));
#2490=CARTESIAN_POINT('',(2.97336696131441,-3.13432474644717,-1.85592513021205));
#2491=CARTESIAN_POINT('',(3.13287327962809,-3.1466595109282,-1.57177421706296));
#2492=CARTESIAN_POINT('',(3.26530177604597,-3.15899427540923,-1.27403825961773));
#2493=CARTESIAN_POINT('',(3.36950785425916,-3.17132903989025,-0.965290627587532));
#2494=CARTESIAN_POINT('',(3.44459084788709,-3.18366380437128,-0.648199865993421));
#2495=CARTESIAN_POINT('',(3.48990180507529,-3.19599856885231,-0.32550663058363));
#2496=CARTESIAN_POINT('',(3.50504909746235,-3.20833333333333,-5.2582938003809E-14));
#2497=CARTESIAN_POINT('',(3.48990180507531,-3.22066809781436,0.325506630583525));
#2498=CARTESIAN_POINT('',(3.44459084788711,-3.23300286229538,0.648199865993318));
#2499=CARTESIAN_POINT('',(3.36950785425919,-3.24533762677641,0.965290627587431));
#2500=CARTESIAN_POINT('',(3.26530177604601,-3.25767239125743,1.27403825961763));
#2501=CARTESIAN_POINT('',(3.13287327962813,-3.27000715573846,1.57177421706286));
#2502=CARTESIAN_POINT('',(2.97336696131447,-3.28234192021949,1.85592513021196));
#2503=CARTESIAN_POINT('',(2.78816145453949,-3.29467668470051,2.12403504659157));
#2504=CARTESIAN_POINT('',(2.57885751382875,-3.30701144918154,2.3737866582006));
#2505=CARTESIAN_POINT('',(2.34726418050763,-3.31934621366256,2.60302132983087));
#2506=CARTESIAN_POINT('',(2.09538314232349,-3.33168097814359,2.80975775816782));
#2507=CARTESIAN_POINT('',(1.82539144978583,-3.34401574262462,2.99220908994475));
#2508=CARTESIAN_POINT('',(1.53962263551882,-3.35635050710564,3.14879839020866));
#2509=CARTESIAN_POINT('',(1.34023873487525,-3.36457368342633,3.2350475843414));
#2510=CARTESIAN_POINT('',(1.23875967761336,-3.36868527158667,3.27344993258171));
#2511=FACE_BOUND('',#2512,.T.);
#2512=EDGE_LOOP('',(#5347,#5348,#5349,#5350));
#2513=B_SPLINE_SURFACE_WITH_KNOTS('',1,3,(
(#2514,#2515,#2516,#2517,#2518,#2519,#2520,#2521,#2522,#2523,#2524,#2525,#2526,#2527,
#2528,#2529,#2530,#2531,#2532,#2533,#2534,#2535,#2536,#2537,#2538,#2539,#2540,#2541,
#2542),
(#2543,#2544,#2545,#2546,#2547,#2548,#2549,#2550,#2551,#2552,#2553,#2554,#2555,#2556,
#2557,#2558,#2559,#2560,#2561,#2562,#2563,#2564,#2565,#2566,#2567,#2568,#2569,#2570,
#2571)),
.UNSPECIFIED.,.F.,.F.,.F.,
(2,2),
(4,1,1,1,1,1,1,1,1,1,1,1,1,1,1,1,1,1,1,1,1,1,1,1,1,1,4),
(0.,1.),
(23.923716097825,24.0167180309706,24.1097199641162,24.2027218972619,24.2957238304075,
24.3887257635532,24.4817276966988,24.5747296298445,24.6677315629901,24.7607334961357,
24.8537354292814,24.946737362427,25.0397392955727,25.1327412287183,25.225743161864,
25.3187450950096,25.4117470281553,25.5047489613009,25.5977508944465,25.6907528275922,
25.7837547607378,25.8767566938835,25.9697586270291,26.0627605601748,26.1557624933204,
26.248764426466,26.3417663596117),
.UNSPECIFIED.);
#2514=CARTESIAN_POINT('',(1.23875967761333,-3.29798139507999,-3.27344993258172));
#2515=CARTESIAN_POINT('',(1.34023873487519,-3.30209298324034,-3.23504758434142));
#2516=CARTESIAN_POINT('',(1.53962263551873,-3.31031615956102,-3.14879839020871));
#2517=CARTESIAN_POINT('',(1.82539144978572,-3.32265092404204,-2.99220908994482));
#2518=CARTESIAN_POINT('',(2.09538314232339,-3.33498568852307,-2.8097577581679));
#2519=CARTESIAN_POINT('',(2.34726418050753,-3.3473204530041,-2.60302132983096));
#2520=CARTESIAN_POINT('',(2.57885751382866,-3.35965521748512,-2.3737866582007));
#2521=CARTESIAN_POINT('',(2.78816145453941,-3.37198998196615,-2.12403504659168));
#2522=CARTESIAN_POINT('',(2.9733669613144,-3.38432474644717,-1.85592513021207));
#2523=CARTESIAN_POINT('',(3.13287327962808,-3.3966595109282,-1.57177421706298));
#2524=CARTESIAN_POINT('',(3.26530177604596,-3.40899427540923,-1.27403825961775));
#2525=CARTESIAN_POINT('',(3.36950785425915,-3.42132903989025,-0.965290627587556));
#2526=CARTESIAN_POINT('',(3.44459084788709,-3.43366380437128,-0.648199865993446));
#2527=CARTESIAN_POINT('',(3.48990180507529,-3.44599856885231,-0.325506630583654));
#2528=CARTESIAN_POINT('',(3.50504909746235,-3.45833333333333,-7.75213226944516E-14));
#2529=CARTESIAN_POINT('',(3.48990180507531,-3.47066809781436,0.3255066305835));
#2530=CARTESIAN_POINT('',(3.44459084788712,-3.48300286229538,0.648199865993293));
#2531=CARTESIAN_POINT('',(3.36950785425919,-3.49533762677641,0.965290627587408));
#2532=CARTESIAN_POINT('',(3.26530177604602,-3.50767239125743,1.27403825961761));
#2533=CARTESIAN_POINT('',(3.13287327962814,-3.52000715573846,1.57177421706284));
#2534=CARTESIAN_POINT('',(2.97336696131448,-3.53234192021949,1.85592513021194));
#2535=CARTESIAN_POINT('',(2.78816145453951,-3.54467668470051,2.12403504659155));
#2536=CARTESIAN_POINT('',(2.57885751382876,-3.55701144918154,2.37378665820058));
#2537=CARTESIAN_POINT('',(2.34726418050765,-3.56934621366256,2.60302132983086));
#2538=CARTESIAN_POINT('',(2.09538314232351,-3.58168097814359,2.8097577581678));
#2539=CARTESIAN_POINT('',(1.82539144978585,-3.59401574262462,2.99220908994474));
#2540=CARTESIAN_POINT('',(1.53962263551884,-3.60635050710564,3.14879839020866));
#2541=CARTESIAN_POINT('',(1.34023873487526,-3.61457368342633,3.23504758434139));
#2542=CARTESIAN_POINT('',(1.23875967761336,-3.61868527158667,3.27344993258171));
#2543=CARTESIAN_POINT('',(1.2990381041049,-3.26795095739286,-3.43273701198934));
#2544=CARTESIAN_POINT('',(1.4054551634701,-3.2720625455532,-3.39246599368547));
#2545=CARTESIAN_POINT('',(1.61454114597483,-3.28028572187388,-3.30201988726828));
#2546=CARTESIAN_POINT('',(1.91421555853959,-3.29262048635491,-3.13781090354528));
#2547=CARTESIAN_POINT('',(2.19734512978455,-3.30495525083594,-2.94648143391035));
#2548=CARTESIAN_POINT('',(2.46148277667108,-3.31729001531696,-2.72968514745578));
#2549=CARTESIAN_POINT('',(2.70434551274305,-3.32962477979799,-2.48929584627718));
#2550=CARTESIAN_POINT('',(2.92383424751236,-3.34195954427902,-2.22739124451714));
#2551=CARTESIAN_POINT('',(3.11805191114692,-3.35429430876004,-1.94623501723622));
#2552=CARTESIAN_POINT('',(3.28531985591419,-3.36662907324107,-1.64825723335481));
#2553=CARTESIAN_POINT('',(3.42419236365322,-3.37896383772209,-1.33603335274814));
#2554=CARTESIAN_POINT('',(3.53346914164706,-3.39129860220312,-1.01226196608813));
#2555=CARTESIAN_POINT('',(3.61220569681236,-3.40363336668414,-0.679741470616392));
#2556=CARTESIAN_POINT('',(3.65972149909804,-3.41596813116517,-0.341345883231881));
#2557=CARTESIAN_POINT('',(3.67560586338628,-3.4283028956462,-8.12960809781771E-14));
#2558=CARTESIAN_POINT('',(3.65972149909805,-3.44063766012722,0.341345883231719));
#2559=CARTESIAN_POINT('',(3.61220569681239,-3.45297242460825,0.679741470616232));
#2560=CARTESIAN_POINT('',(3.5334691416471,-3.46530718908927,1.01226196608797));
#2561=CARTESIAN_POINT('',(3.42419236365328,-3.4776419535703,1.33603335274799));
#2562=CARTESIAN_POINT('',(3.28531985591427,-3.48997671805133,1.64825723335467));
#2563=CARTESIAN_POINT('',(3.11805191114701,-3.50231148253235,1.94623501723608));
#2564=CARTESIAN_POINT('',(2.92383424751246,-3.51464624701338,2.22739124451701));
#2565=CARTESIAN_POINT('',(2.70434551274316,-3.5269810114944,2.48929584627706));
#2566=CARTESIAN_POINT('',(2.4614827766712,-3.53931577597543,2.72968514745567));
#2567=CARTESIAN_POINT('',(2.19734512978468,-3.55165054045646,2.94648143391025));
#2568=CARTESIAN_POINT('',(1.91421555853973,-3.56398530493748,3.1378109035452));
#2569=CARTESIAN_POINT('',(1.61454114597494,-3.57632006941851,3.30201988726823));
#2570=CARTESIAN_POINT('',(1.40545516347017,-3.5845432457392,3.39246599368544));
#2571=CARTESIAN_POINT('',(1.29903810410493,-3.58865483389954,3.43273701198933));
#2572=FACE_BOUND('',#2573,.T.);
#2573=EDGE_LOOP('',(#5351,#5352,#5353,#5354));
#2574=(BOUNDED_SURFACE()B_SPLINE_SURFACE(3,3,(
(#2575,#2576,#2577,#2578,#2579,#2580,#2581,#2582,#2583,#2584,#2585,#2586,#2587,#2588,
#2589,#2590,#2591,#2592,#2593,#2594,#2595,#2596,#2597,#2598,#2599,#2600,#2601,#2602,
#2603),
(#2604,#2605,#2606,#2607,#2608,#2609,#2610,#2611,#2612,#2613,#2614,#2615,#2616,#2617,
#2618,#2619,#2620,#2621,#2622,#2623,#2624,#2625,#2626,#2627,#2628,#2629,#2630,#2631,
#2632),
(#2633,#2634,#2635,#2636,#2637,#2638,#2639,#2640,#2641,#2642,#2643,#2644,#2645,#2646,
#2647,#2648,#2649,#2650,#2651,#2652,#2653,#2654,#2655,#2656,#2657,#2658,#2659,#2660,
#2661),
(#2662,#2663,#2664,#2665,#2666,#2667,#2668,#2669,#2670,#2671,#2672,#2673,#2674,#2675,
#2676,#2677,#2678,#2679,#2680,#2681,#2682,#2683,#2684,#2685,#2686,#2687,#2688,#2689,
#2690)),
.UNSPECIFIED.,.F.,.F.,.F.)B_SPLINE_SURFACE_WITH_KNOTS((4,4),
(4,1,1,1,1,1,1,1,1,1,1,1,1,1,1,1,1,1,1,1,1,1,1,1,1,1,4),
(0.,2.79252680319093),
(23.9156864724937,24.0093060684444,24.1029256643951,24.1965452603459,24.2901648562966,
24.3837844522473,24.477404048198,24.5710236441487,24.6646432400995,24.7582628360502,
24.8518824320009,24.9455020279516,25.0391216239024,25.1327412198531,25.2263608158038,
25.3199804117545,25.4136000077053,25.507219603656,25.6008391996067,25.6944587955574,
25.7880783915082,25.8816979874589,25.9753175834096,26.0689371793603,26.1625567753111,
26.2561763712618,26.3497959672125),
.UNSPECIFIED.)GEOMETRIC_REPRESENTATION_ITEM()RATIONAL_B_SPLINE_SURFACE((
(1.,1.,1.,1.,1.,1.,1.,1.,1.,1.,1.,1.,1.,1.,1.,1.,1.,1.,1.,1.,1.,1.,1.,1.,1.,1.,1.,
1.,1.),
(0.449098785111286,0.449098785111286,0.449098785111286,0.449098785111286,0.449098785111286,
0.449098785111286,0.449098785111286,0.449098785111286,0.449098785111286,0.449098785111286,
0.449098785111286,0.449098785111286,0.449098785111286,0.449098785111286,0.449098785111286,
0.449098785111286,0.449098785111286,0.449098785111286,0.449098785111286,0.449098785111286,
0.449098785111286,0.449098785111286,0.449098785111286,0.449098785111286,0.449098785111286,
0.449098785111286,0.449098785111286,0.449098785111286,0.449098785111286),
(0.449098785111286,0.449098785111286,0.449098785111286,0.449098785111286,0.449098785111286,
0.449098785111286,0.449098785111286,0.449098785111286,0.449098785111286,0.449098785111286,
0.449098785111286,0.449098785111286,0.449098785111286,0.449098785111286,0.449098785111286,
0.449098785111286,0.449098785111286,0.449098785111286,0.449098785111286,0.449098785111286,
0.449098785111286,0.449098785111286,0.449098785111286,0.449098785111286,0.449098785111286,
0.449098785111286,0.449098785111286,0.449098785111286,0.449098785111286),
(1.,1.,1.,1.,1.,1.,1.,1.,1.,1.,1.,1.,1.,1.,1.,1.,1.,1.,1.,1.,1.,1.,1.,1.,1.,1.,1.,
1.,1.)))REPRESENTATION_ITEM('')SURFACE());
#2575=CARTESIAN_POINT('',(1.27143293079024,-3.26688599525732,-3.44305702710543));
#2576=CARTESIAN_POINT('',(1.37887880002788,-3.27102489010894,-3.40338001468575));
#2577=CARTESIAN_POINT('',(1.59005311977735,-3.27930267981217,-3.31395966057764));
#2578=CARTESIAN_POINT('',(1.89288867760136,-3.29171936436703,-3.15080466449313));
#2579=CARTESIAN_POINT('',(2.17914584860959,-3.30413604892188,-2.96005421207474));
#2580=CARTESIAN_POINT('',(2.44631757029262,-3.31655273347673,-2.74337892346438));
#2581=CARTESIAN_POINT('',(2.69206387989547,-3.32896941803158,-2.50267649476116));
#2582=CARTESIAN_POINT('',(2.91423247806228,-3.34138610258644,-2.24005505182037));
#2583=CARTESIAN_POINT('',(3.11087756048699,-3.35380278714129,-1.9578146937024));
#2584=CARTESIAN_POINT('',(3.28027686471849,-3.36621947169614,-1.65842734603));
#2585=CARTESIAN_POINT('',(3.42094675278845,-3.378636156251,-1.34451511179272));
#2586=CARTESIAN_POINT('',(3.53165520561192,-3.39105284080585,-1.01882730623562));
#2587=CARTESIAN_POINT('',(3.61143261319631,-3.4034695253607,-0.684216377762164));
#2588=CARTESIAN_POINT('',(3.65958026673363,-3.41588620991556,-0.343612925528193));
#2589=CARTESIAN_POINT('',(3.67567647804538,-3.42830289447041,-3.25858064142981E-8));
#2590=CARTESIAN_POINT('',(3.65958027282606,-3.44071957902526,0.343612860641974));
#2591=CARTESIAN_POINT('',(3.61143262532781,-3.45313626358011,0.684216313729628));
#2592=CARTESIAN_POINT('',(3.53165522367625,-3.46555294813497,1.01882724361758));
#2593=CARTESIAN_POINT('',(3.42094677662739,-3.47796963268982,1.34451505113759));
#2594=CARTESIAN_POINT('',(3.28027689412324,-3.49038631724467,1.65842728786902));
#2595=CARTESIAN_POINT('',(3.11087759520004,-3.50280300179953,1.95781463854495));
#2596=CARTESIAN_POINT('',(2.9142325177796,-3.51521968635438,2.24005500014954));
#2597=CARTESIAN_POINT('',(2.6920639242692,-3.52763637090923,2.5026764470295));
#2598=CARTESIAN_POINT('',(2.44631761893412,-3.54005305546409,2.74337888008992));
#2599=CARTESIAN_POINT('',(2.17914590109286,-3.55246974001894,2.96005417343737));
#2600=CARTESIAN_POINT('',(1.89288873346673,-3.56488642457379,3.15080463093125));
#2601=CARTESIAN_POINT('',(1.59005317853553,-3.57730310912865,3.31395963238519));
#2602=CARTESIAN_POINT('',(1.37887886037152,-3.58558089883188,3.40337999023754));
#2603=CARTESIAN_POINT('',(1.27143299183737,-3.5897197936835,3.44305700456229));
#2604=CARTESIAN_POINT('',(1.3195272008429,-3.2424054251672,-3.57329694024453));
#2605=CARTESIAN_POINT('',(1.43103740609545,-3.24654432001882,-3.53211907244823));
#2606=CARTESIAN_POINT('',(1.65019977972985,-3.25482210972206,-3.4393162303185));
#2607=CARTESIAN_POINT('',(1.96449064498441,-3.26723879427691,-3.26998959886723));
#2608=CARTESIAN_POINT('',(2.26157601569832,-3.27965547883176,-3.0720236626045));
#2609=CARTESIAN_POINT('',(2.53885399514917,-3.29207216338661,-2.84715223592676));
#2610=CARTESIAN_POINT('',(2.79389610722203,-3.30448884794147,-2.59734479875001));
#2611=CARTESIAN_POINT('',(3.0244686379115,-3.31690553249632,-2.32478922063579));
#2612=CARTESIAN_POINT('',(3.22855217931397,-3.32932221705117,-2.03187260608749));
#2613=CARTESIAN_POINT('',(3.40435932125923,-3.34173890160603,-1.72116038582401));
#2614=CARTESIAN_POINT('',(3.55035030446625,-3.35415558616088,-1.39537384866392));
#2615=CARTESIAN_POINT('',(3.66524650648062,-3.36657227071573,-1.05736630771694));
#2616=CARTESIAN_POINT('',(3.74804164004296,-3.37898895527058,-0.710098110451038));
#2617=CARTESIAN_POINT('',(3.79801056640997,-3.39140563982544,-0.356610711281363));
#2618=CARTESIAN_POINT('',(3.81471564627854,-3.40382232438029,-3.38184240333828E-8));
#2619=CARTESIAN_POINT('',(3.79801057273286,-3.41623900893515,0.356610643940705));
#2620=CARTESIAN_POINT('',(3.74804165263336,-3.42865569349,0.710098043996354));
#2621=CARTESIAN_POINT('',(3.66524652522826,-3.44107237804485,1.05736624273025));
#2622=CARTESIAN_POINT('',(3.55035032920694,-3.4534890625997,1.3953737857144));
#2623=CARTESIAN_POINT('',(3.40435935177628,-3.46590574715456,1.72116032546298));
#2624=CARTESIAN_POINT('',(3.22855221534011,-3.47832243170941,2.03187254884362));
#2625=CARTESIAN_POINT('',(3.02446867913119,-3.49073911626426,2.32478916701042));
#2626=CARTESIAN_POINT('',(2.79389615327427,-3.50315580081912,2.59734474921281));
#2627=CARTESIAN_POINT('',(2.53885404563063,-3.51557248537397,2.84715219091159));
#2628=CARTESIAN_POINT('',(2.26157607016686,-3.52798916992882,3.07202362250561));
#2629=CARTESIAN_POINT('',(1.96449070296298,-3.54040585448368,3.26998956403581));
#2630=CARTESIAN_POINT('',(1.65019984071066,-3.55282253903853,3.43931620105962));
#2631=CARTESIAN_POINT('',(1.4310374687217,-3.56110032874176,3.53211904707521));
#2632=CARTESIAN_POINT('',(1.31952726419924,-3.56523922359338,3.57329691684865));
#2633=CARTESIAN_POINT('',(1.3195272008429,-3.1014274407217,-3.57329694024453));
#2634=CARTESIAN_POINT('',(1.43103740609545,-3.10556633557332,-3.53211907244823));
#2635=CARTESIAN_POINT('',(1.65019977972985,-3.11384412527656,-3.4393162303185));
#2636=CARTESIAN_POINT('',(1.96449064498441,-3.12626080983141,-3.26998959886723));
#2637=CARTESIAN_POINT('',(2.26157601569832,-3.13867749438626,-3.0720236626045));
#2638=CARTESIAN_POINT('',(2.53885399514917,-3.15109417894112,-2.84715223592676));
#2639=CARTESIAN_POINT('',(2.79389610722203,-3.16351086349597,-2.59734479875001));
#2640=CARTESIAN_POINT('',(3.0244686379115,-3.17592754805082,-2.32478922063579));
#2641=CARTESIAN_POINT('',(3.22855217931397,-3.18834423260568,-2.03187260608749));
#2642=CARTESIAN_POINT('',(3.40435932125923,-3.20076091716053,-1.72116038582401));
#2643=CARTESIAN_POINT('',(3.55035030446625,-3.21317760171538,-1.39537384866392));
#2644=CARTESIAN_POINT('',(3.66524650648062,-3.22559428627024,-1.05736630771694));
#2645=CARTESIAN_POINT('',(3.74804164004296,-3.23801097082509,-0.710098110451038));
#2646=CARTESIAN_POINT('',(3.79801056640997,-3.25042765537994,-0.356610711281363));
#2647=CARTESIAN_POINT('',(3.81471564627854,-3.26284433993479,-3.38184240333828E-8));
#2648=CARTESIAN_POINT('',(3.79801057273286,-3.27526102448965,0.356610643940705));
#2649=CARTESIAN_POINT('',(3.74804165263336,-3.2876777090445,0.710098043996354));
#2650=CARTESIAN_POINT('',(3.66524652522826,-3.30009439359935,1.05736624273025));
#2651=CARTESIAN_POINT('',(3.55035032920694,-3.31251107815421,1.3953737857144));
#2652=CARTESIAN_POINT('',(3.40435935177628,-3.32492776270906,1.72116032546298));
#2653=CARTESIAN_POINT('',(3.22855221534011,-3.33734444726391,2.03187254884362));
#2654=CARTESIAN_POINT('',(3.02446867913119,-3.34976113181877,2.32478916701042));
#2655=CARTESIAN_POINT('',(2.79389615327427,-3.36217781637362,2.59734474921281));
#2656=CARTESIAN_POINT('',(2.53885404563063,-3.37459450092847,2.84715219091159));
#2657=CARTESIAN_POINT('',(2.26157607016686,-3.38701118548333,3.07202362250561));
#2658=CARTESIAN_POINT('',(1.96449070296298,-3.39942787003818,3.26998956403581));
#2659=CARTESIAN_POINT('',(1.65019984071066,-3.41184455459303,3.43931620105962));
#2660=CARTESIAN_POINT('',(1.4310374687217,-3.42012234429627,3.53211904707521));
#2661=CARTESIAN_POINT('',(1.31952726419924,-3.42426123914789,3.57329691684865));
#2662=CARTESIAN_POINT('',(1.27143293079024,-3.07694687063159,-3.44305702710543));
#2663=CARTESIAN_POINT('',(1.37887880002788,-3.08108576548321,-3.40338001468575));
#2664=CARTESIAN_POINT('',(1.59005311977735,-3.08936355518644,-3.31395966057764));
#2665=CARTESIAN_POINT('',(1.89288867760136,-3.10178023974129,-3.15080466449313));
#2666=CARTESIAN_POINT('',(2.17914584860959,-3.11419692429615,-2.96005421207474));
#2667=CARTESIAN_POINT('',(2.44631757029262,-3.126613608851,-2.74337892346438));
#2668=CARTESIAN_POINT('',(2.69206387989547,-3.13903029340585,-2.50267649476116));
#2669=CARTESIAN_POINT('',(2.91423247806228,-3.15144697796071,-2.24005505182037));
#2670=CARTESIAN_POINT('',(3.11087756048699,-3.16386366251556,-1.9578146937024));
#2671=CARTESIAN_POINT('',(3.28027686471849,-3.17628034707041,-1.65842734603));
#2672=CARTESIAN_POINT('',(3.42094675278845,-3.18869703162526,-1.34451511179272));
#2673=CARTESIAN_POINT('',(3.53165520561192,-3.20111371618012,-1.01882730623562));
#2674=CARTESIAN_POINT('',(3.61143261319631,-3.21353040073497,-0.684216377762164));
#2675=CARTESIAN_POINT('',(3.65958026673363,-3.22594708528983,-0.343612925528193));
#2676=CARTESIAN_POINT('',(3.67567647804538,-3.23836376984468,-3.25858064142981E-8));
#2677=CARTESIAN_POINT('',(3.65958027282606,-3.25078045439953,0.343612860641974));
#2678=CARTESIAN_POINT('',(3.61143262532781,-3.26319713895438,0.684216313729628));
#2679=CARTESIAN_POINT('',(3.53165522367625,-3.27561382350924,1.01882724361758));
#2680=CARTESIAN_POINT('',(3.42094677662739,-3.28803050806409,1.34451505113759));
#2681=CARTESIAN_POINT('',(3.28027689412324,-3.30044719261894,1.65842728786902));
#2682=CARTESIAN_POINT('',(3.11087759520004,-3.3128638771738,1.95781463854495));
#2683=CARTESIAN_POINT('',(2.9142325177796,-3.32528056172865,2.24005500014954));
#2684=CARTESIAN_POINT('',(2.6920639242692,-3.3376972462835,2.5026764470295));
#2685=CARTESIAN_POINT('',(2.44631761893412,-3.35011393083835,2.74337888008992));
#2686=CARTESIAN_POINT('',(2.17914590109286,-3.36253061539321,2.96005417343737));
#2687=CARTESIAN_POINT('',(1.89288873346673,-3.37494729994806,3.15080463093125));
#2688=CARTESIAN_POINT('',(1.59005317853553,-3.38736398450291,3.31395963238519));
#2689=CARTESIAN_POINT('',(1.37887886037152,-3.39564177420615,3.40337999023754));
#2690=CARTESIAN_POINT('',(1.27143299183737,-3.39978066905777,3.44305700456229));
#2691=FACE_BOUND('',#2692,.T.);
#2692=EDGE_LOOP('',(#5355,#5356,#5357,#5358));
#2693=B_SPLINE_SURFACE_WITH_KNOTS('',1,3,(
(#2694,#2695,#2696,#2697,#2698,#2699,#2700,#2701,#2702,#2703,#2704,#2705,#2706,#2707,
#2708,#2709,#2710,#2711,#2712,#2713,#2714,#2715,#2716,#2717,#2718,#2719,#2720,#2721,
#2722),
(#2723,#2724,#2725,#2726,#2727,#2728,#2729,#2730,#2731,#2732,#2733,#2734,#2735,#2736,
#2737,#2738,#2739,#2740,#2741,#2742,#2743,#2744,#2745,#2746,#2747,#2748,#2749,#2750,
#2751)),
.UNSPECIFIED.,.F.,.F.,.F.,
(2,2),
(4,1,1,1,1,1,1,1,1,1,1,1,1,1,1,1,1,1,1,1,1,1,1,1,1,1,4),
(0.,1.),
(30.2069014050046,30.2999033381502,30.3929052712958,30.4859072044415,30.5789091375871,
30.6719110707328,30.7649130038784,30.8579149370241,30.9509168701697,31.0439188033153,
31.136920736461,31.2299226696066,31.3229246027523,31.4159265358979,31.5089284690436,
31.6019304021892,31.6949323353349,31.7879342684805,31.8809362016261,31.9739381347718,
32.0669400679174,32.1599420010631,32.2529439342087,32.3459458673544,32.4389478005,
32.5319497336456,32.6249516667913),
.UNSPECIFIED.);
#2694=CARTESIAN_POINT('',(1.29903810410493,-3.91134516610046,-3.43273701198932));
#2695=CARTESIAN_POINT('',(1.40545516347014,-3.9154567542608,-3.39246599368545));
#2696=CARTESIAN_POINT('',(1.61454114597486,-3.92367993058149,-3.30201988726826));
#2697=CARTESIAN_POINT('',(1.91421555853962,-3.93601469506251,-3.13781090354526));
#2698=CARTESIAN_POINT('',(2.19734512978458,-3.94834945954354,-2.94648143391032));
#2699=CARTESIAN_POINT('',(2.46148277667111,-3.96068422402457,-2.72968514745575));
#2700=CARTESIAN_POINT('',(2.70434551274308,-3.97301898850559,-2.48929584627715));
#2701=CARTESIAN_POINT('',(2.92383424751239,-3.98535375298662,-2.22739124451711));
#2702=CARTESIAN_POINT('',(3.11805191114694,-3.99768851746764,-1.94623501723619));
#2703=CARTESIAN_POINT('',(3.28531985591421,-4.01002328194867,-1.64825723335478));
#2704=CARTESIAN_POINT('',(3.42419236365324,-4.0223580464297,-1.33603335274811));
#2705=CARTESIAN_POINT('',(3.53346914164707,-4.03469281091072,-1.01226196608809));
#2706=CARTESIAN_POINT('',(3.61220569681237,-4.04702757539175,-0.679741470616354));
#2707=CARTESIAN_POINT('',(3.65972149909804,-4.05936233987277,-0.341345883231843));
#2708=CARTESIAN_POINT('',(3.67560586338628,-4.0716971043538,-4.29933866286092E-14));
#2709=CARTESIAN_POINT('',(3.65972149909805,-4.08403186883483,0.341345883231758));
#2710=CARTESIAN_POINT('',(3.61220569681238,-4.09636663331585,0.67974147061627));
#2711=CARTESIAN_POINT('',(3.53346914164709,-4.10870139779688,1.01226196608801));
#2712=CARTESIAN_POINT('',(3.42419236365327,-4.1210361622779,1.33603335274803));
#2713=CARTESIAN_POINT('',(3.28531985591425,-4.13337092675893,1.6482572333547));
#2714=CARTESIAN_POINT('',(3.11805191114699,-4.14570569123996,1.94623501723612));
#2715=CARTESIAN_POINT('',(2.92383424751243,-4.15804045572098,2.22739124451705));
#2716=CARTESIAN_POINT('',(2.70434551274313,-4.17037522020201,2.4892958462771));
#2717=CARTESIAN_POINT('',(2.46148277667116,-4.18270998468303,2.7296851474557));
#2718=CARTESIAN_POINT('',(2.19734512978464,-4.19504474916406,2.94648143391028));
#2719=CARTESIAN_POINT('',(1.91421555853969,-4.20737951364509,3.13781090354523));
#2720=CARTESIAN_POINT('',(1.61454114597491,-4.21971427812611,3.30201988726824));
#2721=CARTESIAN_POINT('',(1.40545516347016,-4.2279374544468,3.39246599368545));
#2722=CARTESIAN_POINT('',(1.29903810410493,-4.23204904260714,3.43273701198933));
#2723=CARTESIAN_POINT('',(1.23875967761337,-3.88131472841333,-3.27344993258171));
#2724=CARTESIAN_POINT('',(1.34023873487523,-3.88542631657367,-3.2350475843414));
#2725=CARTESIAN_POINT('',(1.53962263551877,-3.89364949289435,-3.14879839020869));
#2726=CARTESIAN_POINT('',(1.82539144978575,-3.90598425737538,-2.9922090899448));
#2727=CARTESIAN_POINT('',(2.09538314232342,-3.91831902185641,-2.80975775816787));
#2728=CARTESIAN_POINT('',(2.34726418050756,-3.93065378633743,-2.60302132983094));
#2729=CARTESIAN_POINT('',(2.57885751382868,-3.94298855081846,-2.37378665820067));
#2730=CARTESIAN_POINT('',(2.78816145453944,-3.95532331529948,-2.12403504659165));
#2731=CARTESIAN_POINT('',(2.97336696131442,-3.96765807978051,-1.85592513021204));
#2732=CARTESIAN_POINT('',(3.13287327962809,-3.97999284426154,-1.57177421706294));
#2733=CARTESIAN_POINT('',(3.26530177604598,-3.99232760874256,-1.27403825961772));
#2734=CARTESIAN_POINT('',(3.36950785425916,-4.00466237322359,-0.965290627587521));
#2735=CARTESIAN_POINT('',(3.44459084788709,-4.01699713770461,-0.64819986599341));
#2736=CARTESIAN_POINT('',(3.4899018050753,-4.02933190218564,-0.325506630583618));
#2737=CARTESIAN_POINT('',(3.50504909746235,-4.04166666666667,-4.09533518208605E-14));
#2738=CARTESIAN_POINT('',(3.4899018050753,-4.05400143114769,0.325506630583536));
#2739=CARTESIAN_POINT('',(3.44459084788711,-4.06633619562872,0.648199865993329));
#2740=CARTESIAN_POINT('',(3.36950785425918,-4.07867096010974,0.965290627587442));
#2741=CARTESIAN_POINT('',(3.265301776046,-4.09100572459077,1.27403825961764));
#2742=CARTESIAN_POINT('',(3.13287327962813,-4.10334048907179,1.57177421706287));
#2743=CARTESIAN_POINT('',(2.97336696131446,-4.11567525355282,1.85592513021197));
#2744=CARTESIAN_POINT('',(2.78816145453948,-4.12801001803385,2.12403504659159));
#2745=CARTESIAN_POINT('',(2.57885751382873,-4.14034478251487,2.37378665820062));
#2746=CARTESIAN_POINT('',(2.34726418050761,-4.1526795469959,2.60302132983089));
#2747=CARTESIAN_POINT('',(2.09538314232347,-4.16501431147693,2.80975775816783));
#2748=CARTESIAN_POINT('',(1.82539144978581,-4.17734907595795,2.99220908994476));
#2749=CARTESIAN_POINT('',(1.53962263551881,-4.18968384043898,3.14879839020867));
#2750=CARTESIAN_POINT('',(1.34023873487525,-4.19790701675966,3.2350475843414));
#2751=CARTESIAN_POINT('',(1.23875967761336,-4.20201860492001,3.27344993258171));
#2752=FACE_BOUND('',#2753,.T.);
#2753=EDGE_LOOP('',(#5359,#5360,#5361,#5362));
#2754=B_SPLINE_SURFACE_WITH_KNOTS('',1,3,(
(#2755,#2756,#2757,#2758,#2759,#2760,#2761,#2762,#2763,#2764,#2765,#2766,#2767,#2768,
#2769,#2770,#2771,#2772,#2773,#2774,#2775,#2776,#2777,#2778,#2779,#2780,#2781,#2782,
#2783),
(#2784,#2785,#2786,#2787,#2788,#2789,#2790,#2791,#2792,#2793,#2794,#2795,#2796,#2797,
#2798,#2799,#2800,#2801,#2802,#2803,#2804,#2805,#2806,#2807,#2808,#2809,#2810,#2811,
#2812)),
.UNSPECIFIED.,.F.,.F.,.F.,
(2,2),
(4,1,1,1,1,1,1,1,1,1,1,1,1,1,1,1,1,1,1,1,1,1,1,1,1,1,4),
(0.,1.),
(30.2069014050046,30.2999033381502,30.3929052712958,30.4859072044415,30.5789091375871,
30.6719110707328,30.7649130038784,30.8579149370241,30.9509168701697,31.0439188033153,
31.136920736461,31.2299226696066,31.3229246027523,31.4159265358979,31.5089284690436,
31.6019304021892,31.6949323353349,31.7879342684805,31.8809362016261,31.9739381347718,
32.0669400679174,32.1599420010631,32.2529439342087,32.3459458673544,32.4389478005,
32.5319497336456,32.6249516667913),
.UNSPECIFIED.);
#2755=CARTESIAN_POINT('',(1.23875967761337,-4.13131472841333,-3.27344993258171));
#2756=CARTESIAN_POINT('',(1.34023873487523,-4.13542631657367,-3.2350475843414));
#2757=CARTESIAN_POINT('',(1.53962263551877,-4.14364949289435,-3.14879839020869));
#2758=CARTESIAN_POINT('',(1.82539144978575,-4.15598425737538,-2.9922090899448));
#2759=CARTESIAN_POINT('',(2.09538314232342,-4.16831902185641,-2.80975775816787));
#2760=CARTESIAN_POINT('',(2.34726418050756,-4.18065378633743,-2.60302132983094));
#2761=CARTESIAN_POINT('',(2.57885751382868,-4.19298855081846,-2.37378665820067));
#2762=CARTESIAN_POINT('',(2.78816145453944,-4.20532331529949,-2.12403504659165));
#2763=CARTESIAN_POINT('',(2.97336696131442,-4.21765807978051,-1.85592513021204));
#2764=CARTESIAN_POINT('',(3.13287327962809,-4.22999284426153,-1.57177421706294));
#2765=CARTESIAN_POINT('',(3.26530177604598,-4.24232760874256,-1.27403825961772));
#2766=CARTESIAN_POINT('',(3.36950785425916,-4.25466237322359,-0.965290627587521));
#2767=CARTESIAN_POINT('',(3.44459084788709,-4.26699713770461,-0.64819986599341));
#2768=CARTESIAN_POINT('',(3.4899018050753,-4.27933190218564,-0.325506630583618));
#2769=CARTESIAN_POINT('',(3.50504909746235,-4.29166666666667,-4.09533518208605E-14));
#2770=CARTESIAN_POINT('',(3.4899018050753,-4.30400143114769,0.325506630583536));
#2771=CARTESIAN_POINT('',(3.44459084788711,-4.31633619562872,0.648199865993329));
#2772=CARTESIAN_POINT('',(3.36950785425918,-4.32867096010974,0.965290627587442));
#2773=CARTESIAN_POINT('',(3.265301776046,-4.34100572459077,1.27403825961764));
#2774=CARTESIAN_POINT('',(3.13287327962813,-4.3533404890718,1.57177421706287));
#2775=CARTESIAN_POINT('',(2.97336696131446,-4.36567525355282,1.85592513021197));
#2776=CARTESIAN_POINT('',(2.78816145453948,-4.37801001803385,2.12403504659159));
#2777=CARTESIAN_POINT('',(2.57885751382873,-4.39034478251487,2.37378665820062));
#2778=CARTESIAN_POINT('',(2.34726418050761,-4.4026795469959,2.60302132983089));
#2779=CARTESIAN_POINT('',(2.09538314232347,-4.41501431147693,2.80975775816783));
#2780=CARTESIAN_POINT('',(1.82539144978581,-4.42734907595795,2.99220908994476));
#2781=CARTESIAN_POINT('',(1.53962263551881,-4.43968384043898,3.14879839020867));
#2782=CARTESIAN_POINT('',(1.34023873487525,-4.44790701675966,3.2350475843414));
#2783=CARTESIAN_POINT('',(1.23875967761336,-4.45201860492001,3.27344993258171));
#2784=CARTESIAN_POINT('',(1.29903810410493,-4.10128429072619,-3.43273701198932));
#2785=CARTESIAN_POINT('',(1.40545516347014,-4.10539587888654,-3.39246599368545));
#2786=CARTESIAN_POINT('',(1.61454114597486,-4.11361905520722,-3.30201988726826));
#2787=CARTESIAN_POINT('',(1.91421555853962,-4.12595381968825,-3.13781090354526));
#2788=CARTESIAN_POINT('',(2.19734512978458,-4.13828858416927,-2.94648143391032));
#2789=CARTESIAN_POINT('',(2.46148277667111,-4.1506233486503,-2.72968514745575));
#2790=CARTESIAN_POINT('',(2.70434551274308,-4.16295811313132,-2.48929584627715));
#2791=CARTESIAN_POINT('',(2.92383424751239,-4.17529287761235,-2.22739124451711));
#2792=CARTESIAN_POINT('',(3.11805191114694,-4.18762764209338,-1.94623501723619));
#2793=CARTESIAN_POINT('',(3.28531985591421,-4.1999624065744,-1.64825723335478));
#2794=CARTESIAN_POINT('',(3.42419236365324,-4.21229717105543,-1.33603335274811));
#2795=CARTESIAN_POINT('',(3.53346914164707,-4.22463193553645,-1.01226196608809));
#2796=CARTESIAN_POINT('',(3.61220569681237,-4.23696670001748,-0.679741470616354));
#2797=CARTESIAN_POINT('',(3.65972149909804,-4.2493014644985,-0.341345883231843));
#2798=CARTESIAN_POINT('',(3.67560586338628,-4.26163622897953,-4.29933866286092E-14));
#2799=CARTESIAN_POINT('',(3.65972149909805,-4.27397099346056,0.341345883231758));
#2800=CARTESIAN_POINT('',(3.61220569681238,-4.28630575794158,0.67974147061627));
#2801=CARTESIAN_POINT('',(3.53346914164709,-4.29864052242261,1.01226196608801));
#2802=CARTESIAN_POINT('',(3.42419236365327,-4.31097528690363,1.33603335274803));
#2803=CARTESIAN_POINT('',(3.28531985591425,-4.32331005138466,1.6482572333547));
#2804=CARTESIAN_POINT('',(3.11805191114699,-4.33564481586569,1.94623501723612));
#2805=CARTESIAN_POINT('',(2.92383424751243,-4.34797958034671,2.22739124451705));
#2806=CARTESIAN_POINT('',(2.70434551274313,-4.36031434482774,2.4892958462771));
#2807=CARTESIAN_POINT('',(2.46148277667116,-4.37264910930877,2.7296851474557));
#2808=CARTESIAN_POINT('',(2.19734512978464,-4.38498387378979,2.94648143391028));
#2809=CARTESIAN_POINT('',(1.91421555853969,-4.39731863827082,3.13781090354523));
#2810=CARTESIAN_POINT('',(1.61454114597491,-4.40965340275184,3.30201988726824));
#2811=CARTESIAN_POINT('',(1.40545516347016,-4.41787657907253,3.39246599368545));
#2812=CARTESIAN_POINT('',(1.29903810410493,-4.42198816723287,3.43273701198933));
#2813=FACE_BOUND('',#2814,.T.);
#2814=EDGE_LOOP('',(#5363,#5364,#5365,#5366));
#2815=(BOUNDED_SURFACE()B_SPLINE_SURFACE(3,3,(
(#2816,#2817,#2818,#2819,#2820,#2821,#2822,#2823,#2824,#2825,#2826,#2827,#2828,#2829,
#2830,#2831,#2832,#2833,#2834,#2835,#2836,#2837,#2838,#2839,#2840,#2841,#2842,#2843,
#2844),
(#2845,#2846,#2847,#2848,#2849,#2850,#2851,#2852,#2853,#2854,#2855,#2856,#2857,#2858,
#2859,#2860,#2861,#2862,#2863,#2864,#2865,#2866,#2867,#2868,#2869,#2870,#2871,#2872,
#2873),
(#2874,#2875,#2876,#2877,#2878,#2879,#2880,#2881,#2882,#2883,#2884,#2885,#2886,#2887,
#2888,#2889,#2890,#2891,#2892,#2893,#2894,#2895,#2896,#2897,#2898,#2899,#2900,#2901,
#2902),
(#2903,#2904,#2905,#2906,#2907,#2908,#2909,#2910,#2911,#2912,#2913,#2914,#2915,#2916,
#2917,#2918,#2919,#2920,#2921,#2922,#2923,#2924,#2925,#2926,#2927,#2928,#2929,#2930,
#2931)),
.UNSPECIFIED.,.F.,.F.,.F.)B_SPLINE_SURFACE_WITH_KNOTS((4,4),
(4,1,1,1,1,1,1,1,1,1,1,1,1,1,1,1,1,1,1,1,1,1,1,1,1,1,4),
(0.,2.79252680319093),
(30.1988717796733,30.292491375624,30.3861109715747,30.4797305675254,30.5733501634762,
30.6669697594269,30.7605893553776,30.8542089513283,30.9478285472791,31.0414481432298,
31.1350677391805,31.2286873351312,31.322306931082,31.4159265270327,31.5095461229834,
31.6031657189341,31.6967853148848,31.7904049108356,31.8840245067863,31.977644102737,
32.0712636986877,32.1648832946385,32.2585028905892,32.3521224865399,32.4457420824907,
32.5393616784414,32.6329812743921),
.UNSPECIFIED.)GEOMETRIC_REPRESENTATION_ITEM()RATIONAL_B_SPLINE_SURFACE((
(1.,1.,1.,1.,1.,1.,1.,1.,1.,1.,1.,1.,1.,1.,1.,1.,1.,1.,1.,1.,1.,1.,1.,1.,1.,1.,1.,
1.,1.),
(0.449098785111286,0.449098785111286,0.449098785111286,0.449098785111286,0.449098785111286,
0.449098785111286,0.449098785111286,0.449098785111286,0.449098785111286,0.449098785111286,
0.449098785111286,0.449098785111286,0.449098785111286,0.449098785111286,0.449098785111286,
0.449098785111286,0.449098785111286,0.449098785111286,0.449098785111286,0.449098785111286,
0.449098785111286,0.449098785111286,0.449098785111286,0.449098785111286,0.449098785111286,
0.449098785111286,0.449098785111286,0.449098785111286,0.449098785111286),
(0.449098785111286,0.449098785111286,0.449098785111286,0.449098785111286,0.449098785111286,
0.449098785111286,0.449098785111286,0.449098785111286,0.449098785111286,0.449098785111286,
0.449098785111286,0.449098785111286,0.449098785111286,0.449098785111286,0.449098785111286,
0.449098785111286,0.449098785111286,0.449098785111286,0.449098785111286,0.449098785111286,
0.449098785111286,0.449098785111286,0.449098785111286,0.449098785111286,0.449098785111286,
0.449098785111286,0.449098785111286,0.449098785111286,0.449098785111286),
(1.,1.,1.,1.,1.,1.,1.,1.,1.,1.,1.,1.,1.,1.,1.,1.,1.,1.,1.,1.,1.,1.,1.,1.,1.,1.,1.,
1.,1.)))REPRESENTATION_ITEM('')SURFACE());
#2816=CARTESIAN_POINT('',(1.27143293079024,-4.10021932859065,-3.44305702710543));
#2817=CARTESIAN_POINT('',(1.37887880002788,-4.10435822344227,-3.40338001468575));
#2818=CARTESIAN_POINT('',(1.59005311977735,-4.11263601314551,-3.31395966057764));
#2819=CARTESIAN_POINT('',(1.89288867760136,-4.12505269770036,-3.15080466449313));
#2820=CARTESIAN_POINT('',(2.17914584860959,-4.13746938225521,-2.96005421207474));
#2821=CARTESIAN_POINT('',(2.44631757029262,-4.14988606681007,-2.74337892346438));
#2822=CARTESIAN_POINT('',(2.69206387989547,-4.16230275136492,-2.50267649476116));
#2823=CARTESIAN_POINT('',(2.91423247806228,-4.17471943591977,-2.24005505182037));
#2824=CARTESIAN_POINT('',(3.11087756048699,-4.18713612047462,-1.9578146937024));
#2825=CARTESIAN_POINT('',(3.28027686471848,-4.19955280502948,-1.65842734603));
#2826=CARTESIAN_POINT('',(3.42094675278845,-4.21196948958433,-1.34451511179272));
#2827=CARTESIAN_POINT('',(3.53165520561192,-4.22438617413918,-1.01882730623562));
#2828=CARTESIAN_POINT('',(3.61143261319631,-4.23680285869404,-0.684216377762165));
#2829=CARTESIAN_POINT('',(3.65958026673363,-4.24921954324889,-0.343612925528194));
#2830=CARTESIAN_POINT('',(3.67567647804538,-4.26163622780374,-3.25858072885987E-8));
#2831=CARTESIAN_POINT('',(3.65958027282606,-4.2740529123586,0.343612860641973));
#2832=CARTESIAN_POINT('',(3.61143262532781,-4.28646959691345,0.684216313729627));
#2833=CARTESIAN_POINT('',(3.53165522367625,-4.2988862814683,1.01882724361758));
#2834=CARTESIAN_POINT('',(3.42094677662739,-4.31130296602315,1.34451505113759));
#2835=CARTESIAN_POINT('',(3.28027689412325,-4.32371965057801,1.65842728786902));
#2836=CARTESIAN_POINT('',(3.11087759520004,-4.33613633513286,1.95781463854495));
#2837=CARTESIAN_POINT('',(2.91423251777959,-4.34855301968771,2.24005500014955));
#2838=CARTESIAN_POINT('',(2.69206392426919,-4.36096970424257,2.50267644702951));
#2839=CARTESIAN_POINT('',(2.4463176189341,-4.37338638879742,2.74337888008994));
#2840=CARTESIAN_POINT('',(2.17914590109282,-4.38580307335227,2.9600541734374));
#2841=CARTESIAN_POINT('',(1.89288873346668,-4.39821975790713,3.15080463093128));
#2842=CARTESIAN_POINT('',(1.5900531785355,-4.41063644246198,3.31395963238521));
#2843=CARTESIAN_POINT('',(1.3788788603715,-4.41891423216522,3.40337999023755));
#2844=CARTESIAN_POINT('',(1.27143299183737,-4.42305312701683,3.44305700456229));
#2845=CARTESIAN_POINT('',(1.3195272008429,-4.07573875850053,-3.57329694024453));
#2846=CARTESIAN_POINT('',(1.43103740609545,-4.07987765335215,-3.53211907244823));
#2847=CARTESIAN_POINT('',(1.65019977972985,-4.08815544305539,-3.4393162303185));
#2848=CARTESIAN_POINT('',(1.9644906449844,-4.10057212761024,-3.26998959886723));
#2849=CARTESIAN_POINT('',(2.26157601569832,-4.11298881216509,-3.0720236626045));
#2850=CARTESIAN_POINT('',(2.53885399514917,-4.12540549671995,-2.84715223592676));
#2851=CARTESIAN_POINT('',(2.79389610722203,-4.1378221812748,-2.59734479875001));
#2852=CARTESIAN_POINT('',(3.0244686379115,-4.15023886582965,-2.32478922063579));
#2853=CARTESIAN_POINT('',(3.22855217931397,-4.16265555038451,-2.03187260608749));
#2854=CARTESIAN_POINT('',(3.40435932125923,-4.17507223493936,-1.72116038582401));
#2855=CARTESIAN_POINT('',(3.55035030446625,-4.18748891949421,-1.39537384866392));
#2856=CARTESIAN_POINT('',(3.66524650648062,-4.19990560404907,-1.05736630771694));
#2857=CARTESIAN_POINT('',(3.74804164004296,-4.21232228860392,-0.710098110451039));
#2858=CARTESIAN_POINT('',(3.79801056640997,-4.22473897315877,-0.356610711281364));
#2859=CARTESIAN_POINT('',(3.81471564627854,-4.23715565771363,-3.38184249076834E-8));
#2860=CARTESIAN_POINT('',(3.79801057273286,-4.24957234226848,0.356610643940704));
#2861=CARTESIAN_POINT('',(3.74804165263336,-4.26198902682333,0.710098043996353));
#2862=CARTESIAN_POINT('',(3.66524652522826,-4.27440571137819,1.05736624273025));
#2863=CARTESIAN_POINT('',(3.55035032920694,-4.28682239593304,1.3953737857144));
#2864=CARTESIAN_POINT('',(3.40435935177628,-4.29923908048789,1.72116032546298));
#2865=CARTESIAN_POINT('',(3.22855221534011,-4.31165576504274,2.03187254884361));
#2866=CARTESIAN_POINT('',(3.02446867913119,-4.3240724495976,2.32478916701043));
#2867=CARTESIAN_POINT('',(2.79389615327426,-4.33648913415245,2.59734474921282));
#2868=CARTESIAN_POINT('',(2.53885404563061,-4.3489058187073,2.84715219091161));
#2869=CARTESIAN_POINT('',(2.26157607016683,-4.36132250326216,3.07202362250563));
#2870=CARTESIAN_POINT('',(1.96449070296294,-4.37373918781701,3.26998956403584));
#2871=CARTESIAN_POINT('',(1.65019984071063,-4.38615587237186,3.43931620105964));
#2872=CARTESIAN_POINT('',(1.43103746872168,-4.3944336620751,3.53211904707522));
#2873=CARTESIAN_POINT('',(1.31952726419924,-4.39857255692672,3.57329691684865));
#2874=CARTESIAN_POINT('',(1.3195272008429,-3.93476077405504,-3.57329694024453));
#2875=CARTESIAN_POINT('',(1.43103740609545,-3.93889966890666,-3.53211907244823));
#2876=CARTESIAN_POINT('',(1.65019977972985,-3.94717745860989,-3.4393162303185));
#2877=CARTESIAN_POINT('',(1.9644906449844,-3.95959414316474,-3.26998959886723));
#2878=CARTESIAN_POINT('',(2.26157601569832,-3.9720108277196,-3.0720236626045));
#2879=CARTESIAN_POINT('',(2.53885399514917,-3.98442751227445,-2.84715223592676));
#2880=CARTESIAN_POINT('',(2.79389610722203,-3.9968441968293,-2.59734479875001));
#2881=CARTESIAN_POINT('',(3.0244686379115,-4.00926088138416,-2.32478922063579));
#2882=CARTESIAN_POINT('',(3.22855217931397,-4.02167756593901,-2.03187260608749));
#2883=CARTESIAN_POINT('',(3.40435932125923,-4.03409425049386,-1.72116038582401));
#2884=CARTESIAN_POINT('',(3.55035030446625,-4.04651093504871,-1.39537384866392));
#2885=CARTESIAN_POINT('',(3.66524650648062,-4.05892761960357,-1.05736630771694));
#2886=CARTESIAN_POINT('',(3.74804164004296,-4.07134430415842,-0.710098110451039));
#2887=CARTESIAN_POINT('',(3.79801056640997,-4.08376098871328,-0.356610711281364));
#2888=CARTESIAN_POINT('',(3.81471564627854,-4.09617767326813,-3.38184249076834E-8));
#2889=CARTESIAN_POINT('',(3.79801057273286,-4.10859435782298,0.356610643940704));
#2890=CARTESIAN_POINT('',(3.74804165263336,-4.12101104237783,0.710098043996353));
#2891=CARTESIAN_POINT('',(3.66524652522826,-4.13342772693269,1.05736624273025));
#2892=CARTESIAN_POINT('',(3.55035032920694,-4.14584441148754,1.3953737857144));
#2893=CARTESIAN_POINT('',(3.40435935177628,-4.15826109604239,1.72116032546298));
#2894=CARTESIAN_POINT('',(3.22855221534011,-4.17067778059725,2.03187254884361));
#2895=CARTESIAN_POINT('',(3.02446867913119,-4.1830944651521,2.32478916701043));
#2896=CARTESIAN_POINT('',(2.79389615327426,-4.19551114970695,2.59734474921282));
#2897=CARTESIAN_POINT('',(2.53885404563061,-4.2079278342618,2.84715219091161));
#2898=CARTESIAN_POINT('',(2.26157607016683,-4.22034451881666,3.07202362250563));
#2899=CARTESIAN_POINT('',(1.96449070296294,-4.23276120337151,3.26998956403584));
#2900=CARTESIAN_POINT('',(1.65019984071063,-4.24517788792637,3.43931620105964));
#2901=CARTESIAN_POINT('',(1.43103746872168,-4.2534556776296,3.53211904707522));
#2902=CARTESIAN_POINT('',(1.31952726419924,-4.25759457248122,3.57329691684865));
#2903=CARTESIAN_POINT('',(1.27143293079024,-3.91028020396492,-3.44305702710543));
#2904=CARTESIAN_POINT('',(1.37887880002788,-3.91441909881654,-3.40338001468575));
#2905=CARTESIAN_POINT('',(1.59005311977735,-3.92269688851977,-3.31395966057764));
#2906=CARTESIAN_POINT('',(1.89288867760136,-3.93511357307463,-3.15080466449313));
#2907=CARTESIAN_POINT('',(2.17914584860959,-3.94753025762948,-2.96005421207474));
#2908=CARTESIAN_POINT('',(2.44631757029262,-3.95994694218433,-2.74337892346438));
#2909=CARTESIAN_POINT('',(2.69206387989547,-3.97236362673919,-2.50267649476116));
#2910=CARTESIAN_POINT('',(2.91423247806228,-3.98478031129404,-2.24005505182037));
#2911=CARTESIAN_POINT('',(3.11087756048699,-3.99719699584889,-1.9578146937024));
#2912=CARTESIAN_POINT('',(3.28027686471848,-4.00961368040375,-1.65842734603));
#2913=CARTESIAN_POINT('',(3.42094675278845,-4.0220303649586,-1.34451511179272));
#2914=CARTESIAN_POINT('',(3.53165520561192,-4.03444704951345,-1.01882730623562));
#2915=CARTESIAN_POINT('',(3.61143261319631,-4.0468637340683,-0.684216377762165));
#2916=CARTESIAN_POINT('',(3.65958026673363,-4.05928041862316,-0.343612925528194));
#2917=CARTESIAN_POINT('',(3.67567647804538,-4.07169710317801,-3.25858072747209E-8));
#2918=CARTESIAN_POINT('',(3.65958027282606,-4.08411378773287,0.343612860641973));
#2919=CARTESIAN_POINT('',(3.61143262532781,-4.09653047228772,0.684216313729627));
#2920=CARTESIAN_POINT('',(3.53165522367625,-4.10894715684257,1.01882724361758));
#2921=CARTESIAN_POINT('',(3.42094677662739,-4.12136384139742,1.34451505113759));
#2922=CARTESIAN_POINT('',(3.28027689412325,-4.13378052595228,1.65842728786902));
#2923=CARTESIAN_POINT('',(3.11087759520004,-4.14619721050713,1.95781463854495));
#2924=CARTESIAN_POINT('',(2.91423251777959,-4.15861389506198,2.24005500014955));
#2925=CARTESIAN_POINT('',(2.69206392426919,-4.17103057961684,2.50267644702951));
#2926=CARTESIAN_POINT('',(2.4463176189341,-4.18344726417169,2.74337888008994));
#2927=CARTESIAN_POINT('',(2.17914590109282,-4.19586394872654,2.9600541734374));
#2928=CARTESIAN_POINT('',(1.89288873346668,-4.2082806332814,3.15080463093128));
#2929=CARTESIAN_POINT('',(1.5900531785355,-4.22069731783625,3.31395963238521));
#2930=CARTESIAN_POINT('',(1.3788788603715,-4.22897510753949,3.40337999023755));
#2931=CARTESIAN_POINT('',(1.27143299183737,-4.2331140023911,3.44305700456229));
#2932=FACE_BOUND('',#2933,.T.);
#2933=EDGE_LOOP('',(#5367,#5368,#5369,#5370));
#2934=B_SPLINE_SURFACE_WITH_KNOTS('',1,3,(
(#2935,#2936,#2937,#2938,#2939,#2940,#2941,#2942,#2943,#2944,#2945,#2946,#2947,#2948,
#2949,#2950),
(#2951,#2952,#2953,#2954,#2955,#2956,#2957,#2958,#2959,#2960,#2961,#2962,#2963,#2964,
#2965,#2966)),
.UNSPECIFIED.,.F.,.F.,.F.,
(2,2),
(4,1,1,1,1,1,1,1,1,1,1,1,1,4),
(0.,1.),
(36.4900867121841,36.5830886453298,36.6760905784754,36.7690925116211,36.8620944447667,
36.9550963779124,37.048098311058,37.1411002442036,37.2341021773493,37.3271041104949,
37.4201060436406,37.5131079767862,37.6061099099319,37.6991118430775),
.UNSPECIFIED.);
#2935=CARTESIAN_POINT('',(1.23875967761336,-4.96464806174666,-3.27344993258172));
#2936=CARTESIAN_POINT('',(1.34023873487521,-4.968759649907,-3.23504758434141));
#2937=CARTESIAN_POINT('',(1.53962263551876,-4.97698282622769,-3.14879839020871));
#2938=CARTESIAN_POINT('',(1.82539144978574,-4.98931759070871,-2.99220908994477));
#2939=CARTESIAN_POINT('',(2.0953831423234,-5.00165235518974,-2.80975775816803));
#2940=CARTESIAN_POINT('',(2.34726418050755,-5.01398711967077,-2.60302132983039));
#2941=CARTESIAN_POINT('',(2.57885751382867,-5.02632188415179,-2.37378665820276));
#2942=CARTESIAN_POINT('',(2.78816145453943,-5.03865664863282,-2.12403504658391));
#2943=CARTESIAN_POINT('',(2.97336696131441,-5.05099141311384,-1.85592513024099));
#2944=CARTESIAN_POINT('',(3.13287327962809,-5.06332617759487,-1.57177421695496));
#2945=CARTESIAN_POINT('',(3.26530177604597,-5.07566094207589,-1.27403826002077));
#2946=CARTESIAN_POINT('',(3.36950785425916,-5.08799570655692,-0.965290626083355));
#2947=CARTESIAN_POINT('',(3.44459084788709,-5.10033047103795,-0.648199871607093));
#2948=CARTESIAN_POINT('',(3.4899018050753,-5.11266523551897,-0.325506609633113));
#2949=CARTESIAN_POINT('',(3.5,-5.12088841183966,-0.108502255336605));
#2950=CARTESIAN_POINT('',(3.5,-5.125,-4.40872847693047E-15));
#2951=CARTESIAN_POINT('',(1.29903810410492,-4.93461762405953,-3.43273701198933));
#2952=CARTESIAN_POINT('',(1.40545516347012,-4.93872921221987,-3.39246599368546));
#2953=CARTESIAN_POINT('',(1.61454114597485,-4.94695238854055,-3.30201988726828));
#2954=CARTESIAN_POINT('',(1.91421555853961,-4.95928715302158,-3.13781090354523));
#2955=CARTESIAN_POINT('',(2.19734512978457,-4.9716219175026,-2.94648143391049));
#2956=CARTESIAN_POINT('',(2.4614827766711,-4.98395668198363,-2.72968514745517));
#2957=CARTESIAN_POINT('',(2.70434551274307,-4.99629144646466,-2.48929584627934));
#2958=CARTESIAN_POINT('',(2.92383424751238,-5.00862621094568,-2.22739124450899));
#2959=CARTESIAN_POINT('',(3.11805191114693,-5.02096097542671,-1.94623501726654));
#2960=CARTESIAN_POINT('',(3.2853198559142,-5.03329573990773,-1.64825723324154));
#2961=CARTESIAN_POINT('',(3.42419236365323,-5.04563050438876,-1.33603335317077));
#2962=CARTESIAN_POINT('',(3.53346914164706,-5.05796526886979,-1.01226196451073));
#2963=CARTESIAN_POINT('',(3.61220569681236,-5.07030003335081,-0.679741476503201));
#2964=CARTESIAN_POINT('',(3.65972149909804,-5.08263479783184,-0.34134586126188));
#2965=CARTESIAN_POINT('',(3.6703110752902,-5.09085797415252,-0.113782008415974));
#2966=CARTESIAN_POINT('',(3.6703110752902,-5.09496956231287,-4.63815648146531E-15));
#2967=FACE_BOUND('',#2968,.T.);
#2968=EDGE_LOOP('',(#5371,#5372,#5373,#5374));
#2969=PLANE('',#2970);
#2970=AXIS2_PLACEMENT_3D('',#2971,#2972,#2973);
#2971=CARTESIAN_POINT('',(0.,-5.,2.9927683063303E-16));
#2972=DIRECTION('',(-1.22464679914735E-16,0.,1.));
#2973=DIRECTION('',(-1.,0.,-1.22464679914735E-16));
#2974=FACE_BOUND('',#2975,.T.);
#2975=EDGE_LOOP('',(#5375,#5376,#5377,#5378));
#2976=B_SPLINE_SURFACE_WITH_KNOTS('',1,3,(
(#2977,#2978,#2979,#2980,#2981,#2982,#2983,#2984,#2985,#2986,#2987,#2988,#2989,#2990,
#2991,#2992),
(#2993,#2994,#2995,#2996,#2997,#2998,#2999,#3000,#3001,#3002,#3003,#3004,#3005,#3006,
#3007,#3008)),
.UNSPECIFIED.,.F.,.F.,.F.,
(2,2),
(4,1,1,1,1,1,1,1,1,1,1,1,1,4),
(0.,1.),
(36.4900867121841,36.5830886453298,36.6760905784754,36.7690925116211,36.8620944447667,
36.9550963779124,37.048098311058,37.1411002442036,37.2341021773493,37.3271041104949,
37.4201060436406,37.5131079767862,37.6061099099319,37.6991118430775),
.UNSPECIFIED.);
#2977=CARTESIAN_POINT('',(1.29903810410492,-4.7446784994338,-3.43273701198933));
#2978=CARTESIAN_POINT('',(1.40545516347012,-4.74879008759414,-3.39246599368546));
#2979=CARTESIAN_POINT('',(1.61454114597485,-4.75701326391482,-3.30201988726828));
#2980=CARTESIAN_POINT('',(1.91421555853961,-4.76934802839585,-3.13781090354523));
#2981=CARTESIAN_POINT('',(2.19734512978457,-4.78168279287687,-2.94648143391049));
#2982=CARTESIAN_POINT('',(2.4614827766711,-4.7940175573579,-2.72968514745517));
#2983=CARTESIAN_POINT('',(2.70434551274307,-4.80635232183893,-2.48929584627934));
#2984=CARTESIAN_POINT('',(2.92383424751238,-4.81868708631995,-2.22739124450899));
#2985=CARTESIAN_POINT('',(3.11805191114693,-4.83102185080098,-1.94623501726654));
#2986=CARTESIAN_POINT('',(3.2853198559142,-4.843356615282,-1.64825723324154));
#2987=CARTESIAN_POINT('',(3.42419236365323,-4.85569137976303,-1.33603335317077));
#2988=CARTESIAN_POINT('',(3.53346914164706,-4.86802614424406,-1.01226196451073));
#2989=CARTESIAN_POINT('',(3.61220569681236,-4.88036090872508,-0.679741476503201));
#2990=CARTESIAN_POINT('',(3.65972149909804,-4.89269567320611,-0.34134586126188));
#2991=CARTESIAN_POINT('',(3.6703110752902,-4.90091884952679,-0.113782008415974));
#2992=CARTESIAN_POINT('',(3.6703110752902,-4.90503043768714,-4.63815648146531E-15));
#2993=CARTESIAN_POINT('',(1.23875967761336,-4.71464806174666,-3.27344993258172));
#2994=CARTESIAN_POINT('',(1.34023873487521,-4.718759649907,-3.23504758434141));
#2995=CARTESIAN_POINT('',(1.53962263551876,-4.72698282622769,-3.14879839020871));
#2996=CARTESIAN_POINT('',(1.82539144978574,-4.73931759070871,-2.99220908994476));
#2997=CARTESIAN_POINT('',(2.0953831423234,-4.75165235518974,-2.80975775816803));
#2998=CARTESIAN_POINT('',(2.34726418050755,-4.76398711967077,-2.60302132983039));
#2999=CARTESIAN_POINT('',(2.57885751382867,-4.77632188415179,-2.37378665820276));
#3000=CARTESIAN_POINT('',(2.78816145453943,-4.78865664863282,-2.1240350465839));
#3001=CARTESIAN_POINT('',(2.97336696131441,-4.80099141311384,-1.85592513024099));
#3002=CARTESIAN_POINT('',(3.13287327962809,-4.81332617759487,-1.57177421695496));
#3003=CARTESIAN_POINT('',(3.26530177604597,-4.82566094207589,-1.27403826002077));
#3004=CARTESIAN_POINT('',(3.36950785425916,-4.83799570655692,-0.965290626083355));
#3005=CARTESIAN_POINT('',(3.44459084788709,-4.85033047103795,-0.648199871607093));
#3006=CARTESIAN_POINT('',(3.4899018050753,-4.86266523551897,-0.325506609633113));
#3007=CARTESIAN_POINT('',(3.5,-4.87088841183966,-0.108502255336605));
#3008=CARTESIAN_POINT('',(3.5,-4.875,-4.40872847693047E-15));
#3009=FACE_BOUND('',#3010,.T.);
#3010=EDGE_LOOP('',(#5379,#5380,#5381,#5382));
#3011=(BOUNDED_SURFACE()B_SPLINE_SURFACE(3,3,(
(#3012,#3013,#3014,#3015,#3016,#3017,#3018,#3019,#3020,#3021,#3022,#3023,#3024,#3025,
#3026,#3027),
(#3028,#3029,#3030,#3031,#3032,#3033,#3034,#3035,#3036,#3037,#3038,#3039,#3040,#3041,
#3042,#3043),
(#3044,#3045,#3046,#3047,#3048,#3049,#3050,#3051,#3052,#3053,#3054,#3055,#3056,#3057,
#3058,#3059),
(#3060,#3061,#3062,#3063,#3064,#3065,#3066,#3067,#3068,#3069,#3070,#3071,#3072,#3073,
#3074,#3075)),
.UNSPECIFIED.,.F.,.F.,.F.)B_SPLINE_SURFACE_WITH_KNOTS((4,4),
(4,1,1,1,1,1,1,1,1,1,1,1,1,4),
(0.,2.79252680319093),
(36.4820570868529,36.5756766834855,36.6692962801182,36.7629158767508,36.8565354733835,
36.9501550700162,37.0437746666488,37.1373942632815,37.2310138599142,37.3246334565468,
37.4182530531795,37.5118726498122,37.6054922464448,37.6991118430775),
.UNSPECIFIED.)GEOMETRIC_REPRESENTATION_ITEM()RATIONAL_B_SPLINE_SURFACE((
(1.,1.,1.,1.,1.,1.,1.,1.,1.,1.,1.,1.,1.,1.,1.,1.),
(0.449098785111286,0.449098785111286,0.449098785111286,0.449098785111286,0.449098785111286,
0.449098785111286,0.449098785111286,0.449098785111286,0.449098785111286,0.449098785111286,
0.449098785111286,0.449098785111286,0.449098785111286,0.449098785111286,0.449098785111286,
0.449098785111286),
(0.449098785111286,0.449098785111286,0.449098785111286,0.449098785111286,0.449098785111286,
0.449098785111286,0.449098785111286,0.449098785111286,0.449098785111286,0.449098785111286,
0.449098785111286,0.449098785111286,0.449098785111286,0.449098785111286,0.449098785111286,
0.449098785111286),
(1.,1.,1.,1.,1.,1.,1.,1.,1.,1.,1.,1.,1.,1.,1.,1.)))REPRESENTATION_ITEM('')SURFACE(
));
#3012=CARTESIAN_POINT('',(1.27143293079024,-4.93355266192399,-3.44305702710543));
#3013=CARTESIAN_POINT('',(1.37887880081053,-4.93769155680575,-3.40338001439674));
#3014=CARTESIAN_POINT('',(1.59005312207111,-4.94596934656928,-3.31395965956386));
#3015=CARTESIAN_POINT('',(1.89288868193896,-4.95838603121458,-3.15080466197847));
#3016=CARTESIAN_POINT('',(2.1791458547117,-4.97080271585988,-2.96005420767976));
#3017=CARTESIAN_POINT('',(2.44631757782795,-4.98321940050518,-2.74337891684919));
#3018=CARTESIAN_POINT('',(2.69206388848614,-4.99563608515048,-2.50267648563754));
#3019=CARTESIAN_POINT('',(2.9142324872898,-5.00805276979577,-2.24005503993565));
#3020=CARTESIAN_POINT('',(3.11087756989898,-5.02046945444107,-1.95781467892541));
#3021=CARTESIAN_POINT('',(3.28027687383587,-5.03288613908637,-1.65842732805262));
#3022=CARTESIAN_POINT('',(3.42094676111316,-5.04530282373167,-1.3445150912623));
#3023=CARTESIAN_POINT('',(3.53165521263487,-5.05771950837697,-1.01882728054306));
#3024=CARTESIAN_POINT('',(3.6114326184057,-5.07013619302227,-0.684216356771164));
#3025=CARTESIAN_POINT('',(3.6595802696234,-5.08255287766757,-0.343612872878517));
#3026=CARTESIAN_POINT('',(3.6703110752902,-5.0908306674311,-0.11453768079507));
#3027=CARTESIAN_POINT('',(3.6703110752902,-5.09496956231287,-4.63815648146531E-15));
#3028=CARTESIAN_POINT('',(1.3195272008429,-4.90907209183387,-3.57329694024453));
#3029=CARTESIAN_POINT('',(1.4310374069077,-4.91321098671563,-3.53211907214828));
#3030=CARTESIAN_POINT('',(1.65019978211037,-4.92148877647917,-3.43931622926637));
#3031=CARTESIAN_POINT('',(1.96449064948608,-4.93390546112447,-3.26998959625745));
#3032=CARTESIAN_POINT('',(2.26157602203125,-4.94632214576976,-3.07202365804327));
#3033=CARTESIAN_POINT('',(2.53885400296954,-4.95873883041506,-2.84715222906135));
#3034=CARTESIAN_POINT('',(2.79389611613765,-4.97115551506036,-2.59734478928127));
#3035=CARTESIAN_POINT('',(3.02446864748806,-4.98357219970566,-2.32478920830151));
#3036=CARTESIAN_POINT('',(3.22855218908198,-4.99598888435096,-2.03187259075153));
#3037=CARTESIAN_POINT('',(3.4043593307215,-5.00840556899625,-1.7211603671666));
#3038=CARTESIAN_POINT('',(3.55035031310585,-5.02082225364155,-1.39537382735689));
#3039=CARTESIAN_POINT('',(3.66524651376922,-5.03323893828685,-1.05736628105251));
#3040=CARTESIAN_POINT('',(3.7480416454494,-5.04565562293215,-0.710098088666015));
#3041=CARTESIAN_POINT('',(3.79801056940905,-5.05807230757745,-0.356610656640117));
#3042=CARTESIAN_POINT('',(3.80914728737616,-5.06635009734098,-0.11887027751957));
#3043=CARTESIAN_POINT('',(3.80914728737616,-5.07048899222275,-4.82518433647581E-15));
#3044=CARTESIAN_POINT('',(1.3195272008429,-4.76809410738837,-3.57329694024453));
#3045=CARTESIAN_POINT('',(1.4310374069077,-4.77223300227014,-3.53211907214828));
#3046=CARTESIAN_POINT('',(1.65019978211037,-4.78051079203367,-3.43931622926637));
#3047=CARTESIAN_POINT('',(1.96449064948608,-4.79292747667897,-3.26998959625745));
#3048=CARTESIAN_POINT('',(2.26157602203125,-4.80534416132427,-3.07202365804327));
#3049=CARTESIAN_POINT('',(2.53885400296954,-4.81776084596957,-2.84715222906135));
#3050=CARTESIAN_POINT('',(2.79389611613765,-4.83017753061486,-2.59734478928127));
#3051=CARTESIAN_POINT('',(3.02446864748806,-4.84259421526016,-2.32478920830151));
#3052=CARTESIAN_POINT('',(3.22855218908198,-4.85501089990546,-2.03187259075153));
#3053=CARTESIAN_POINT('',(3.4043593307215,-4.86742758455076,-1.7211603671666));
#3054=CARTESIAN_POINT('',(3.55035031310585,-4.87984426919606,-1.39537382735689));
#3055=CARTESIAN_POINT('',(3.66524651376922,-4.89226095384135,-1.05736628105251));
#3056=CARTESIAN_POINT('',(3.7480416454494,-4.90467763848665,-0.710098088666015));
#3057=CARTESIAN_POINT('',(3.79801056940905,-4.91709432313195,-0.356610656640117));
#3058=CARTESIAN_POINT('',(3.80914728737616,-4.92537211289548,-0.11887027751957));
#3059=CARTESIAN_POINT('',(3.80914728737616,-4.92951100777725,-4.82518433647581E-15));
#3060=CARTESIAN_POINT('',(1.27143293079024,-4.74361353729825,-3.44305702710543));
#3061=CARTESIAN_POINT('',(1.37887880081053,-4.74775243218002,-3.40338001439674));
#3062=CARTESIAN_POINT('',(1.59005312207111,-4.75603022194355,-3.31395965956386));
#3063=CARTESIAN_POINT('',(1.89288868193896,-4.76844690658885,-3.15080466197847));
#3064=CARTESIAN_POINT('',(2.1791458547117,-4.78086359123415,-2.96005420767976));
#3065=CARTESIAN_POINT('',(2.44631757782795,-4.79328027587945,-2.74337891684919));
#3066=CARTESIAN_POINT('',(2.69206388848614,-4.80569696052475,-2.50267648563754));
#3067=CARTESIAN_POINT('',(2.9142324872898,-4.81811364517004,-2.24005503993565));
#3068=CARTESIAN_POINT('',(3.11087756989898,-4.83053032981534,-1.95781467892541));
#3069=CARTESIAN_POINT('',(3.28027687383587,-4.84294701446064,-1.65842732805262));
#3070=CARTESIAN_POINT('',(3.42094676111316,-4.85536369910594,-1.3445150912623));
#3071=CARTESIAN_POINT('',(3.53165521263487,-4.86778038375124,-1.01882728054306));
#3072=CARTESIAN_POINT('',(3.6114326184057,-4.88019706839654,-0.684216356771164));
#3073=CARTESIAN_POINT('',(3.6595802696234,-4.89261375304183,-0.343612872878517));
#3074=CARTESIAN_POINT('',(3.6703110752902,-4.90089154280537,-0.11453768079507));
#3075=CARTESIAN_POINT('',(3.6703110752902,-4.90503043768714,-4.63815648146531E-15));
#3076=FACE_BOUND('',#3077,.T.);
#3077=EDGE_LOOP('',(#5383,#5384));
#3078=FACE_OUTER_BOUND('',#3079,.T.);
#3079=EDGE_LOOP('',(#5385));
#3080=CONICAL_SURFACE('',#3081,1.5,0.785398163397448);
#3081=AXIS2_PLACEMENT_3D('',#3082,#3083,#3084);
#3082=CARTESIAN_POINT('',(3.42113882891801E-49,-7.5,-4.59242549680257E-16));
#3083=DIRECTION('',(6.84227765783602E-49,-1.,-6.12323399573677E-17));
#3084=DIRECTION('',(8.21730109605221E-33,6.12323399573677E-17,-1.));
#3085=FACE_BOUND('',#3086,.T.);
#3086=EDGE_LOOP('',(#5386,#5387,#5388,#5389));
#3087=PLANE('',#3088);
#3088=AXIS2_PLACEMENT_3D('',#3089,#3090,#3091);
#3089=CARTESIAN_POINT('',(2.5,-8.,-1.));
#3090=DIRECTION('',(0.,5.55111512312578E-17,-1.));
#3091=DIRECTION('',(1.,0.,0.));
#3092=FACE_BOUND('',#3093,.T.);
#3093=EDGE_LOOP('',(#5390,#5391,#5392,#5393));
#3094=FACE_BOUND('',#3095,.T.);
#3095=EDGE_LOOP('',(#5394));
#3096=PLANE('',#3097);
#3097=AXIS2_PLACEMENT_3D('',#3098,#3099,#3100);
#3098=CARTESIAN_POINT('',(2.5,-8.,1.));
#3099=DIRECTION('',(-1.,0.,0.));
#3100=DIRECTION('',(0.,0.,-1.));
#3101=FACE_BOUND('',#3102,.T.);
#3102=EDGE_LOOP('',(#5395,#5396,#5397,#5398));
#3103=PLANE('',#3104);
#3104=AXIS2_PLACEMENT_3D('',#3105,#3106,#3107);
#3105=CARTESIAN_POINT('',(3.,-8.,1.));
#3106=DIRECTION('',(4.44089209850063E-16,-8.32667268468867E-17,1.));
#3107=DIRECTION('',(-1.,0.,4.44089209850063E-16));
#3108=FACE_BOUND('',#3109,.T.);
#3109=EDGE_LOOP('',(#5399,#5400,#5401,#5402));
#3110=FACE_BOUND('',#3111,.T.);
#3111=EDGE_LOOP('',(#5403));
#3112=PLANE('',#3113);
#3113=AXIS2_PLACEMENT_3D('',#3114,#3115,#3116);
#3114=CARTESIAN_POINT('',(3.,-8.,-1.));
#3115=DIRECTION('',(1.,0.,0.));
#3116=DIRECTION('',(0.,0.,1.));
#3117=FACE_BOUND('',#3118,.T.);
#3118=EDGE_LOOP('',(#5404,#5405,#5406,#5407));
#3119=FACE_BOUND('',#3120,.T.);
#3120=EDGE_LOOP('',(#5408));
#3121=PLANE('',#3122);
#3122=AXIS2_PLACEMENT_3D('',#3123,#3124,#3125);
#3123=CARTESIAN_POINT('',(-2.5,-8.,-1.));
#3124=DIRECTION('',(1.,0.,0.));
#3125=DIRECTION('',(0.,0.,1.));
#3126=FACE_BOUND('',#3127,.T.);
#3127=EDGE_LOOP('',(#5409,#5410,#5411,#5412));
#3128=PLANE('',#3129);
#3129=AXIS2_PLACEMENT_3D('',#3130,#3131,#3132);
#3130=CARTESIAN_POINT('',(-3.,-8.,-1.));
#3131=DIRECTION('',(0.,5.55111512312578E-17,-1.));
#3132=DIRECTION('',(1.,0.,0.));
#3133=FACE_BOUND('',#3134,.T.);
#3134=EDGE_LOOP('',(#5413,#5414,#5415,#5416));
#3135=FACE_BOUND('',#3136,.T.);
#3136=EDGE_LOOP('',(#5417));
#3137=PLANE('',#3138);
#3138=AXIS2_PLACEMENT_3D('',#3139,#3140,#3141);
#3139=CARTESIAN_POINT('',(-3.,-8.,1.));
#3140=DIRECTION('',(-1.,0.,0.));
#3141=DIRECTION('',(0.,0.,-1.));
#3142=FACE_BOUND('',#3143,.T.);
#3143=EDGE_LOOP('',(#5418,#5419,#5420,#5421));
#3144=PLANE('',#3145);
#3145=AXIS2_PLACEMENT_3D('',#3146,#3147,#3148);
#3146=CARTESIAN_POINT('',(-2.5,-8.,1.));
#3147=DIRECTION('',(0.,-8.32667268468867E-17,1.));
#3148=DIRECTION('',(-1.,0.,0.));
#3149=FACE_BOUND('',#3150,.T.);
#3150=EDGE_LOOP('',(#5422,#5423,#5424,#5425));
#3151=B_SPLINE_SURFACE_WITH_KNOTS('',1,3,(
(#3152,#3153,#3154,#3155,#3156,#3157,#3158,#3159,#3160,#3161,#3162,#3163,#3164,#3165,
#3166,#3167,#3168,#3169,#3170,#3171,#3172,#3173,#3174,#3175,#3176,#3177,#3178,#3179,
#3180),
(#3181,#3182,#3183,#3184,#3185,#3186,#3187,#3188,#3189,#3190,#3191,#3192,#3193,#3194,
#3195,#3196,#3197,#3198,#3199,#3200,#3201,#3202,#3203,#3204,#3205,#3206,#3207,#3208,
#3209)),
.UNSPECIFIED.,.F.,.F.,.F.,
(2,2),
(4,1,1,1,1,1,1,1,1,1,1,1,1,1,1,1,1,1,1,1,1,1,1,1,1,1,4),
(0.,1.),
(33.3484940585943,33.44149599174,33.5344979248856,33.6274998580313,33.7205017911769,
33.8135037243226,33.9065056574682,33.9995075906139,34.0925095237595,34.1855114569051,
34.2785133900508,34.3715153231964,34.4645172563421,34.5575191894877,34.6505211226334,
34.743523055779,34.8365249889246,34.9295269220703,35.0225288552159,35.1155307883616,
35.2085327215072,35.3015346546529,35.3945365877985,35.4875385209441,35.5805404540898,
35.6735423872354,35.7665443203811),
.UNSPECIFIED.);
#3152=CARTESIAN_POINT('',(-1.23875967761337,-4.54798139508,3.27344993258171));
#3153=CARTESIAN_POINT('',(-1.34023873487523,-4.55209298324034,3.23504758434141));
#3154=CARTESIAN_POINT('',(-1.53962263551877,-4.56031615956102,3.14879839020869));
#3155=CARTESIAN_POINT('',(-1.82539144978575,-4.57265092404205,2.9922090899448));
#3156=CARTESIAN_POINT('',(-2.09538314232342,-4.58498568852307,2.80975775816787));
#3157=CARTESIAN_POINT('',(-2.34726418050756,-4.5973204530041,2.60302132983094));
#3158=CARTESIAN_POINT('',(-2.57885751382868,-4.60965521748513,2.37378665820067));
#3159=CARTESIAN_POINT('',(-2.78816145453944,-4.62198998196615,2.12403504659165));
#3160=CARTESIAN_POINT('',(-2.97336696131442,-4.63432474644718,1.85592513021204));
#3161=CARTESIAN_POINT('',(-3.13287327962809,-4.6466595109282,1.57177421706295));
#3162=CARTESIAN_POINT('',(-3.26530177604597,-4.65899427540923,1.27403825961772));
#3163=CARTESIAN_POINT('',(-3.36950785425916,-4.67132903989025,0.965290627587522));
#3164=CARTESIAN_POINT('',(-3.44459084788709,-4.68366380437128,0.648199865993411));
#3165=CARTESIAN_POINT('',(-3.4899018050753,-4.69599856885231,0.325506630583619));
#3166=CARTESIAN_POINT('',(-3.50504909746235,-4.70833333333333,4.20080636942544E-14));
#3167=CARTESIAN_POINT('',(-3.4899018050753,-4.72066809781436,-0.325506630583535));
#3168=CARTESIAN_POINT('',(-3.44459084788711,-4.73300286229538,-0.648199865993328));
#3169=CARTESIAN_POINT('',(-3.36950785425918,-4.74533762677641,-0.965290627587441));
#3170=CARTESIAN_POINT('',(-3.265301776046,-4.75767239125744,-1.27403825961764));
#3171=CARTESIAN_POINT('',(-3.13287327962813,-4.77000715573846,-1.57177421706287));
#3172=CARTESIAN_POINT('',(-2.97336696131446,-4.78234192021949,-1.85592513021197));
#3173=CARTESIAN_POINT('',(-2.78816145453949,-4.79467668470051,-2.12403504659158));
#3174=CARTESIAN_POINT('',(-2.57885751382874,-4.80701144918154,-2.37378665820061));
#3175=CARTESIAN_POINT('',(-2.34726418050762,-4.81934621366257,-2.60302132983088));
#3176=CARTESIAN_POINT('',(-2.09538314232348,-4.83168097814359,-2.80975775816782));
#3177=CARTESIAN_POINT('',(-1.82539144978582,-4.84401574262462,-2.99220908994476));
#3178=CARTESIAN_POINT('',(-1.53962263551881,-4.85635050710564,-3.14879839020867));
#3179=CARTESIAN_POINT('',(-1.34023873487524,-4.86457368342633,-3.2350475843414));
#3180=CARTESIAN_POINT('',(-1.23875967761335,-4.86868527158667,-3.27344993258172));
#3181=CARTESIAN_POINT('',(-1.29903810410493,-4.51795095739286,3.43273701198932));
#3182=CARTESIAN_POINT('',(-1.40545516347014,-4.5220625455532,3.39246599368545));
#3183=CARTESIAN_POINT('',(-1.61454114597486,-4.53028572187388,3.30201988726826));
#3184=CARTESIAN_POINT('',(-1.91421555853962,-4.54262048635491,3.13781090354527));
#3185=CARTESIAN_POINT('',(-2.19734512978458,-4.55495525083594,2.94648143391032));
#3186=CARTESIAN_POINT('',(-2.46148277667111,-4.56729001531696,2.72968514745575));
#3187=CARTESIAN_POINT('',(-2.70434551274308,-4.57962477979799,2.48929584627716));
#3188=CARTESIAN_POINT('',(-2.92383424751239,-4.59195954427902,2.22739124451711));
#3189=CARTESIAN_POINT('',(-3.11805191114694,-4.60429430876004,1.94623501723619));
#3190=CARTESIAN_POINT('',(-3.28531985591421,-4.61662907324107,1.64825723335478));
#3191=CARTESIAN_POINT('',(-3.42419236365323,-4.62896383772209,1.33603335274811));
#3192=CARTESIAN_POINT('',(-3.53346914164707,-4.64129860220312,1.01226196608809));
#3193=CARTESIAN_POINT('',(-3.61220569681237,-4.65363336668415,0.679741470616355));
#3194=CARTESIAN_POINT('',(-3.65972149909804,-4.66596813116517,0.341345883231844));
#3195=CARTESIAN_POINT('',(-3.67560586338628,-4.6783028956462,4.40064651385796E-14));
#3196=CARTESIAN_POINT('',(-3.65972149909805,-4.69063766012722,-0.341345883231757));
#3197=CARTESIAN_POINT('',(-3.61220569681238,-4.70297242460825,-0.679741470616269));
#3198=CARTESIAN_POINT('',(-3.53346914164709,-4.71530718908928,-1.01226196608801));
#3199=CARTESIAN_POINT('',(-3.42419236365327,-4.7276419535703,-1.33603335274803));
#3200=CARTESIAN_POINT('',(-3.28531985591425,-4.73997671805133,-1.6482572333547));
#3201=CARTESIAN_POINT('',(-3.11805191114699,-4.75231148253235,-1.94623501723611));
#3202=CARTESIAN_POINT('',(-2.92383424751244,-4.76464624701338,-2.22739124451704));
#3203=CARTESIAN_POINT('',(-2.70434551274314,-4.7769810114944,-2.48929584627709));
#3204=CARTESIAN_POINT('',(-2.46148277667117,-4.78931577597543,-2.72968514745569));
#3205=CARTESIAN_POINT('',(-2.19734512978465,-4.80165054045646,-2.94648143391027));
#3206=CARTESIAN_POINT('',(-1.9142155585397,-4.81398530493748,-3.13781090354522));
#3207=CARTESIAN_POINT('',(-1.61454114597491,-4.82632006941851,-3.30201988726824));
#3208=CARTESIAN_POINT('',(-1.40545516347015,-4.8345432457392,-3.39246599368545));
#3209=CARTESIAN_POINT('',(-1.29903810410492,-4.83865483389954,-3.43273701198933));
#3210=FACE_BOUND('',#3211,.T.);
#3211=EDGE_LOOP('',(#5426,#5427,#5428,#5429));
#3212=(BOUNDED_SURFACE()B_SPLINE_SURFACE(3,3,(
(#3213,#3214,#3215,#3216,#3217,#3218,#3219,#3220,#3221,#3222,#3223,#3224,#3225,#3226,
#3227,#3228,#3229,#3230,#3231,#3232,#3233,#3234,#3235,#3236,#3237,#3238,#3239,#3240,
#3241),
(#3242,#3243,#3244,#3245,#3246,#3247,#3248,#3249,#3250,#3251,#3252,#3253,#3254,#3255,
#3256,#3257,#3258,#3259,#3260,#3261,#3262,#3263,#3264,#3265,#3266,#3267,#3268,#3269,
#3270),
(#3271,#3272,#3273,#3274,#3275,#3276,#3277,#3278,#3279,#3280,#3281,#3282,#3283,#3284,
#3285,#3286,#3287,#3288,#3289,#3290,#3291,#3292,#3293,#3294,#3295,#3296,#3297,#3298,
#3299),
(#3300,#3301,#3302,#3303,#3304,#3305,#3306,#3307,#3308,#3309,#3310,#3311,#3312,#3313,
#3314,#3315,#3316,#3317,#3318,#3319,#3320,#3321,#3322,#3323,#3324,#3325,#3326,#3327,
#3328)),
.UNSPECIFIED.,.F.,.F.,.F.)B_SPLINE_SURFACE_WITH_KNOTS((4,4),
(4,1,1,1,1,1,1,1,1,1,1,1,1,1,1,1,1,1,1,1,1,1,1,1,1,1,4),
(0.,2.79252680319093),
(33.3404644332631,33.4340840292138,33.5277036251645,33.6213232211152,33.7149428170659,
33.8085624130167,33.9021820089674,33.9958016049181,34.0894212008688,34.1830407968195,
34.2766603927703,34.370279988721,34.4638995846717,34.5575191806224,34.6511387765731,
34.7447583725239,34.8383779684746,34.9319975644253,35.025617160376,35.1192367563267,
35.2128563522775,35.3064759482282,35.4000955441789,35.4937151401296,35.5873347360804,
35.6809543320311,35.7745739279819),
.UNSPECIFIED.)GEOMETRIC_REPRESENTATION_ITEM()RATIONAL_B_SPLINE_SURFACE((
(1.,1.,1.,1.,1.,1.,1.,1.,1.,1.,1.,1.,1.,1.,1.,1.,1.,1.,1.,1.,1.,1.,1.,1.,1.,1.,1.,
1.,1.),
(0.449098785111286,0.449098785111286,0.449098785111286,0.449098785111286,0.449098785111286,
0.449098785111286,0.449098785111286,0.449098785111286,0.449098785111286,0.449098785111286,
0.449098785111286,0.449098785111286,0.449098785111286,0.449098785111286,0.449098785111286,
0.449098785111286,0.449098785111286,0.449098785111286,0.449098785111286,0.449098785111286,
0.449098785111286,0.449098785111286,0.449098785111286,0.449098785111286,0.449098785111286,
0.449098785111286,0.449098785111286,0.449098785111286,0.449098785111286),
(0.449098785111286,0.449098785111286,0.449098785111286,0.449098785111286,0.449098785111286,
0.449098785111286,0.449098785111286,0.449098785111286,0.449098785111286,0.449098785111286,
0.449098785111286,0.449098785111286,0.449098785111286,0.449098785111286,0.449098785111286,
0.449098785111286,0.449098785111286,0.449098785111286,0.449098785111286,0.449098785111286,
0.449098785111286,0.449098785111286,0.449098785111286,0.449098785111286,0.449098785111286,
0.449098785111286,0.449098785111286,0.449098785111286,0.449098785111286),
(1.,1.,1.,1.,1.,1.,1.,1.,1.,1.,1.,1.,1.,1.,1.,1.,1.,1.,1.,1.,1.,1.,1.,1.,1.,1.,1.,
1.,1.)))REPRESENTATION_ITEM('')SURFACE());
#3213=CARTESIAN_POINT('',(-1.27143293079025,-4.51688599525732,3.44305702710543));
#3214=CARTESIAN_POINT('',(-1.37887880002788,-4.52102489010894,3.40338001468575));
#3215=CARTESIAN_POINT('',(-1.59005311977735,-4.52930267981217,3.31395966057764));
#3216=CARTESIAN_POINT('',(-1.89288867760134,-4.54171936436702,3.15080466449314));
#3217=CARTESIAN_POINT('',(-2.17914584860957,-4.55413604892188,2.96005421207476));
#3218=CARTESIAN_POINT('',(-2.44631757029259,-4.56655273347673,2.7433789234644));
#3219=CARTESIAN_POINT('',(-2.69206387989544,-4.57896941803158,2.5026764947612));
#3220=CARTESIAN_POINT('',(-2.91423247806224,-4.59138610258644,2.24005505182042));
#3221=CARTESIAN_POINT('',(-3.11087756048695,-4.60380278714129,1.95781469370246));
#3222=CARTESIAN_POINT('',(-3.28027686471844,-4.61621947169614,1.65842734603008));
#3223=CARTESIAN_POINT('',(-3.42094675278842,-4.62863615625099,1.34451511179282));
#3224=CARTESIAN_POINT('',(-3.53165520561189,-4.64105284080585,1.01882730623573));
#3225=CARTESIAN_POINT('',(-3.61143261319628,-4.6534695253607,0.684216377762294));
#3226=CARTESIAN_POINT('',(-3.65958026673362,-4.66588620991555,0.343612925528338));
#3227=CARTESIAN_POINT('',(-3.67567647804538,-4.6783028944704,3.25859649957794E-8));
#3228=CARTESIAN_POINT('',(-3.65958027282608,-4.69071957902526,-0.343612860641803));
#3229=CARTESIAN_POINT('',(-3.61143262532784,-4.70313626358011,-0.684216313729446));
#3230=CARTESIAN_POINT('',(-3.5316552236763,-4.71555294813496,-1.01882724361739));
#3231=CARTESIAN_POINT('',(-3.42094677662747,-4.72796963268981,-1.3445150511374));
#3232=CARTESIAN_POINT('',(-3.28027689412334,-4.74038631724467,-1.65842728786882));
#3233=CARTESIAN_POINT('',(-3.11087759520017,-4.75280300179952,-1.95781463854475));
#3234=CARTESIAN_POINT('',(-2.91423251777975,-4.76521968635437,-2.24005500014934));
#3235=CARTESIAN_POINT('',(-2.69206392426938,-4.77763637090922,-2.5026764470293));
#3236=CARTESIAN_POINT('',(-2.44631761893433,-4.79005305546408,-2.74337888008974));
#3237=CARTESIAN_POINT('',(-2.17914590109309,-4.80246974001893,-2.9600541734372));
#3238=CARTESIAN_POINT('',(-1.89288873346698,-4.81488642457378,-3.1508046309311));
#3239=CARTESIAN_POINT('',(-1.59005317853573,-4.82730310912864,-3.3139596323851));
#3240=CARTESIAN_POINT('',(-1.37887886037164,-4.83558089883188,-3.40337999023749));
#3241=CARTESIAN_POINT('',(-1.2714329918374,-4.8397197936835,-3.44305700456227));
#3242=CARTESIAN_POINT('',(-1.31952720084291,-4.4924054251672,3.57329694024452));
#3243=CARTESIAN_POINT('',(-1.43103740609545,-4.49654432001882,3.53211907244822));
#3244=CARTESIAN_POINT('',(-1.65019977972984,-4.50482210972205,3.4393162303185));
#3245=CARTESIAN_POINT('',(-1.96449064498439,-4.51723879427691,3.26998959886724));
#3246=CARTESIAN_POINT('',(-2.2615760156983,-4.52965547883176,3.07202366260452));
#3247=CARTESIAN_POINT('',(-2.53885399514914,-4.54207216338661,2.84715223592679));
#3248=CARTESIAN_POINT('',(-2.79389610722199,-4.55448884794147,2.59734479875005));
#3249=CARTESIAN_POINT('',(-3.02446863791146,-4.56690553249632,2.32478922063585));
#3250=CARTESIAN_POINT('',(-3.22855217931393,-4.57932221705117,2.03187260608756));
#3251=CARTESIAN_POINT('',(-3.40435932125919,-4.59173890160602,1.72116038582409));
#3252=CARTESIAN_POINT('',(-3.55035030446621,-4.60415558616087,1.39537384866402));
#3253=CARTESIAN_POINT('',(-3.66524650648059,-4.61657227071573,1.05736630771705));
#3254=CARTESIAN_POINT('',(-3.74804164004293,-4.62898895527058,0.710098110451173));
#3255=CARTESIAN_POINT('',(-3.79801056640996,-4.64140563982543,0.356610711281513));
#3256=CARTESIAN_POINT('',(-3.81471564627854,-4.65382232438029,3.38185885129239E-8));
#3257=CARTESIAN_POINT('',(-3.79801057273288,-4.66623900893514,-0.356610643940527));
#3258=CARTESIAN_POINT('',(-3.74804165263339,-4.67865569348999,-0.710098043996166));
#3259=CARTESIAN_POINT('',(-3.66524652522832,-4.69107237804484,-1.05736624273005));
#3260=CARTESIAN_POINT('',(-3.55035032920702,-4.7034890625997,-1.3953737857142));
#3261=CARTESIAN_POINT('',(-3.40435935177639,-4.71590574715455,-1.72116032546278));
#3262=CARTESIAN_POINT('',(-3.22855221534024,-4.7283224317094,-2.03187254884341));
#3263=CARTESIAN_POINT('',(-3.02446867913135,-4.74073911626425,-2.32478916701022));
#3264=CARTESIAN_POINT('',(-2.79389615327446,-4.75315580081911,-2.59734474921261));
#3265=CARTESIAN_POINT('',(-2.53885404563084,-4.76557248537396,-2.8471521909114));
#3266=CARTESIAN_POINT('',(-2.2615760701671,-4.77798916992881,-3.07202362250543));
#3267=CARTESIAN_POINT('',(-1.96449070296325,-4.79040585448366,-3.26998956403565));
#3268=CARTESIAN_POINT('',(-1.65019984071087,-4.80282253903852,-3.43931620105953));
#3269=CARTESIAN_POINT('',(-1.43103746872183,-4.81110032874176,-3.53211904707516));
#3270=CARTESIAN_POINT('',(-1.31952726419928,-4.81523922359338,-3.57329691684863));
#3271=CARTESIAN_POINT('',(-1.31952720084291,-4.35142744072171,3.57329694024452));
#3272=CARTESIAN_POINT('',(-1.43103740609545,-4.35556633557332,3.53211907244822));
#3273=CARTESIAN_POINT('',(-1.65019977972984,-4.36384412527656,3.4393162303185));
#3274=CARTESIAN_POINT('',(-1.96449064498439,-4.37626080983141,3.26998959886724));
#3275=CARTESIAN_POINT('',(-2.2615760156983,-4.38867749438626,3.07202366260452));
#3276=CARTESIAN_POINT('',(-2.53885399514914,-4.40109417894112,2.84715223592679));
#3277=CARTESIAN_POINT('',(-2.79389610722199,-4.41351086349597,2.59734479875005));
#3278=CARTESIAN_POINT('',(-3.02446863791146,-4.42592754805082,2.32478922063585));
#3279=CARTESIAN_POINT('',(-3.22855217931393,-4.43834423260567,2.03187260608756));
#3280=CARTESIAN_POINT('',(-3.40435932125919,-4.45076091716053,1.72116038582409));
#3281=CARTESIAN_POINT('',(-3.55035030446621,-4.46317760171538,1.39537384866402));
#3282=CARTESIAN_POINT('',(-3.66524650648059,-4.47559428627023,1.05736630771705));
#3283=CARTESIAN_POINT('',(-3.74804164004293,-4.48801097082508,0.710098110451173));
#3284=CARTESIAN_POINT('',(-3.79801056640996,-4.50042765537994,0.356610711281513));
#3285=CARTESIAN_POINT('',(-3.81471564627854,-4.51284433993479,3.38185885129239E-8));
#3286=CARTESIAN_POINT('',(-3.79801057273288,-4.52526102448964,-0.356610643940527));
#3287=CARTESIAN_POINT('',(-3.74804165263339,-4.53767770904449,-0.710098043996166));
#3288=CARTESIAN_POINT('',(-3.66524652522832,-4.55009439359935,-1.05736624273005));
#3289=CARTESIAN_POINT('',(-3.55035032920702,-4.5625110781542,-1.3953737857142));
#3290=CARTESIAN_POINT('',(-3.40435935177639,-4.57492776270905,-1.72116032546278));
#3291=CARTESIAN_POINT('',(-3.22855221534024,-4.58734444726391,-2.03187254884341));
#3292=CARTESIAN_POINT('',(-3.02446867913135,-4.59976113181876,-2.32478916701022));
#3293=CARTESIAN_POINT('',(-2.79389615327446,-4.61217781637361,-2.59734474921261));
#3294=CARTESIAN_POINT('',(-2.53885404563084,-4.62459450092846,-2.8471521909114));
#3295=CARTESIAN_POINT('',(-2.2615760701671,-4.63701118548332,-3.07202362250543));
#3296=CARTESIAN_POINT('',(-1.96449070296325,-4.64942787003817,-3.26998956403565));
#3297=CARTESIAN_POINT('',(-1.65019984071087,-4.66184455459302,-3.43931620105953));
#3298=CARTESIAN_POINT('',(-1.43103746872183,-4.67012234429626,-3.53211904707516));
#3299=CARTESIAN_POINT('',(-1.31952726419928,-4.67426123914788,-3.57329691684863));
#3300=CARTESIAN_POINT('',(-1.27143293079025,-4.32694687063159,3.44305702710543));
#3301=CARTESIAN_POINT('',(-1.37887880002788,-4.33108576548321,3.40338001468575));
#3302=CARTESIAN_POINT('',(-1.59005311977735,-4.33936355518644,3.31395966057764));
#3303=CARTESIAN_POINT('',(-1.89288867760134,-4.35178023974129,3.15080466449314));
#3304=CARTESIAN_POINT('',(-2.17914584860957,-4.36419692429615,2.96005421207476));
#3305=CARTESIAN_POINT('',(-2.44631757029259,-4.376613608851,2.7433789234644));
#3306=CARTESIAN_POINT('',(-2.69206387989544,-4.38903029340585,2.5026764947612));
#3307=CARTESIAN_POINT('',(-2.91423247806224,-4.4014469779607,2.24005505182042));
#3308=CARTESIAN_POINT('',(-3.11087756048695,-4.41386366251556,1.95781469370246));
#3309=CARTESIAN_POINT('',(-3.28027686471844,-4.42628034707041,1.65842734603008));
#3310=CARTESIAN_POINT('',(-3.42094675278842,-4.43869703162526,1.34451511179282));
#3311=CARTESIAN_POINT('',(-3.53165520561189,-4.45111371618012,1.01882730623573));
#3312=CARTESIAN_POINT('',(-3.61143261319628,-4.46353040073497,0.684216377762294));
#3313=CARTESIAN_POINT('',(-3.65958026673362,-4.47594708528982,0.343612925528338));
#3314=CARTESIAN_POINT('',(-3.67567647804538,-4.48836376984467,3.25859649263904E-8));
#3315=CARTESIAN_POINT('',(-3.65958027282608,-4.50078045439953,-0.343612860641803));
#3316=CARTESIAN_POINT('',(-3.61143262532784,-4.51319713895438,-0.684216313729446));
#3317=CARTESIAN_POINT('',(-3.5316552236763,-4.52561382350923,-1.01882724361739));
#3318=CARTESIAN_POINT('',(-3.42094677662747,-4.53803050806408,-1.3445150511374));
#3319=CARTESIAN_POINT('',(-3.28027689412334,-4.55044719261894,-1.65842728786882));
#3320=CARTESIAN_POINT('',(-3.11087759520017,-4.56286387717379,-1.95781463854475));
#3321=CARTESIAN_POINT('',(-2.91423251777975,-4.57528056172864,-2.24005500014934));
#3322=CARTESIAN_POINT('',(-2.69206392426938,-4.58769724628349,-2.5026764470293));
#3323=CARTESIAN_POINT('',(-2.44631761893433,-4.60011393083835,-2.74337888008974));
#3324=CARTESIAN_POINT('',(-2.17914590109309,-4.6125306153932,-2.9600541734372));
#3325=CARTESIAN_POINT('',(-1.89288873346698,-4.62494729994805,-3.1508046309311));
#3326=CARTESIAN_POINT('',(-1.59005317853573,-4.63736398450291,-3.3139596323851));
#3327=CARTESIAN_POINT('',(-1.37887886037164,-4.64564177420615,-3.40337999023749));
#3328=CARTESIAN_POINT('',(-1.2714329918374,-4.64978066905777,-3.44305700456227));
#3329=FACE_BOUND('',#3330,.T.);
#3330=EDGE_LOOP('',(#5430,#5431,#5432,#5433));
#3331=B_SPLINE_SURFACE_WITH_KNOTS('',1,3,(
(#3332,#3333,#3334,#3335,#3336,#3337,#3338,#3339,#3340,#3341,#3342,#3343,#3344,#3345,
#3346,#3347,#3348,#3349,#3350,#3351,#3352,#3353,#3354,#3355,#3356,#3357,#3358,#3359,
#3360),
(#3361,#3362,#3363,#3364,#3365,#3366,#3367,#3368,#3369,#3370,#3371,#3372,#3373,#3374,
#3375,#3376,#3377,#3378,#3379,#3380,#3381,#3382,#3383,#3384,#3385,#3386,#3387,#3388,
#3389)),
.UNSPECIFIED.,.F.,.F.,.F.,
(2,2),
(4,1,1,1,1,1,1,1,1,1,1,1,1,1,1,1,1,1,1,1,1,1,1,1,1,1,4),
(0.,1.),
(33.3484940585943,33.44149599174,33.5344979248856,33.6274998580313,33.7205017911769,
33.8135037243226,33.9065056574682,33.9995075906139,34.0925095237595,34.1855114569051,
34.2785133900508,34.3715153231964,34.4645172563421,34.5575191894877,34.6505211226334,
34.743523055779,34.8365249889246,34.9295269220703,35.0225288552159,35.1155307883616,
35.2085327215072,35.3015346546529,35.3945365877985,35.4875385209441,35.5805404540898,
35.6735423872354,35.7665443203811),
.UNSPECIFIED.);
#3332=CARTESIAN_POINT('',(-1.29903810410493,-4.32801183276713,3.43273701198932));
#3333=CARTESIAN_POINT('',(-1.40545516347014,-4.33212342092747,3.39246599368545));
#3334=CARTESIAN_POINT('',(-1.61454114597486,-4.34034659724815,3.30201988726826));
#3335=CARTESIAN_POINT('',(-1.91421555853962,-4.35268136172918,3.13781090354527));
#3336=CARTESIAN_POINT('',(-2.19734512978458,-4.36501612621021,2.94648143391032));
#3337=CARTESIAN_POINT('',(-2.46148277667111,-4.37735089069123,2.72968514745575));
#3338=CARTESIAN_POINT('',(-2.70434551274308,-4.38968565517226,2.48929584627716));
#3339=CARTESIAN_POINT('',(-2.92383424751239,-4.40202041965329,2.22739124451711));
#3340=CARTESIAN_POINT('',(-3.11805191114694,-4.41435518413431,1.94623501723619));
#3341=CARTESIAN_POINT('',(-3.28531985591421,-4.42668994861534,1.64825723335478));
#3342=CARTESIAN_POINT('',(-3.42419236365323,-4.43902471309636,1.33603335274811));
#3343=CARTESIAN_POINT('',(-3.53346914164707,-4.45135947757739,1.01226196608809));
#3344=CARTESIAN_POINT('',(-3.61220569681237,-4.46369424205842,0.679741470616355));
#3345=CARTESIAN_POINT('',(-3.65972149909804,-4.47602900653944,0.341345883231844));
#3346=CARTESIAN_POINT('',(-3.67560586338628,-4.48836377102047,4.3978709562964E-14));
#3347=CARTESIAN_POINT('',(-3.65972149909805,-4.50069853550149,-0.341345883231757));
#3348=CARTESIAN_POINT('',(-3.61220569681238,-4.51303329998252,-0.679741470616269));
#3349=CARTESIAN_POINT('',(-3.53346914164709,-4.52536806446355,-1.01226196608801));
#3350=CARTESIAN_POINT('',(-3.42419236365327,-4.53770282894457,-1.33603335274803));
#3351=CARTESIAN_POINT('',(-3.28531985591425,-4.5500375934256,-1.6482572333547));
#3352=CARTESIAN_POINT('',(-3.11805191114699,-4.56237235790662,-1.94623501723611));
#3353=CARTESIAN_POINT('',(-2.92383424751244,-4.57470712238765,-2.22739124451704));
#3354=CARTESIAN_POINT('',(-2.70434551274314,-4.58704188686867,-2.48929584627709));
#3355=CARTESIAN_POINT('',(-2.46148277667117,-4.5993766513497,-2.72968514745569));
#3356=CARTESIAN_POINT('',(-2.19734512978465,-4.61171141583073,-2.94648143391027));
#3357=CARTESIAN_POINT('',(-1.9142155585397,-4.62404618031175,-3.13781090354522));
#3358=CARTESIAN_POINT('',(-1.61454114597491,-4.63638094479278,-3.30201988726824));
#3359=CARTESIAN_POINT('',(-1.40545516347015,-4.64460412111347,-3.39246599368545));
#3360=CARTESIAN_POINT('',(-1.29903810410492,-4.64871570927381,-3.43273701198933));
#3361=CARTESIAN_POINT('',(-1.23875967761337,-4.29798139508,3.27344993258171));
#3362=CARTESIAN_POINT('',(-1.34023873487523,-4.30209298324034,3.23504758434141));
#3363=CARTESIAN_POINT('',(-1.53962263551877,-4.31031615956102,3.14879839020869));
#3364=CARTESIAN_POINT('',(-1.82539144978575,-4.32265092404205,2.9922090899448));
#3365=CARTESIAN_POINT('',(-2.09538314232342,-4.33498568852307,2.80975775816787));
#3366=CARTESIAN_POINT('',(-2.34726418050756,-4.3473204530041,2.60302132983094));
#3367=CARTESIAN_POINT('',(-2.57885751382868,-4.35965521748513,2.37378665820067));
#3368=CARTESIAN_POINT('',(-2.78816145453944,-4.37198998196615,2.12403504659165));
#3369=CARTESIAN_POINT('',(-2.97336696131442,-4.38432474644718,1.85592513021204));
#3370=CARTESIAN_POINT('',(-3.13287327962809,-4.3966595109282,1.57177421706295));
#3371=CARTESIAN_POINT('',(-3.26530177604597,-4.40899427540923,1.27403825961772));
#3372=CARTESIAN_POINT('',(-3.36950785425916,-4.42132903989025,0.965290627587522));
#3373=CARTESIAN_POINT('',(-3.44459084788709,-4.43366380437128,0.648199865993411));
#3374=CARTESIAN_POINT('',(-3.4899018050753,-4.44599856885231,0.325506630583619));
#3375=CARTESIAN_POINT('',(-3.50504909746235,-4.45833333333333,4.19664303308309E-14));
#3376=CARTESIAN_POINT('',(-3.4899018050753,-4.47066809781436,-0.325506630583535));
#3377=CARTESIAN_POINT('',(-3.44459084788711,-4.48300286229538,-0.648199865993328));
#3378=CARTESIAN_POINT('',(-3.36950785425918,-4.49533762677641,-0.965290627587441));
#3379=CARTESIAN_POINT('',(-3.265301776046,-4.50767239125744,-1.27403825961764));
#3380=CARTESIAN_POINT('',(-3.13287327962813,-4.52000715573846,-1.57177421706287));
#3381=CARTESIAN_POINT('',(-2.97336696131446,-4.53234192021949,-1.85592513021197));
#3382=CARTESIAN_POINT('',(-2.78816145453949,-4.54467668470051,-2.12403504659158));
#3383=CARTESIAN_POINT('',(-2.57885751382874,-4.55701144918154,-2.37378665820061));
#3384=CARTESIAN_POINT('',(-2.34726418050762,-4.56934621366257,-2.60302132983088));
#3385=CARTESIAN_POINT('',(-2.09538314232348,-4.58168097814359,-2.80975775816782));
#3386=CARTESIAN_POINT('',(-1.82539144978582,-4.59401574262462,-2.99220908994476));
#3387=CARTESIAN_POINT('',(-1.53962263551881,-4.60635050710564,-3.14879839020867));
#3388=CARTESIAN_POINT('',(-1.34023873487524,-4.61457368342633,-3.2350475843414));
#3389=CARTESIAN_POINT('',(-1.23875967761335,-4.61868527158667,-3.27344993258172));
#3390=FACE_BOUND('',#3391,.T.);
#3391=EDGE_LOOP('',(#5434,#5435,#5436,#5437));
#3392=B_SPLINE_SURFACE_WITH_KNOTS('',1,3,(
(#3393,#3394,#3395,#3396,#3397,#3398,#3399,#3400,#3401,#3402,#3403,#3404,#3405,#3406,
#3407,#3408,#3409,#3410,#3411,#3412,#3413,#3414,#3415,#3416,#3417,#3418,#3419,#3420,
#3421),
(#3422,#3423,#3424,#3425,#3426,#3427,#3428,#3429,#3430,#3431,#3432,#3433,#3434,#3435,
#3436,#3437,#3438,#3439,#3440,#3441,#3442,#3443,#3444,#3445,#3446,#3447,#3448,#3449,
#3450)),
.UNSPECIFIED.,.F.,.F.,.F.,
(2,2),
(4,1,1,1,1,1,1,1,1,1,1,1,1,1,1,1,1,1,1,1,1,1,1,1,1,1,4),
(0.,1.),
(27.0653087514148,27.1583106845604,27.251312617706,27.3443145508517,27.4373164839973,
27.530318417143,27.6233203502886,27.7163222834343,27.8093242165799,27.9023261497255,
27.9953280828712,28.0883300160168,28.1813319491625,28.2743338823081,28.3673358154538,
28.4603377485994,28.5533396817451,28.6463416148907,28.7393435480363,28.832345481182,
28.9253474143276,29.0183493474733,29.1113512806189,29.2043532137646,29.2973551469102,
29.3903570800558,29.4833590132015),
.UNSPECIFIED.);
#3393=CARTESIAN_POINT('',(-1.23875967761335,-3.71464806174666,3.27344993258172));
#3394=CARTESIAN_POINT('',(-1.3402387348752,-3.718759649907,3.23504758434141));
#3395=CARTESIAN_POINT('',(-1.53962263551874,-3.72698282622769,3.1487983902087));
#3396=CARTESIAN_POINT('',(-1.82539144978573,-3.73931759070871,2.99220908994481));
#3397=CARTESIAN_POINT('',(-2.0953831423234,-3.75165235518974,2.80975775816789));
#3398=CARTESIAN_POINT('',(-2.34726418050754,-3.76398711967076,2.60302132983095));
#3399=CARTESIAN_POINT('',(-2.57885751382867,-3.77632188415179,2.37378665820069));
#3400=CARTESIAN_POINT('',(-2.78816145453942,-3.78865664863282,2.12403504659167));
#3401=CARTESIAN_POINT('',(-2.97336696131441,-3.80099141311384,1.85592513021206));
#3402=CARTESIAN_POINT('',(-3.13287327962808,-3.81332617759487,1.57177421706297));
#3403=CARTESIAN_POINT('',(-3.26530177604597,-3.82566094207589,1.27403825961774));
#3404=CARTESIAN_POINT('',(-3.36950785425915,-3.83799570655692,0.965290627587545));
#3405=CARTESIAN_POINT('',(-3.44459084788709,-3.85033047103795,0.648199865993434));
#3406=CARTESIAN_POINT('',(-3.48990180507529,-3.86266523551897,0.325506630583643));
#3407=CARTESIAN_POINT('',(-3.50504909746235,-3.875,6.59611254505421E-14));
#3408=CARTESIAN_POINT('',(-3.48990180507531,-3.88733476448102,-0.325506630583512));
#3409=CARTESIAN_POINT('',(-3.44459084788711,-3.89966952896205,-0.648199865993305));
#3410=CARTESIAN_POINT('',(-3.36950785425919,-3.91200429344308,-0.965290627587418));
#3411=CARTESIAN_POINT('',(-3.26530177604601,-3.9243390579241,-1.27403825961762));
#3412=CARTESIAN_POINT('',(-3.13287327962814,-3.93667382240513,-1.57177421706285));
#3413=CARTESIAN_POINT('',(-2.97336696131448,-3.94900858688615,-1.85592513021195));
#3414=CARTESIAN_POINT('',(-2.7881614545395,-3.96134335136718,-2.12403504659156));
#3415=CARTESIAN_POINT('',(-2.57885751382875,-3.97367811584821,-2.37378665820059));
#3416=CARTESIAN_POINT('',(-2.34726418050764,-3.98601288032923,-2.60302132983086));
#3417=CARTESIAN_POINT('',(-2.0953831423235,-3.99834764481026,-2.80975775816781));
#3418=CARTESIAN_POINT('',(-1.82539144978584,-4.01068240929128,-2.99220908994474));
#3419=CARTESIAN_POINT('',(-1.53962263551883,-4.02301717377231,-3.14879839020866));
#3420=CARTESIAN_POINT('',(-1.34023873487526,-4.031240350093,-3.23504758434139));
#3421=CARTESIAN_POINT('',(-1.23875967761337,-4.03535193825334,-3.27344993258171));
#3422=CARTESIAN_POINT('',(-1.29903810410491,-3.68461762405953,3.43273701198933));
#3423=CARTESIAN_POINT('',(-1.40545516347011,-3.68872921221987,3.39246599368546));
#3424=CARTESIAN_POINT('',(-1.61454114597484,-3.69695238854055,3.30201988726828));
#3425=CARTESIAN_POINT('',(-1.9142155585396,-3.70928715302158,3.13781090354528));
#3426=CARTESIAN_POINT('',(-2.19734512978456,-3.7216219175026,2.94648143391034));
#3427=CARTESIAN_POINT('',(-2.46148277667109,-3.73395668198363,2.72968514745577));
#3428=CARTESIAN_POINT('',(-2.70434551274306,-3.74629144646466,2.48929584627717));
#3429=CARTESIAN_POINT('',(-2.92383424751237,-3.75862621094568,2.22739124451713));
#3430=CARTESIAN_POINT('',(-3.11805191114693,-3.77096097542671,1.94623501723621));
#3431=CARTESIAN_POINT('',(-3.2853198559142,-3.78329573990773,1.6482572333548));
#3432=CARTESIAN_POINT('',(-3.42419236365323,-3.79563050438876,1.33603335274813));
#3433=CARTESIAN_POINT('',(-3.53346914164706,-3.80796526886979,1.01226196608811));
#3434=CARTESIAN_POINT('',(-3.61220569681236,-3.82030003335081,0.67974147061638));
#3435=CARTESIAN_POINT('',(-3.65972149909804,-3.83263479783184,0.341345883231869));
#3436=CARTESIAN_POINT('',(-3.67560586338628,-3.84496956231286,6.91668944341473E-14));
#3437=CARTESIAN_POINT('',(-3.65972149909805,-3.85730432679389,-0.341345883231732));
#3438=CARTESIAN_POINT('',(-3.61220569681239,-3.86963909127492,-0.679741470616244));
#3439=CARTESIAN_POINT('',(-3.5334691416471,-3.88197385575594,-1.01226196608798));
#3440=CARTESIAN_POINT('',(-3.42419236365328,-3.89430862023697,-1.336033352748));
#3441=CARTESIAN_POINT('',(-3.28531985591426,-3.90664338471799,-1.64825723335468));
#3442=CARTESIAN_POINT('',(-3.118051911147,-3.91897814919902,-1.94623501723609));
#3443=CARTESIAN_POINT('',(-2.92383424751245,-3.93131291368004,-2.22739124451702));
#3444=CARTESIAN_POINT('',(-2.70434551274316,-3.94364767816107,-2.48929584627707));
#3445=CARTESIAN_POINT('',(-2.46148277667119,-3.9559824426421,-2.72968514745567));
#3446=CARTESIAN_POINT('',(-2.19734512978467,-3.96831720712312,-2.94648143391025));
#3447=CARTESIAN_POINT('',(-1.91421555853972,-3.98065197160415,-3.13781090354521));
#3448=CARTESIAN_POINT('',(-1.61454114597494,-3.99298673608518,-3.30201988726823));
#3449=CARTESIAN_POINT('',(-1.40545516347018,-4.00120991240586,-3.39246599368544));
#3450=CARTESIAN_POINT('',(-1.29903810410494,-4.0053215005662,-3.43273701198932));
#3451=FACE_BOUND('',#3452,.T.);
#3452=EDGE_LOOP('',(#5438,#5439,#5440,#5441));
#3453=(BOUNDED_SURFACE()B_SPLINE_SURFACE(3,3,(
(#3454,#3455,#3456,#3457,#3458,#3459,#3460,#3461,#3462,#3463,#3464,#3465,#3466,#3467,
#3468,#3469,#3470,#3471,#3472,#3473,#3474,#3475,#3476,#3477,#3478,#3479,#3480,#3481,
#3482),
(#3483,#3484,#3485,#3486,#3487,#3488,#3489,#3490,#3491,#3492,#3493,#3494,#3495,#3496,
#3497,#3498,#3499,#3500,#3501,#3502,#3503,#3504,#3505,#3506,#3507,#3508,#3509,#3510,
#3511),
(#3512,#3513,#3514,#3515,#3516,#3517,#3518,#3519,#3520,#3521,#3522,#3523,#3524,#3525,
#3526,#3527,#3528,#3529,#3530,#3531,#3532,#3533,#3534,#3535,#3536,#3537,#3538,#3539,
#3540),
(#3541,#3542,#3543,#3544,#3545,#3546,#3547,#3548,#3549,#3550,#3551,#3552,#3553,#3554,
#3555,#3556,#3557,#3558,#3559,#3560,#3561,#3562,#3563,#3564,#3565,#3566,#3567,#3568,
#3569)),
.UNSPECIFIED.,.F.,.F.,.F.)B_SPLINE_SURFACE_WITH_KNOTS((4,4),
(4,1,1,1,1,1,1,1,1,1,1,1,1,1,1,1,1,1,1,1,1,1,1,1,1,1,4),
(0.,2.79252680319093),
(27.0572791260835,27.1508987220342,27.2445183179849,27.3381379139357,27.4317575098864,
27.5253771058371,27.6189967017878,27.7126162977385,27.8062358936893,27.89985548964,
27.9934750855907,28.0870946815414,28.1807142774922,28.2743338734429,28.3679534693936,
28.4615730653443,28.5551926612951,28.6488122572458,28.7424318531965,28.8360514491472,
28.929671045098,29.0232906410487,29.1169102369994,29.2105298329501,29.3041494289009,
29.3977690248516,29.4913886208023),
.UNSPECIFIED.)GEOMETRIC_REPRESENTATION_ITEM()RATIONAL_B_SPLINE_SURFACE((
(1.,1.,1.,1.,1.,1.,1.,1.,1.,1.,1.,1.,1.,1.,1.,1.,1.,1.,1.,1.,1.,1.,1.,1.,1.,1.,1.,
1.,1.),
(0.449098785111286,0.449098785111286,0.449098785111286,0.449098785111286,0.449098785111286,
0.449098785111286,0.449098785111286,0.449098785111286,0.449098785111286,0.449098785111286,
0.449098785111286,0.449098785111286,0.449098785111286,0.449098785111286,0.449098785111286,
0.449098785111286,0.449098785111286,0.449098785111286,0.449098785111286,0.449098785111286,
0.449098785111286,0.449098785111286,0.449098785111286,0.449098785111286,0.449098785111286,
0.449098785111286,0.449098785111286,0.449098785111286,0.449098785111286),
(0.449098785111286,0.449098785111286,0.449098785111286,0.449098785111286,0.449098785111286,
0.449098785111286,0.449098785111286,0.449098785111286,0.449098785111286,0.449098785111286,
0.449098785111286,0.449098785111286,0.449098785111286,0.449098785111286,0.449098785111286,
0.449098785111286,0.449098785111286,0.449098785111286,0.449098785111286,0.449098785111286,
0.449098785111286,0.449098785111286,0.449098785111286,0.449098785111286,0.449098785111286,
0.449098785111286,0.449098785111286,0.449098785111286,0.449098785111286),
(1.,1.,1.,1.,1.,1.,1.,1.,1.,1.,1.,1.,1.,1.,1.,1.,1.,1.,1.,1.,1.,1.,1.,1.,1.,1.,1.,
1.,1.)))REPRESENTATION_ITEM('')SURFACE());
#3454=CARTESIAN_POINT('',(-1.27143293079026,-3.68355266192399,3.44305702710542));
#3455=CARTESIAN_POINT('',(-1.3788788000279,-3.6876915567756,3.40338001468574));
#3456=CARTESIAN_POINT('',(-1.59005311977738,-3.69596934647884,3.31395966057763));
#3457=CARTESIAN_POINT('',(-1.89288867760138,-3.70838603103369,3.15080466449312));
#3458=CARTESIAN_POINT('',(-2.17914584860961,-3.72080271558855,2.96005421207472));
#3459=CARTESIAN_POINT('',(-2.44631757029264,-3.7332194001434,2.74337892346436));
#3460=CARTESIAN_POINT('',(-2.69206387989549,-3.74563608469825,2.50267649476114));
#3461=CARTESIAN_POINT('',(-2.9142324780623,-3.75805276925311,2.24005505182035));
#3462=CARTESIAN_POINT('',(-3.110877560487,-3.77046945380796,1.95781469370237));
#3463=CARTESIAN_POINT('',(-3.2802768647185,-3.78288613836281,1.65842734602997));
#3464=CARTESIAN_POINT('',(-3.42094675278846,-3.79530282291766,1.34451511179269));
#3465=CARTESIAN_POINT('',(-3.53165520561193,-3.80771950747252,1.0188273062356));
#3466=CARTESIAN_POINT('',(-3.61143261319631,-3.82013619202737,0.68421637776214));
#3467=CARTESIAN_POINT('',(-3.65958026673363,-3.83255287658222,0.343612925528168));
#3468=CARTESIAN_POINT('',(-3.67567647804538,-3.84496956113708,3.25857811983576E-8));
#3469=CARTESIAN_POINT('',(-3.65958027282606,-3.85738624569193,-0.343612860641999));
#3470=CARTESIAN_POINT('',(-3.6114326253278,-3.86980293024678,-0.684216313729653));
#3471=CARTESIAN_POINT('',(-3.53165522367624,-3.88221961480164,-1.0188272436176));
#3472=CARTESIAN_POINT('',(-3.42094677662738,-3.89463629935649,-1.34451505113761));
#3473=CARTESIAN_POINT('',(-3.28027689412323,-3.90705298391134,-1.65842728786904));
#3474=CARTESIAN_POINT('',(-3.11087759520003,-3.9194696684662,-1.95781463854498));
#3475=CARTESIAN_POINT('',(-2.91423251777958,-3.93188635302105,-2.24005500014956));
#3476=CARTESIAN_POINT('',(-2.69206392426918,-3.9443030375759,-2.50267644702951));
#3477=CARTESIAN_POINT('',(-2.4463176189341,-3.95671972213075,-2.74337888008994));
#3478=CARTESIAN_POINT('',(-2.17914590109283,-3.96913640668561,-2.96005417343739));
#3479=CARTESIAN_POINT('',(-1.8928887334667,-3.98155309124046,-3.15080463093127));
#3480=CARTESIAN_POINT('',(-1.59005317853551,-3.99396977579531,-3.3139596323852));
#3481=CARTESIAN_POINT('',(-1.37887886037149,-4.00224756549855,-3.40337999023755));
#3482=CARTESIAN_POINT('',(-1.27143299183734,-4.00638646035017,-3.44305700456229));
#3483=CARTESIAN_POINT('',(-1.31952720084292,-3.65907209183387,3.57329694024452));
#3484=CARTESIAN_POINT('',(-1.43103740609547,-3.66321098668549,3.53211907244822));
#3485=CARTESIAN_POINT('',(-1.65019977972987,-3.67148877638872,3.43931623031849));
#3486=CARTESIAN_POINT('',(-1.96449064498443,-3.68390546094358,3.26998959886722));
#3487=CARTESIAN_POINT('',(-2.26157601569834,-3.69632214549843,3.07202366260449));
#3488=CARTESIAN_POINT('',(-2.53885399514919,-3.70873883005328,2.84715223592675));
#3489=CARTESIAN_POINT('',(-2.79389610722205,-3.72115551460813,2.59734479874999));
#3490=CARTESIAN_POINT('',(-3.02446863791152,-3.73357219916299,2.32478922063577));
#3491=CARTESIAN_POINT('',(-3.22855217931399,-3.74598888371784,2.03187260608747));
#3492=CARTESIAN_POINT('',(-3.40435932125925,-3.7584055682727,1.72116038582398));
#3493=CARTESIAN_POINT('',(-3.55035030446626,-3.77082225282755,1.39537384866389));
#3494=CARTESIAN_POINT('',(-3.66524650648063,-3.7832389373824,1.05736630771691));
#3495=CARTESIAN_POINT('',(-3.74804164004296,-3.79565562193725,0.710098110451013));
#3496=CARTESIAN_POINT('',(-3.79801056640998,-3.80807230649211,0.356610711281337));
#3497=CARTESIAN_POINT('',(-3.81471564627854,-3.82048899104696,3.38183978182416E-8));
#3498=CARTESIAN_POINT('',(-3.79801057273286,-3.83290567560181,-0.356610643940731));
#3499=CARTESIAN_POINT('',(-3.74804165263335,-3.84532236015667,-0.71009804399638));
#3500=CARTESIAN_POINT('',(-3.66524652522826,-3.85773904471152,-1.05736624273028));
#3501=CARTESIAN_POINT('',(-3.55035032920693,-3.87015572926637,-1.39537378571442));
#3502=CARTESIAN_POINT('',(-3.40435935177627,-3.88257241382122,-1.72116032546301));
#3503=CARTESIAN_POINT('',(-3.22855221534009,-3.89498909837608,-2.03187254884364));
#3504=CARTESIAN_POINT('',(-3.02446867913118,-3.90740578293093,-2.32478916701044));
#3505=CARTESIAN_POINT('',(-2.79389615327425,-3.91982246748578,-2.59734474921283));
#3506=CARTESIAN_POINT('',(-2.53885404563061,-3.93223915204064,-2.84715219091161));
#3507=CARTESIAN_POINT('',(-2.26157607016684,-3.94465583659549,-3.07202362250562));
#3508=CARTESIAN_POINT('',(-1.96449070296296,-3.95707252115034,-3.26998956403583));
#3509=CARTESIAN_POINT('',(-1.65019984071064,-3.96948920570519,-3.43931620105963));
#3510=CARTESIAN_POINT('',(-1.43103746872167,-3.97776699540843,-3.53211904707522));
#3511=CARTESIAN_POINT('',(-1.31952726419922,-3.98190589026005,-3.57329691684866));
#3512=CARTESIAN_POINT('',(-1.31952720084292,-3.51809410738837,3.57329694024452));
#3513=CARTESIAN_POINT('',(-1.43103740609547,-3.52223300223999,3.53211907244822));
#3514=CARTESIAN_POINT('',(-1.65019977972987,-3.53051079194323,3.43931623031849));
#3515=CARTESIAN_POINT('',(-1.96449064498443,-3.54292747649808,3.26998959886722));
#3516=CARTESIAN_POINT('',(-2.26157601569834,-3.55534416105293,3.07202366260449));
#3517=CARTESIAN_POINT('',(-2.53885399514919,-3.56776084560778,2.84715223592675));
#3518=CARTESIAN_POINT('',(-2.79389610722205,-3.58017753016264,2.59734479874999));
#3519=CARTESIAN_POINT('',(-3.02446863791152,-3.59259421471749,2.32478922063577));
#3520=CARTESIAN_POINT('',(-3.22855217931399,-3.60501089927234,2.03187260608747));
#3521=CARTESIAN_POINT('',(-3.40435932125925,-3.6174275838272,1.72116038582398));
#3522=CARTESIAN_POINT('',(-3.55035030446626,-3.62984426838205,1.39537384866389));
#3523=CARTESIAN_POINT('',(-3.66524650648063,-3.6422609529369,1.05736630771691));
#3524=CARTESIAN_POINT('',(-3.74804164004296,-3.65467763749176,0.710098110451013));
#3525=CARTESIAN_POINT('',(-3.79801056640998,-3.66709432204661,0.356610711281337));
#3526=CARTESIAN_POINT('',(-3.81471564627854,-3.67951100660146,3.3818397790486E-8));
#3527=CARTESIAN_POINT('',(-3.79801057273286,-3.69192769115632,-0.356610643940731));
#3528=CARTESIAN_POINT('',(-3.74804165263335,-3.70434437571117,-0.71009804399638));
#3529=CARTESIAN_POINT('',(-3.66524652522826,-3.71676106026602,-1.05736624273028));
#3530=CARTESIAN_POINT('',(-3.55035032920693,-3.72917774482088,-1.39537378571442));
#3531=CARTESIAN_POINT('',(-3.40435935177627,-3.74159442937573,-1.72116032546301));
#3532=CARTESIAN_POINT('',(-3.22855221534009,-3.75401111393058,-2.03187254884364));
#3533=CARTESIAN_POINT('',(-3.02446867913118,-3.76642779848543,-2.32478916701044));
#3534=CARTESIAN_POINT('',(-2.79389615327425,-3.77884448304029,-2.59734474921283));
#3535=CARTESIAN_POINT('',(-2.53885404563061,-3.79126116759514,-2.84715219091161));
#3536=CARTESIAN_POINT('',(-2.26157607016684,-3.80367785214999,-3.07202362250562));
#3537=CARTESIAN_POINT('',(-1.96449070296296,-3.81609453670485,-3.26998956403583));
#3538=CARTESIAN_POINT('',(-1.65019984071064,-3.8285112212597,-3.43931620105963));
#3539=CARTESIAN_POINT('',(-1.43103746872167,-3.83678901096294,-3.53211904707522));
#3540=CARTESIAN_POINT('',(-1.31952726419922,-3.84092790581455,-3.57329691684866));
#3541=CARTESIAN_POINT('',(-1.27143293079026,-3.49361353729826,3.44305702710542));
#3542=CARTESIAN_POINT('',(-1.3788788000279,-3.49775243214987,3.40338001468574));
#3543=CARTESIAN_POINT('',(-1.59005311977738,-3.50603022185311,3.31395966057763));
#3544=CARTESIAN_POINT('',(-1.89288867760138,-3.51844690640796,3.15080466449312));
#3545=CARTESIAN_POINT('',(-2.17914584860961,-3.53086359096281,2.96005421207472));
#3546=CARTESIAN_POINT('',(-2.44631757029264,-3.54328027551767,2.74337892346436));
#3547=CARTESIAN_POINT('',(-2.69206387989549,-3.55569696007252,2.50267649476114));
#3548=CARTESIAN_POINT('',(-2.9142324780623,-3.56811364462737,2.24005505182035));
#3549=CARTESIAN_POINT('',(-3.110877560487,-3.58053032918223,1.95781469370237));
#3550=CARTESIAN_POINT('',(-3.2802768647185,-3.59294701373708,1.65842734602997));
#3551=CARTESIAN_POINT('',(-3.42094675278846,-3.60536369829193,1.34451511179269));
#3552=CARTESIAN_POINT('',(-3.53165520561193,-3.61778038284679,1.0188273062356));
#3553=CARTESIAN_POINT('',(-3.61143261319631,-3.63019706740164,0.68421637776214));
#3554=CARTESIAN_POINT('',(-3.65958026673363,-3.64261375195649,0.343612925528168));
#3555=CARTESIAN_POINT('',(-3.67567647804538,-3.65503043651134,3.25857811983576E-8));
#3556=CARTESIAN_POINT('',(-3.65958027282606,-3.6674471210662,-0.343612860641999));
#3557=CARTESIAN_POINT('',(-3.6114326253278,-3.67986380562105,-0.684216313729653));
#3558=CARTESIAN_POINT('',(-3.53165522367624,-3.6922804901759,-1.0188272436176));
#3559=CARTESIAN_POINT('',(-3.42094677662738,-3.70469717473076,-1.34451505113761));
#3560=CARTESIAN_POINT('',(-3.28027689412323,-3.71711385928561,-1.65842728786904));
#3561=CARTESIAN_POINT('',(-3.11087759520003,-3.72953054384046,-1.95781463854498));
#3562=CARTESIAN_POINT('',(-2.91423251777958,-3.74194722839532,-2.24005500014956));
#3563=CARTESIAN_POINT('',(-2.69206392426918,-3.75436391295017,-2.50267644702951));
#3564=CARTESIAN_POINT('',(-2.4463176189341,-3.76678059750502,-2.74337888008994));
#3565=CARTESIAN_POINT('',(-2.17914590109283,-3.77919728205988,-2.96005417343739));
#3566=CARTESIAN_POINT('',(-1.8928887334667,-3.79161396661473,-3.15080463093127));
#3567=CARTESIAN_POINT('',(-1.59005317853551,-3.80403065116958,-3.3139596323852));
#3568=CARTESIAN_POINT('',(-1.37887886037149,-3.81230844087282,-3.40337999023755));
#3569=CARTESIAN_POINT('',(-1.27143299183734,-3.81644733572444,-3.44305700456229));
#3570=FACE_BOUND('',#3571,.T.);
#3571=EDGE_LOOP('',(#5442,#5443,#5444,#5445));
#3572=B_SPLINE_SURFACE_WITH_KNOTS('',1,3,(
(#3573,#3574,#3575,#3576,#3577,#3578,#3579,#3580,#3581,#3582,#3583,#3584,#3585,#3586,
#3587,#3588,#3589,#3590,#3591,#3592,#3593,#3594,#3595,#3596,#3597,#3598,#3599,#3600,
#3601),
(#3602,#3603,#3604,#3605,#3606,#3607,#3608,#3609,#3610,#3611,#3612,#3613,#3614,#3615,
#3616,#3617,#3618,#3619,#3620,#3621,#3622,#3623,#3624,#3625,#3626,#3627,#3628,#3629,
#3630)),
.UNSPECIFIED.,.F.,.F.,.F.,
(2,2),
(4,1,1,1,1,1,1,1,1,1,1,1,1,1,1,1,1,1,1,1,1,1,1,1,1,1,4),
(0.,1.),
(27.0653087514148,27.1583106845604,27.251312617706,27.3443145508517,27.4373164839973,
27.530318417143,27.6233203502886,27.7163222834343,27.8093242165799,27.9023261497255,
27.9953280828712,28.0883300160168,28.1813319491625,28.2743338823081,28.3673358154538,
28.4603377485994,28.5533396817451,28.6463416148907,28.7393435480363,28.832345481182,
28.9253474143276,29.0183493474733,29.1113512806189,29.2043532137646,29.2973551469102,
29.3903570800558,29.4833590132015),
.UNSPECIFIED.);
#3573=CARTESIAN_POINT('',(-1.29903810410491,-3.49467849943379,3.43273701198933));
#3574=CARTESIAN_POINT('',(-1.40545516347011,-3.49879008759414,3.39246599368546));
#3575=CARTESIAN_POINT('',(-1.61454114597484,-3.50701326391482,3.30201988726828));
#3576=CARTESIAN_POINT('',(-1.9142155585396,-3.51934802839585,3.13781090354528));
#3577=CARTESIAN_POINT('',(-2.19734512978456,-3.53168279287687,2.94648143391034));
#3578=CARTESIAN_POINT('',(-2.46148277667109,-3.5440175573579,2.72968514745577));
#3579=CARTESIAN_POINT('',(-2.70434551274306,-3.55635232183892,2.48929584627717));
#3580=CARTESIAN_POINT('',(-2.92383424751237,-3.56868708631995,2.22739124451713));
#3581=CARTESIAN_POINT('',(-3.11805191114693,-3.58102185080098,1.94623501723621));
#3582=CARTESIAN_POINT('',(-3.2853198559142,-3.593356615282,1.6482572333548));
#3583=CARTESIAN_POINT('',(-3.42419236365323,-3.60569137976303,1.33603335274813));
#3584=CARTESIAN_POINT('',(-3.53346914164706,-3.61802614424405,1.01226196608811));
#3585=CARTESIAN_POINT('',(-3.61220569681236,-3.63036090872508,0.67974147061638));
#3586=CARTESIAN_POINT('',(-3.65972149909804,-3.64269567320611,0.341345883231869));
#3587=CARTESIAN_POINT('',(-3.67560586338628,-3.65503043768713,6.91252610707238E-14));
#3588=CARTESIAN_POINT('',(-3.65972149909805,-3.66736520216816,-0.341345883231731));
#3589=CARTESIAN_POINT('',(-3.61220569681239,-3.67969996664918,-0.679741470616244));
#3590=CARTESIAN_POINT('',(-3.5334691416471,-3.69203473113021,-1.01226196608798));
#3591=CARTESIAN_POINT('',(-3.42419236365328,-3.70436949561123,-1.336033352748));
#3592=CARTESIAN_POINT('',(-3.28531985591426,-3.71670426009226,-1.64825723335468));
#3593=CARTESIAN_POINT('',(-3.118051911147,-3.72903902457329,-1.94623501723609));
#3594=CARTESIAN_POINT('',(-2.92383424751245,-3.74137378905431,-2.22739124451702));
#3595=CARTESIAN_POINT('',(-2.70434551274316,-3.75370855353534,-2.48929584627707));
#3596=CARTESIAN_POINT('',(-2.46148277667119,-3.76604331801637,-2.72968514745567));
#3597=CARTESIAN_POINT('',(-2.19734512978467,-3.77837808249739,-2.94648143391025));
#3598=CARTESIAN_POINT('',(-1.91421555853972,-3.79071284697842,-3.13781090354521));
#3599=CARTESIAN_POINT('',(-1.61454114597494,-3.80304761145945,-3.30201988726823));
#3600=CARTESIAN_POINT('',(-1.40545516347018,-3.81127078778013,-3.39246599368544));
#3601=CARTESIAN_POINT('',(-1.29903810410494,-3.81538237594047,-3.43273701198932));
#3602=CARTESIAN_POINT('',(-1.23875967761335,-3.46464806174666,3.27344993258172));
#3603=CARTESIAN_POINT('',(-1.3402387348752,-3.468759649907,3.23504758434141));
#3604=CARTESIAN_POINT('',(-1.53962263551874,-3.47698282622769,3.1487983902087));
#3605=CARTESIAN_POINT('',(-1.82539144978573,-3.48931759070871,2.99220908994481));
#3606=CARTESIAN_POINT('',(-2.0953831423234,-3.50165235518974,2.80975775816789));
#3607=CARTESIAN_POINT('',(-2.34726418050754,-3.51398711967076,2.60302132983095));
#3608=CARTESIAN_POINT('',(-2.57885751382867,-3.52632188415179,2.37378665820069));
#3609=CARTESIAN_POINT('',(-2.78816145453942,-3.53865664863282,2.12403504659167));
#3610=CARTESIAN_POINT('',(-2.97336696131441,-3.55099141311384,1.85592513021206));
#3611=CARTESIAN_POINT('',(-3.13287327962808,-3.56332617759487,1.57177421706297));
#3612=CARTESIAN_POINT('',(-3.26530177604597,-3.57566094207589,1.27403825961774));
#3613=CARTESIAN_POINT('',(-3.36950785425915,-3.58799570655692,0.965290627587545));
#3614=CARTESIAN_POINT('',(-3.44459084788709,-3.60033047103795,0.648199865993434));
#3615=CARTESIAN_POINT('',(-3.48990180507529,-3.61266523551897,0.325506630583643));
#3616=CARTESIAN_POINT('',(-3.50504909746235,-3.625,6.59056142993109E-14));
#3617=CARTESIAN_POINT('',(-3.48990180507531,-3.63733476448102,-0.325506630583512));
#3618=CARTESIAN_POINT('',(-3.44459084788711,-3.64966952896205,-0.648199865993305));
#3619=CARTESIAN_POINT('',(-3.36950785425919,-3.66200429344308,-0.965290627587418));
#3620=CARTESIAN_POINT('',(-3.26530177604601,-3.6743390579241,-1.27403825961762));
#3621=CARTESIAN_POINT('',(-3.13287327962814,-3.68667382240513,-1.57177421706285));
#3622=CARTESIAN_POINT('',(-2.97336696131448,-3.69900858688615,-1.85592513021195));
#3623=CARTESIAN_POINT('',(-2.7881614545395,-3.71134335136718,-2.12403504659156));
#3624=CARTESIAN_POINT('',(-2.57885751382875,-3.72367811584821,-2.37378665820059));
#3625=CARTESIAN_POINT('',(-2.34726418050764,-3.73601288032923,-2.60302132983086));
#3626=CARTESIAN_POINT('',(-2.0953831423235,-3.74834764481026,-2.80975775816781));
#3627=CARTESIAN_POINT('',(-1.82539144978584,-3.76068240929128,-2.99220908994474));
#3628=CARTESIAN_POINT('',(-1.53962263551883,-3.77301717377231,-3.14879839020866));
#3629=CARTESIAN_POINT('',(-1.34023873487526,-3.781240350093,-3.23504758434139));
#3630=CARTESIAN_POINT('',(-1.23875967761337,-3.78535193825334,-3.27344993258171));
#3631=FACE_BOUND('',#3632,.T.);
#3632=EDGE_LOOP('',(#5446,#5447,#5448,#5449));
#3633=B_SPLINE_SURFACE_WITH_KNOTS('',1,3,(
(#3634,#3635,#3636,#3637,#3638,#3639,#3640,#3641,#3642,#3643,#3644,#3645,#3646,#3647,
#3648,#3649,#3650,#3651,#3652,#3653,#3654,#3655,#3656,#3657,#3658,#3659,#3660,#3661,
#3662),
(#3663,#3664,#3665,#3666,#3667,#3668,#3669,#3670,#3671,#3672,#3673,#3674,#3675,#3676,
#3677,#3678,#3679,#3680,#3681,#3682,#3683,#3684,#3685,#3686,#3687,#3688,#3689,#3690,
#3691)),
.UNSPECIFIED.,.F.,.F.,.F.,
(2,2),
(4,1,1,1,1,1,1,1,1,1,1,1,1,1,1,1,1,1,1,1,1,1,1,1,1,1,4),
(0.,1.),
(20.7821234442352,20.8751253773808,20.9681273105265,21.0611292436721,21.1541311768177,
21.2471331099634,21.340135043109,21.4331369762547,21.5261389094003,21.619140842546,
21.7121427756916,21.8051447088372,21.8981466419829,21.9911485751285,22.0841505082742,
22.1771524414198,22.2701543745655,22.3631563077111,22.4561582408568,22.5491601740024,
22.642162107148,22.7351640402937,22.8281659734393,22.921167906585,23.0141698397306,
23.1071717728763,23.2001737060219),
.UNSPECIFIED.);
#3634=CARTESIAN_POINT('',(-1.23875967761335,-2.88131472841333,3.27344993258172));
#3635=CARTESIAN_POINT('',(-1.3402387348752,-2.88542631657367,3.23504758434141));
#3636=CARTESIAN_POINT('',(-1.53962263551875,-2.89364949289435,3.1487983902087));
#3637=CARTESIAN_POINT('',(-1.82539144978573,-2.90598425737538,2.99220908994481));
#3638=CARTESIAN_POINT('',(-2.0953831423234,-2.9183190218564,2.80975775816789));
#3639=CARTESIAN_POINT('',(-2.34726418050754,-2.93065378633743,2.60302132983095));
#3640=CARTESIAN_POINT('',(-2.57885751382867,-2.94298855081846,2.37378665820069));
#3641=CARTESIAN_POINT('',(-2.78816145453942,-2.95532331529948,2.12403504659167));
#3642=CARTESIAN_POINT('',(-2.97336696131441,-2.96765807978051,1.85592513021206));
#3643=CARTESIAN_POINT('',(-3.13287327962808,-2.97999284426153,1.57177421706297));
#3644=CARTESIAN_POINT('',(-3.26530177604597,-2.99232760874256,1.27403825961774));
#3645=CARTESIAN_POINT('',(-3.36950785425915,-3.00466237322359,0.965290627587544));
#3646=CARTESIAN_POINT('',(-3.44459084788709,-3.01699713770461,0.648199865993433));
#3647=CARTESIAN_POINT('',(-3.48990180507529,-3.02933190218564,0.325506630583642));
#3648=CARTESIAN_POINT('',(-3.50504909746235,-3.04166666666666,6.50451914552264E-14));
#3649=CARTESIAN_POINT('',(-3.48990180507531,-3.05400143114769,-0.325506630583512));
#3650=CARTESIAN_POINT('',(-3.44459084788711,-3.06633619562872,-0.648199865993306));
#3651=CARTESIAN_POINT('',(-3.36950785425919,-3.07867096010974,-0.965290627587419));
#3652=CARTESIAN_POINT('',(-3.26530177604601,-3.09100572459077,-1.27403825961762));
#3653=CARTESIAN_POINT('',(-3.13287327962814,-3.10334048907179,-1.57177421706285));
#3654=CARTESIAN_POINT('',(-2.97336696131448,-3.11567525355282,-1.85592513021195));
#3655=CARTESIAN_POINT('',(-2.7881614545395,-3.12801001803385,-2.12403504659156));
#3656=CARTESIAN_POINT('',(-2.57885751382875,-3.14034478251487,-2.37378665820059));
#3657=CARTESIAN_POINT('',(-2.34726418050764,-3.1526795469959,-2.60302132983087));
#3658=CARTESIAN_POINT('',(-2.0953831423235,-3.16501431147692,-2.80975775816781));
#3659=CARTESIAN_POINT('',(-1.82539144978584,-3.17734907595795,-2.99220908994474));
#3660=CARTESIAN_POINT('',(-1.53962263551883,-3.18968384043898,-3.14879839020866));
#3661=CARTESIAN_POINT('',(-1.34023873487526,-3.19790701675966,-3.23504758434139));
#3662=CARTESIAN_POINT('',(-1.23875967761336,-3.20201860492001,-3.27344993258171));
#3663=CARTESIAN_POINT('',(-1.29903810410491,-2.85128429072619,3.43273701198933));
#3664=CARTESIAN_POINT('',(-1.40545516347011,-2.85539587888654,3.39246599368546));
#3665=CARTESIAN_POINT('',(-1.61454114597484,-2.86361905520722,3.30201988726828));
#3666=CARTESIAN_POINT('',(-1.9142155585396,-2.87595381968824,3.13781090354528));
#3667=CARTESIAN_POINT('',(-2.19734512978456,-2.88828858416927,2.94648143391034));
#3668=CARTESIAN_POINT('',(-2.46148277667109,-2.9006233486503,2.72968514745577));
#3669=CARTESIAN_POINT('',(-2.70434551274306,-2.91295811313132,2.48929584627717));
#3670=CARTESIAN_POINT('',(-2.92383424751237,-2.92529287761235,2.22739124451713));
#3671=CARTESIAN_POINT('',(-3.11805191114693,-2.93762764209337,1.94623501723621));
#3672=CARTESIAN_POINT('',(-3.2853198559142,-2.9499624065744,1.6482572333548));
#3673=CARTESIAN_POINT('',(-3.42419236365323,-2.96229717105543,1.33603335274813));
#3674=CARTESIAN_POINT('',(-3.53346914164706,-2.97463193553645,1.01226196608811));
#3675=CARTESIAN_POINT('',(-3.61220569681236,-2.98696670001748,0.679741470616379));
#3676=CARTESIAN_POINT('',(-3.65972149909804,-2.9993014644985,0.341345883231868));
#3677=CARTESIAN_POINT('',(-3.67560586338628,-3.01163622897953,6.81815714997924E-14));
#3678=CARTESIAN_POINT('',(-3.65972149909805,-3.02397099346056,-0.341345883231732));
#3679=CARTESIAN_POINT('',(-3.61220569681239,-3.03630575794158,-0.679741470616245));
#3680=CARTESIAN_POINT('',(-3.5334691416471,-3.04864052242261,-1.01226196608798));
#3681=CARTESIAN_POINT('',(-3.42419236365328,-3.06097528690363,-1.336033352748));
#3682=CARTESIAN_POINT('',(-3.28531985591426,-3.07331005138466,-1.64825723335468));
#3683=CARTESIAN_POINT('',(-3.118051911147,-3.08564481586569,-1.94623501723609));
#3684=CARTESIAN_POINT('',(-2.92383424751245,-3.09797958034671,-2.22739124451702));
#3685=CARTESIAN_POINT('',(-2.70434551274316,-3.11031434482774,-2.48929584627707));
#3686=CARTESIAN_POINT('',(-2.46148277667119,-3.12264910930876,-2.72968514745568));
#3687=CARTESIAN_POINT('',(-2.19734512978467,-3.13498387378979,-2.94648143391026));
#3688=CARTESIAN_POINT('',(-1.91421555853972,-3.14731863827082,-3.13781090354521));
#3689=CARTESIAN_POINT('',(-1.61454114597493,-3.15965340275184,-3.30201988726824));
#3690=CARTESIAN_POINT('',(-1.40545516347017,-3.16787657907253,-3.39246599368544));
#3691=CARTESIAN_POINT('',(-1.29903810410493,-3.17198816723287,-3.43273701198933));
#3692=FACE_BOUND('',#3693,.T.);
#3693=EDGE_LOOP('',(#5450,#5451,#5452,#5453));
#3694=(BOUNDED_SURFACE()B_SPLINE_SURFACE(3,3,(
(#3695,#3696,#3697,#3698,#3699,#3700,#3701,#3702,#3703,#3704,#3705,#3706,#3707,#3708,
#3709,#3710,#3711,#3712,#3713,#3714,#3715,#3716,#3717,#3718,#3719,#3720,#3721,#3722,
#3723),
(#3724,#3725,#3726,#3727,#3728,#3729,#3730,#3731,#3732,#3733,#3734,#3735,#3736,#3737,
#3738,#3739,#3740,#3741,#3742,#3743,#3744,#3745,#3746,#3747,#3748,#3749,#3750,#3751,
#3752),
(#3753,#3754,#3755,#3756,#3757,#3758,#3759,#3760,#3761,#3762,#3763,#3764,#3765,#3766,
#3767,#3768,#3769,#3770,#3771,#3772,#3773,#3774,#3775,#3776,#3777,#3778,#3779,#3780,
#3781),
(#3782,#3783,#3784,#3785,#3786,#3787,#3788,#3789,#3790,#3791,#3792,#3793,#3794,#3795,
#3796,#3797,#3798,#3799,#3800,#3801,#3802,#3803,#3804,#3805,#3806,#3807,#3808,#3809,
#3810)),
.UNSPECIFIED.,.F.,.F.,.F.)B_SPLINE_SURFACE_WITH_KNOTS((4,4),
(4,1,1,1,1,1,1,1,1,1,1,1,1,1,1,1,1,1,1,1,1,1,1,1,1,1,4),
(0.,2.79252680319093),
(20.7740938189039,20.8677134148546,20.9613330108053,21.0549526067561,21.1485722027068,
21.2421917986575,21.3358113946082,21.429430990559,21.5230505865097,21.6166701824604,
21.7102897784111,21.8039093743619,21.8975289703126,21.9911485662633,22.084768162214,
22.1783877581647,22.2720073541155,22.3656269500662,22.4592465460169,22.5528661419676,
22.6464857379184,22.7401053338691,22.8337249298198,22.9273445257705,23.0209641217213,
23.114583717672,23.2082033136227),
.UNSPECIFIED.)GEOMETRIC_REPRESENTATION_ITEM()RATIONAL_B_SPLINE_SURFACE((
(1.,1.,1.,1.,1.,1.,1.,1.,1.,1.,1.,1.,1.,1.,1.,1.,1.,1.,1.,1.,1.,1.,1.,1.,1.,1.,1.,
1.,1.),
(0.449098785111286,0.449098785111286,0.449098785111286,0.449098785111286,0.449098785111286,
0.449098785111286,0.449098785111286,0.449098785111286,0.449098785111286,0.449098785111286,
0.449098785111286,0.449098785111286,0.449098785111286,0.449098785111286,0.449098785111286,
0.449098785111286,0.449098785111286,0.449098785111286,0.449098785111286,0.449098785111286,
0.449098785111286,0.449098785111286,0.449098785111286,0.449098785111286,0.449098785111286,
0.449098785111286,0.449098785111286,0.449098785111286,0.449098785111286),
(0.449098785111286,0.449098785111286,0.449098785111286,0.449098785111286,0.449098785111286,
0.449098785111286,0.449098785111286,0.449098785111286,0.449098785111286,0.449098785111286,
0.449098785111286,0.449098785111286,0.449098785111286,0.449098785111286,0.449098785111286,
0.449098785111286,0.449098785111286,0.449098785111286,0.449098785111286,0.449098785111286,
0.449098785111286,0.449098785111286,0.449098785111286,0.449098785111286,0.449098785111286,
0.449098785111286,0.449098785111286,0.449098785111286,0.449098785111286),
(1.,1.,1.,1.,1.,1.,1.,1.,1.,1.,1.,1.,1.,1.,1.,1.,1.,1.,1.,1.,1.,1.,1.,1.,1.,1.,1.,
1.,1.)))REPRESENTATION_ITEM('')SURFACE());
#3695=CARTESIAN_POINT('',(-1.27143293079025,-2.85021932859065,3.44305702710542));
#3696=CARTESIAN_POINT('',(-1.37887880002789,-2.85435822344227,3.40338001468575));
#3697=CARTESIAN_POINT('',(-1.59005311977737,-2.86263601314551,3.31395966057763));
#3698=CARTESIAN_POINT('',(-1.89288867760137,-2.87505269770036,3.15080466449313));
#3699=CARTESIAN_POINT('',(-2.1791458486096,-2.88746938225521,2.96005421207473));
#3700=CARTESIAN_POINT('',(-2.44631757029263,-2.89988606681007,2.74337892346437));
#3701=CARTESIAN_POINT('',(-2.69206387989548,-2.91230275136492,2.50267649476115));
#3702=CARTESIAN_POINT('',(-2.91423247806229,-2.92471943591977,2.24005505182036));
#3703=CARTESIAN_POINT('',(-3.110877560487,-2.93713612047462,1.95781469370238));
#3704=CARTESIAN_POINT('',(-3.28027686471849,-2.94955280502948,1.65842734602998));
#3705=CARTESIAN_POINT('',(-3.42094675278846,-2.96196948958433,1.3445151117927));
#3706=CARTESIAN_POINT('',(-3.53165520561193,-2.97438617413918,1.01882730623561));
#3707=CARTESIAN_POINT('',(-3.61143261319631,-2.98680285869404,0.684216377762151));
#3708=CARTESIAN_POINT('',(-3.65958026673363,-2.99921954324889,0.34361292552818));
#3709=CARTESIAN_POINT('',(-3.67567647804538,-3.01163622780374,3.2585793341422E-8));
#3710=CARTESIAN_POINT('',(-3.65958027282606,-3.0240529123586,-0.343612860641987));
#3711=CARTESIAN_POINT('',(-3.61143262532781,-3.03646959691345,-0.68421631372964));
#3712=CARTESIAN_POINT('',(-3.53165522367624,-3.0488862814683,-1.01882724361759));
#3713=CARTESIAN_POINT('',(-3.42094677662738,-3.06130296602316,-1.3445150511376));
#3714=CARTESIAN_POINT('',(-3.28027689412324,-3.07371965057801,-1.65842728786903));
#3715=CARTESIAN_POINT('',(-3.11087759520003,-3.08613633513286,-1.95781463854497));
#3716=CARTESIAN_POINT('',(-2.91423251777959,-3.09855301968771,-2.24005500014955));
#3717=CARTESIAN_POINT('',(-2.69206392426919,-3.11096970424257,-2.50267644702951));
#3718=CARTESIAN_POINT('',(-2.44631761893411,-3.12338638879742,-2.74337888008993));
#3719=CARTESIAN_POINT('',(-2.17914590109284,-3.13580307335227,-2.96005417343738));
#3720=CARTESIAN_POINT('',(-1.89288873346671,-3.14821975790713,-3.15080463093126));
#3721=CARTESIAN_POINT('',(-1.59005317853553,-3.16063644246198,-3.31395963238519));
#3722=CARTESIAN_POINT('',(-1.37887886037152,-3.16891423216521,-3.40337999023754));
#3723=CARTESIAN_POINT('',(-1.27143299183738,-3.17305312701683,-3.44305700456228));
#3724=CARTESIAN_POINT('',(-1.31952720084291,-2.82573875850054,3.57329694024452));
#3725=CARTESIAN_POINT('',(-1.43103740609546,-2.82987765335215,3.53211907244822));
#3726=CARTESIAN_POINT('',(-1.65019977972986,-2.83815544305539,3.43931623031849));
#3727=CARTESIAN_POINT('',(-1.96449064498442,-2.85057212761024,3.26998959886723));
#3728=CARTESIAN_POINT('',(-2.26157601569833,-2.86298881216509,3.07202366260449));
#3729=CARTESIAN_POINT('',(-2.53885399514918,-2.87540549671995,2.84715223592675));
#3730=CARTESIAN_POINT('',(-2.79389610722204,-2.8878221812748,2.59734479875));
#3731=CARTESIAN_POINT('',(-3.02446863791151,-2.90023886582965,2.32478922063578));
#3732=CARTESIAN_POINT('',(-3.22855217931398,-2.91265555038451,2.03187260608748));
#3733=CARTESIAN_POINT('',(-3.40435932125924,-2.92507223493936,1.72116038582399));
#3734=CARTESIAN_POINT('',(-3.55035030446626,-2.93748891949421,1.3953738486639));
#3735=CARTESIAN_POINT('',(-3.66524650648063,-2.94990560404907,1.05736630771692));
#3736=CARTESIAN_POINT('',(-3.74804164004296,-2.96232228860392,0.710098110451025));
#3737=CARTESIAN_POINT('',(-3.79801056640998,-2.97473897315877,0.356610711281349));
#3738=CARTESIAN_POINT('',(-3.81471564627854,-2.98715565771363,3.38184103776396E-8));
#3739=CARTESIAN_POINT('',(-3.79801057273286,-2.99957234226848,-0.356610643940718));
#3740=CARTESIAN_POINT('',(-3.74804165263336,-3.01198902682333,-0.710098043996368));
#3741=CARTESIAN_POINT('',(-3.66524652522826,-3.02440571137819,-1.05736624273026));
#3742=CARTESIAN_POINT('',(-3.55035032920693,-3.03682239593304,-1.39537378571441));
#3743=CARTESIAN_POINT('',(-3.40435935177628,-3.04923908048789,-1.721160325463));
#3744=CARTESIAN_POINT('',(-3.2285522153401,-3.06165576504274,-2.03187254884363));
#3745=CARTESIAN_POINT('',(-3.02446867913119,-3.0740724495976,-2.32478916701043));
#3746=CARTESIAN_POINT('',(-2.79389615327426,-3.08648913415245,-2.59734474921282));
#3747=CARTESIAN_POINT('',(-2.53885404563062,-3.0989058187073,-2.8471521909116));
#3748=CARTESIAN_POINT('',(-2.26157607016685,-3.11132250326216,-3.07202362250562));
#3749=CARTESIAN_POINT('',(-1.96449070296297,-3.12373918781701,-3.26998956403582));
#3750=CARTESIAN_POINT('',(-1.65019984071066,-3.13615587237186,-3.43931620105962));
#3751=CARTESIAN_POINT('',(-1.4310374687217,-3.1444336620751,-3.53211904707521));
#3752=CARTESIAN_POINT('',(-1.31952726419926,-3.14857255692672,-3.57329691684864));
#3753=CARTESIAN_POINT('',(-1.31952720084291,-2.68476077405504,3.57329694024452));
#3754=CARTESIAN_POINT('',(-1.43103740609546,-2.68889966890666,3.53211907244822));
#3755=CARTESIAN_POINT('',(-1.65019977972986,-2.69717745860989,3.43931623031849));
#3756=CARTESIAN_POINT('',(-1.96449064498442,-2.70959414316474,3.26998959886723));
#3757=CARTESIAN_POINT('',(-2.26157601569833,-2.7220108277196,3.07202366260449));
#3758=CARTESIAN_POINT('',(-2.53885399514918,-2.73442751227445,2.84715223592675));
#3759=CARTESIAN_POINT('',(-2.79389610722204,-2.7468441968293,2.59734479875));
#3760=CARTESIAN_POINT('',(-3.02446863791151,-2.75926088138416,2.32478922063578));
#3761=CARTESIAN_POINT('',(-3.22855217931398,-2.77167756593901,2.03187260608748));
#3762=CARTESIAN_POINT('',(-3.40435932125924,-2.78409425049386,1.72116038582399));
#3763=CARTESIAN_POINT('',(-3.55035030446626,-2.79651093504872,1.3953738486639));
#3764=CARTESIAN_POINT('',(-3.66524650648063,-2.80892761960357,1.05736630771692));
#3765=CARTESIAN_POINT('',(-3.74804164004296,-2.82134430415842,0.710098110451025));
#3766=CARTESIAN_POINT('',(-3.79801056640998,-2.83376098871328,0.356610711281349));
#3767=CARTESIAN_POINT('',(-3.81471564627854,-2.84617767326813,3.38184103915173E-8));
#3768=CARTESIAN_POINT('',(-3.79801057273286,-2.85859435782298,-0.356610643940718));
#3769=CARTESIAN_POINT('',(-3.74804165263335,-2.87101104237783,-0.710098043996367));
#3770=CARTESIAN_POINT('',(-3.66524652522826,-2.88342772693269,-1.05736624273026));
#3771=CARTESIAN_POINT('',(-3.55035032920693,-2.89584441148754,-1.39537378571441));
#3772=CARTESIAN_POINT('',(-3.40435935177628,-2.90826109604239,-1.721160325463));
#3773=CARTESIAN_POINT('',(-3.2285522153401,-2.92067778059725,-2.03187254884363));
#3774=CARTESIAN_POINT('',(-3.02446867913119,-2.9330944651521,-2.32478916701043));
#3775=CARTESIAN_POINT('',(-2.79389615327426,-2.94551114970695,-2.59734474921282));
#3776=CARTESIAN_POINT('',(-2.53885404563062,-2.95792783426181,-2.8471521909116));
#3777=CARTESIAN_POINT('',(-2.26157607016685,-2.97034451881666,-3.07202362250562));
#3778=CARTESIAN_POINT('',(-1.96449070296297,-2.98276120337151,-3.26998956403582));
#3779=CARTESIAN_POINT('',(-1.65019984071066,-2.99517788792637,-3.43931620105962));
#3780=CARTESIAN_POINT('',(-1.4310374687217,-3.0034556776296,-3.53211904707521));
#3781=CARTESIAN_POINT('',(-1.31952726419926,-3.00759457248122,-3.57329691684864));
#3782=CARTESIAN_POINT('',(-1.27143293079025,-2.66028020396492,3.44305702710542));
#3783=CARTESIAN_POINT('',(-1.37887880002789,-2.66441909881654,3.40338001468575));
#3784=CARTESIAN_POINT('',(-1.59005311977737,-2.67269688851977,3.31395966057763));
#3785=CARTESIAN_POINT('',(-1.89288867760137,-2.68511357307463,3.15080466449313));
#3786=CARTESIAN_POINT('',(-2.1791458486096,-2.69753025762948,2.96005421207473));
#3787=CARTESIAN_POINT('',(-2.44631757029263,-2.70994694218433,2.74337892346437));
#3788=CARTESIAN_POINT('',(-2.69206387989548,-2.72236362673919,2.50267649476115));
#3789=CARTESIAN_POINT('',(-2.91423247806229,-2.73478031129404,2.24005505182036));
#3790=CARTESIAN_POINT('',(-3.110877560487,-2.74719699584889,1.95781469370238));
#3791=CARTESIAN_POINT('',(-3.28027686471849,-2.75961368040375,1.65842734602998));
#3792=CARTESIAN_POINT('',(-3.42094675278846,-2.7720303649586,1.3445151117927));
#3793=CARTESIAN_POINT('',(-3.53165520561193,-2.78444704951345,1.01882730623561));
#3794=CARTESIAN_POINT('',(-3.61143261319631,-2.7968637340683,0.684216377762151));
#3795=CARTESIAN_POINT('',(-3.65958026673363,-2.80928041862316,0.34361292552818));
#3796=CARTESIAN_POINT('',(-3.67567647804538,-2.82169710317801,3.25857932997886E-8));
#3797=CARTESIAN_POINT('',(-3.65958027282606,-2.83411378773286,-0.343612860641987));
#3798=CARTESIAN_POINT('',(-3.61143262532781,-2.84653047228772,-0.684216313729641));
#3799=CARTESIAN_POINT('',(-3.53165522367624,-2.85894715684257,-1.01882724361759));
#3800=CARTESIAN_POINT('',(-3.42094677662738,-2.87136384139742,-1.3445150511376));
#3801=CARTESIAN_POINT('',(-3.28027689412324,-2.88378052595228,-1.65842728786903));
#3802=CARTESIAN_POINT('',(-3.11087759520003,-2.89619721050713,-1.95781463854497));
#3803=CARTESIAN_POINT('',(-2.91423251777959,-2.90861389506198,-2.24005500014955));
#3804=CARTESIAN_POINT('',(-2.69206392426919,-2.92103057961684,-2.50267644702951));
#3805=CARTESIAN_POINT('',(-2.44631761893411,-2.93344726417169,-2.74337888008993));
#3806=CARTESIAN_POINT('',(-2.17914590109284,-2.94586394872654,-2.96005417343738));
#3807=CARTESIAN_POINT('',(-1.89288873346671,-2.9582806332814,-3.15080463093126));
#3808=CARTESIAN_POINT('',(-1.59005317853553,-2.97069731783625,-3.31395963238519));
#3809=CARTESIAN_POINT('',(-1.37887886037152,-2.97897510753948,-3.40337999023754));
#3810=CARTESIAN_POINT('',(-1.27143299183738,-2.9831140023911,-3.44305700456228));
#3811=FACE_BOUND('',#3812,.T.);
#3812=EDGE_LOOP('',(#5454,#5455,#5456,#5457));
#3813=B_SPLINE_SURFACE_WITH_KNOTS('',1,3,(
(#3814,#3815,#3816,#3817,#3818,#3819,#3820,#3821,#3822,#3823,#3824,#3825,#3826,#3827,
#3828,#3829,#3830,#3831,#3832,#3833,#3834,#3835,#3836,#3837,#3838,#3839,#3840,#3841,
#3842),
(#3843,#3844,#3845,#3846,#3847,#3848,#3849,#3850,#3851,#3852,#3853,#3854,#3855,#3856,
#3857,#3858,#3859,#3860,#3861,#3862,#3863,#3864,#3865,#3866,#3867,#3868,#3869,#3870,
#3871)),
.UNSPECIFIED.,.F.,.F.,.F.,
(2,2),
(4,1,1,1,1,1,1,1,1,1,1,1,1,1,1,1,1,1,1,1,1,1,1,1,1,1,4),
(0.,1.),
(20.7821234442352,20.8751253773808,20.9681273105265,21.0611292436721,21.1541311768177,
21.2471331099634,21.340135043109,21.4331369762547,21.5261389094003,21.619140842546,
21.7121427756916,21.8051447088372,21.8981466419829,21.9911485751285,22.0841505082742,
22.1771524414198,22.2701543745655,22.3631563077111,22.4561582408568,22.5491601740024,
22.642162107148,22.7351640402937,22.8281659734393,22.921167906585,23.0141698397306,
23.1071717728763,23.2001737060219),
.UNSPECIFIED.);
#3814=CARTESIAN_POINT('',(-1.29903810410491,-2.66134516610046,3.43273701198933));
#3815=CARTESIAN_POINT('',(-1.40545516347011,-2.6654567542608,3.39246599368546));
#3816=CARTESIAN_POINT('',(-1.61454114597484,-2.67367993058149,3.30201988726828));
#3817=CARTESIAN_POINT('',(-1.9142155585396,-2.68601469506251,3.13781090354528));
#3818=CARTESIAN_POINT('',(-2.19734512978456,-2.69834945954354,2.94648143391034));
#3819=CARTESIAN_POINT('',(-2.46148277667109,-2.71068422402457,2.72968514745577));
#3820=CARTESIAN_POINT('',(-2.70434551274306,-2.72301898850559,2.48929584627717));
#3821=CARTESIAN_POINT('',(-2.92383424751237,-2.73535375298662,2.22739124451713));
#3822=CARTESIAN_POINT('',(-3.11805191114693,-2.74768851746764,1.94623501723621));
#3823=CARTESIAN_POINT('',(-3.2853198559142,-2.76002328194867,1.6482572333548));
#3824=CARTESIAN_POINT('',(-3.42419236365323,-2.77235804642969,1.33603335274813));
#3825=CARTESIAN_POINT('',(-3.53346914164706,-2.78469281091072,1.01226196608811));
#3826=CARTESIAN_POINT('',(-3.61220569681236,-2.79702757539175,0.679741470616379));
#3827=CARTESIAN_POINT('',(-3.65972149909804,-2.80936233987277,0.341345883231868));
#3828=CARTESIAN_POINT('',(-3.67560586338628,-2.8216971043538,6.81954492876002E-14));
#3829=CARTESIAN_POINT('',(-3.65972149909805,-2.83403186883482,-0.341345883231732));
#3830=CARTESIAN_POINT('',(-3.61220569681239,-2.84636663331585,-0.679741470616245));
#3831=CARTESIAN_POINT('',(-3.5334691416471,-2.85870139779688,-1.01226196608798));
#3832=CARTESIAN_POINT('',(-3.42419236365328,-2.8710361622779,-1.336033352748));
#3833=CARTESIAN_POINT('',(-3.28531985591426,-2.88337092675893,-1.64825723335468));
#3834=CARTESIAN_POINT('',(-3.118051911147,-2.89570569123995,-1.94623501723609));
#3835=CARTESIAN_POINT('',(-2.92383424751245,-2.90804045572098,-2.22739124451702));
#3836=CARTESIAN_POINT('',(-2.70434551274316,-2.92037522020201,-2.48929584627707));
#3837=CARTESIAN_POINT('',(-2.46148277667119,-2.93270998468303,-2.72968514745568));
#3838=CARTESIAN_POINT('',(-2.19734512978467,-2.94504474916406,-2.94648143391026));
#3839=CARTESIAN_POINT('',(-1.91421555853972,-2.95737951364508,-3.13781090354521));
#3840=CARTESIAN_POINT('',(-1.61454114597493,-2.96971427812611,-3.30201988726824));
#3841=CARTESIAN_POINT('',(-1.40545516347017,-2.9779374544468,-3.39246599368544));
#3842=CARTESIAN_POINT('',(-1.29903810410493,-2.98204904260714,-3.43273701198933));
#3843=CARTESIAN_POINT('',(-1.23875967761335,-2.63131472841333,3.27344993258172));
#3844=CARTESIAN_POINT('',(-1.3402387348752,-2.63542631657367,3.23504758434141));
#3845=CARTESIAN_POINT('',(-1.53962263551875,-2.64364949289435,3.1487983902087));
#3846=CARTESIAN_POINT('',(-1.82539144978573,-2.65598425737538,2.99220908994481));
#3847=CARTESIAN_POINT('',(-2.0953831423234,-2.66831902185641,2.80975775816789));
#3848=CARTESIAN_POINT('',(-2.34726418050754,-2.68065378633743,2.60302132983095));
#3849=CARTESIAN_POINT('',(-2.57885751382867,-2.69298855081846,2.37378665820069));
#3850=CARTESIAN_POINT('',(-2.78816145453942,-2.70532331529948,2.12403504659167));
#3851=CARTESIAN_POINT('',(-2.97336696131441,-2.71765807978051,1.85592513021206));
#3852=CARTESIAN_POINT('',(-3.13287327962808,-2.72999284426154,1.57177421706297));
#3853=CARTESIAN_POINT('',(-3.26530177604597,-2.74232760874256,1.27403825961774));
#3854=CARTESIAN_POINT('',(-3.36950785425915,-2.75466237322359,0.965290627587544));
#3855=CARTESIAN_POINT('',(-3.44459084788709,-2.76699713770461,0.648199865993434));
#3856=CARTESIAN_POINT('',(-3.48990180507529,-2.77933190218564,0.325506630583642));
#3857=CARTESIAN_POINT('',(-3.50504909746235,-2.79166666666666,6.50035580918029E-14));
#3858=CARTESIAN_POINT('',(-3.48990180507531,-2.80400143114769,-0.325506630583512));
#3859=CARTESIAN_POINT('',(-3.44459084788711,-2.81633619562872,-0.648199865993306));
#3860=CARTESIAN_POINT('',(-3.36950785425919,-2.82867096010974,-0.965290627587419));
#3861=CARTESIAN_POINT('',(-3.26530177604601,-2.84100572459077,-1.27403825961762));
#3862=CARTESIAN_POINT('',(-3.13287327962814,-2.85334048907179,-1.57177421706285));
#3863=CARTESIAN_POINT('',(-2.97336696131448,-2.86567525355282,-1.85592513021195));
#3864=CARTESIAN_POINT('',(-2.7881614545395,-2.87801001803385,-2.12403504659156));
#3865=CARTESIAN_POINT('',(-2.57885751382875,-2.89034478251487,-2.37378665820059));
#3866=CARTESIAN_POINT('',(-2.34726418050764,-2.9026795469959,-2.60302132983087));
#3867=CARTESIAN_POINT('',(-2.0953831423235,-2.91501431147692,-2.80975775816781));
#3868=CARTESIAN_POINT('',(-1.82539144978584,-2.92734907595795,-2.99220908994474));
#3869=CARTESIAN_POINT('',(-1.53962263551883,-2.93968384043898,-3.14879839020866));
#3870=CARTESIAN_POINT('',(-1.34023873487526,-2.94790701675966,-3.23504758434139));
#3871=CARTESIAN_POINT('',(-1.23875967761336,-2.95201860492001,-3.27344993258171));
#3872=FACE_BOUND('',#3873,.T.);
#3873=EDGE_LOOP('',(#5458,#5459,#5460,#5461));
#3874=B_SPLINE_SURFACE_WITH_KNOTS('',1,3,(
(#3875,#3876,#3877,#3878,#3879,#3880,#3881,#3882,#3883,#3884,#3885,#3886,#3887,#3888,
#3889,#3890,#3891,#3892,#3893,#3894,#3895,#3896,#3897,#3898,#3899,#3900,#3901,#3902,
#3903),
(#3904,#3905,#3906,#3907,#3908,#3909,#3910,#3911,#3912,#3913,#3914,#3915,#3916,#3917,
#3918,#3919,#3920,#3921,#3922,#3923,#3924,#3925,#3926,#3927,#3928,#3929,#3930,#3931,
#3932)),
.UNSPECIFIED.,.F.,.F.,.F.,
(2,2),
(4,1,1,1,1,1,1,1,1,1,1,1,1,1,1,1,1,1,1,1,1,1,1,1,1,1,4),
(0.,1.),
(14.4989381370556,14.5919400702012,14.6849420033469,14.7779439364925,14.8709458696382,
14.9639478027838,15.0569497359295,15.1499516690751,15.2429536022207,15.3359555353664,
15.428957468512,15.5219594016577,15.6149613348033,15.707963267949,15.8009652010946,
15.8939671342403,15.9869690673859,16.0799710005316,16.1729729336772,16.2659748668228,
16.3589767999685,16.4519787331141,16.5449806662598,16.6379825994054,16.7309845325511,
16.8239864656967,16.9169883988423),
.UNSPECIFIED.);
#3875=CARTESIAN_POINT('',(-1.23875967761336,-2.04798139507999,3.27344993258172));
#3876=CARTESIAN_POINT('',(-1.34023873487522,-2.05209298324034,3.23504758434141));
#3877=CARTESIAN_POINT('',(-1.53962263551876,-2.06031615956102,3.14879839020869));
#3878=CARTESIAN_POINT('',(-1.82539144978575,-2.07265092404205,2.9922090899448));
#3879=CARTESIAN_POINT('',(-2.09538314232342,-2.08498568852307,2.80975775816787));
#3880=CARTESIAN_POINT('',(-2.34726418050757,-2.0973204530041,2.60302132983093));
#3881=CARTESIAN_POINT('',(-2.5788575138287,-2.10965521748513,2.37378665820065));
#3882=CARTESIAN_POINT('',(-2.78816145453945,-2.12198998196615,2.12403504659163));
#3883=CARTESIAN_POINT('',(-2.97336696131444,-2.13432474644718,1.85592513021201));
#3884=CARTESIAN_POINT('',(-3.13287327962811,-2.1466595109282,1.57177421706291));
#3885=CARTESIAN_POINT('',(-3.26530177604599,-2.15899427540923,1.27403825961768));
#3886=CARTESIAN_POINT('',(-3.36950785425917,-2.17132903989026,0.965290627587472));
#3887=CARTESIAN_POINT('',(-3.4445908478871,-2.18366380437128,0.648199865993353));
#3888=CARTESIAN_POINT('',(-3.4899018050753,-2.19599856885231,0.325506630583554));
#3889=CARTESIAN_POINT('',(-3.50504909746235,-2.20833333333333,-2.92266211232572E-14));
#3890=CARTESIAN_POINT('',(-3.4899018050753,-2.22066809781436,-0.325506630583613));
#3891=CARTESIAN_POINT('',(-3.44459084788709,-2.23300286229539,-0.64819986599341));
#3892=CARTESIAN_POINT('',(-3.36950785425916,-2.24533762677641,-0.965290627587526));
#3893=CARTESIAN_POINT('',(-3.26530177604597,-2.25767239125744,-1.27403825961772));
#3894=CARTESIAN_POINT('',(-3.13287327962809,-2.27000715573847,-1.57177421706295));
#3895=CARTESIAN_POINT('',(-2.97336696131442,-2.28234192021949,-1.85592513021204));
#3896=CARTESIAN_POINT('',(-2.78816145453943,-2.29467668470052,-2.12403504659165));
#3897=CARTESIAN_POINT('',(-2.57885751382868,-2.30701144918154,-2.37378665820068));
#3898=CARTESIAN_POINT('',(-2.34726418050755,-2.31934621366257,-2.60302132983094));
#3899=CARTESIAN_POINT('',(-2.09538314232341,-2.33168097814359,-2.80975775816788));
#3900=CARTESIAN_POINT('',(-1.82539144978574,-2.34401574262462,-2.9922090899448));
#3901=CARTESIAN_POINT('',(-1.53962263551876,-2.35635050710565,-3.14879839020869));
#3902=CARTESIAN_POINT('',(-1.34023873487523,-2.36457368342633,-3.2350475843414));
#3903=CARTESIAN_POINT('',(-1.23875967761337,-2.36868527158667,-3.27344993258171));
#3904=CARTESIAN_POINT('',(-1.29903810410492,-2.01795095739286,3.43273701198933));
#3905=CARTESIAN_POINT('',(-1.40545516347013,-2.0220625455532,3.39246599368546));
#3906=CARTESIAN_POINT('',(-1.61454114597486,-2.03028572187389,3.30201988726827));
#3907=CARTESIAN_POINT('',(-1.91421555853963,-2.04262048635491,3.13781090354526));
#3908=CARTESIAN_POINT('',(-2.19734512978459,-2.05495525083594,2.94648143391032));
#3909=CARTESIAN_POINT('',(-2.46148277667112,-2.06729001531696,2.72968514745574));
#3910=CARTESIAN_POINT('',(-2.70434551274309,-2.07962477979799,2.48929584627714));
#3911=CARTESIAN_POINT('',(-2.9238342475124,-2.09195954427902,2.22739124451709));
#3912=CARTESIAN_POINT('',(-3.11805191114696,-2.10429430876004,1.94623501723616));
#3913=CARTESIAN_POINT('',(-3.28531985591423,-2.11662907324107,1.64825723335474));
#3914=CARTESIAN_POINT('',(-3.42419236365325,-2.1289638377221,1.33603335274806));
#3915=CARTESIAN_POINT('',(-3.53346914164708,-2.14129860220312,1.01226196608804));
#3916=CARTESIAN_POINT('',(-3.61220569681238,-2.15363336668415,0.679741470616294));
#3917=CARTESIAN_POINT('',(-3.65972149909805,-2.16596813116517,0.341345883231776));
#3918=CARTESIAN_POINT('',(-3.67560586338628,-2.1783028956462,-3.06560332674621E-14));
#3919=CARTESIAN_POINT('',(-3.65972149909804,-2.19063766012723,-0.341345883231837));
#3920=CARTESIAN_POINT('',(-3.61220569681237,-2.20297242460825,-0.679741470616355));
#3921=CARTESIAN_POINT('',(-3.53346914164707,-2.21530718908928,-1.01226196608809));
#3922=CARTESIAN_POINT('',(-3.42419236365323,-2.2276419535703,-1.33603335274811));
#3923=CARTESIAN_POINT('',(-3.28531985591421,-2.23997671805133,-1.64825723335478));
#3924=CARTESIAN_POINT('',(-3.11805191114694,-2.25231148253236,-1.94623501723619));
#3925=CARTESIAN_POINT('',(-2.92383424751238,-2.26464624701338,-2.22739124451711));
#3926=CARTESIAN_POINT('',(-2.70434551274308,-2.27698101149441,-2.48929584627716));
#3927=CARTESIAN_POINT('',(-2.4614827766711,-2.28931577597544,-2.72968514745575));
#3928=CARTESIAN_POINT('',(-2.19734512978457,-2.30165054045646,-2.94648143391033));
#3929=CARTESIAN_POINT('',(-1.91421555853962,-2.31398530493749,-3.13781090354527));
#3930=CARTESIAN_POINT('',(-1.61454114597486,-2.32632006941851,-3.30201988726827));
#3931=CARTESIAN_POINT('',(-1.40545516347014,-2.3345432457392,-3.39246599368545));
#3932=CARTESIAN_POINT('',(-1.29903810410494,-2.33865483389954,-3.43273701198932));
#3933=FACE_BOUND('',#3934,.T.);
#3934=EDGE_LOOP('',(#5462,#5463,#5464,#5465));
#3935=(BOUNDED_SURFACE()B_SPLINE_SURFACE(3,3,(
(#3936,#3937,#3938,#3939,#3940,#3941,#3942,#3943,#3944,#3945,#3946,#3947,#3948,#3949,
#3950,#3951,#3952,#3953,#3954,#3955,#3956,#3957,#3958,#3959,#3960,#3961,#3962,#3963,
#3964),
(#3965,#3966,#3967,#3968,#3969,#3970,#3971,#3972,#3973,#3974,#3975,#3976,#3977,#3978,
#3979,#3980,#3981,#3982,#3983,#3984,#3985,#3986,#3987,#3988,#3989,#3990,#3991,#3992,
#3993),
(#3994,#3995,#3996,#3997,#3998,#3999,#4000,#4001,#4002,#4003,#4004,#4005,#4006,#4007,
#4008,#4009,#4010,#4011,#4012,#4013,#4014,#4015,#4016,#4017,#4018,#4019,#4020,#4021,
#4022),
(#4023,#4024,#4025,#4026,#4027,#4028,#4029,#4030,#4031,#4032,#4033,#4034,#4035,#4036,
#4037,#4038,#4039,#4040,#4041,#4042,#4043,#4044,#4045,#4046,#4047,#4048,#4049,#4050,
#4051)),
.UNSPECIFIED.,.F.,.F.,.F.)B_SPLINE_SURFACE_WITH_KNOTS((4,4),
(4,1,1,1,1,1,1,1,1,1,1,1,1,1,1,1,1,1,1,1,1,1,1,1,1,1,4),
(0.,2.79252680319093),
(14.4909085117243,14.584528107675,14.6781477036258,14.7717672995765,14.8653868955272,
14.9590064914779,15.0526260874286,15.1462456833794,15.2398652793301,15.3334848752808,
15.4271044712315,15.5207240671823,15.614343663133,15.7079632590837,15.8015828550344,
15.8952024509852,15.9888220469359,16.0824416428866,16.1760612388373,16.2696808347881,
16.3633004307388,16.4569200266895,16.5505396226402,16.6441592185909,16.7377788145417,
16.8313984104924,16.9250180064431),
.UNSPECIFIED.)GEOMETRIC_REPRESENTATION_ITEM()RATIONAL_B_SPLINE_SURFACE((
(1.,1.,1.,1.,1.,1.,1.,1.,1.,1.,1.,1.,1.,1.,1.,1.,1.,1.,1.,1.,1.,1.,1.,1.,1.,1.,1.,
1.,1.),
(0.449098785111286,0.449098785111286,0.449098785111286,0.449098785111286,0.449098785111286,
0.449098785111286,0.449098785111286,0.449098785111286,0.449098785111286,0.449098785111286,
0.449098785111286,0.449098785111286,0.449098785111286,0.449098785111286,0.449098785111286,
0.449098785111286,0.449098785111286,0.449098785111286,0.449098785111286,0.449098785111286,
0.449098785111286,0.449098785111286,0.449098785111286,0.449098785111286,0.449098785111286,
0.449098785111286,0.449098785111286,0.449098785111286,0.449098785111286),
(0.449098785111286,0.449098785111286,0.449098785111286,0.449098785111286,0.449098785111286,
0.449098785111286,0.449098785111286,0.449098785111286,0.449098785111286,0.449098785111286,
0.449098785111286,0.449098785111286,0.449098785111286,0.449098785111286,0.449098785111286,
0.449098785111286,0.449098785111286,0.449098785111286,0.449098785111286,0.449098785111286,
0.449098785111286,0.449098785111286,0.449098785111286,0.449098785111286,0.449098785111286,
0.449098785111286,0.449098785111286,0.449098785111286,0.449098785111286),
(1.,1.,1.,1.,1.,1.,1.,1.,1.,1.,1.,1.,1.,1.,1.,1.,1.,1.,1.,1.,1.,1.,1.,1.,1.,1.,1.,
1.,1.)))REPRESENTATION_ITEM('')SURFACE());
#3936=CARTESIAN_POINT('',(-1.27143293079024,-2.01688599525732,3.44305702710543));
#3937=CARTESIAN_POINT('',(-1.37887880002788,-2.02102489010894,3.40338001468575));
#3938=CARTESIAN_POINT('',(-1.59005311977735,-2.02930267981217,3.31395966057764));
#3939=CARTESIAN_POINT('',(-1.89288867760136,-2.04171936436702,3.15080466449313));
#3940=CARTESIAN_POINT('',(-2.17914584860959,-2.05413604892188,2.96005421207474));
#3941=CARTESIAN_POINT('',(-2.44631757029262,-2.06655273347673,2.74337892346438));
#3942=CARTESIAN_POINT('',(-2.69206387989547,-2.07896941803158,2.50267649476116));
#3943=CARTESIAN_POINT('',(-2.91423247806228,-2.09138610258644,2.24005505182037));
#3944=CARTESIAN_POINT('',(-3.11087756048699,-2.10380278714129,1.95781469370239));
#3945=CARTESIAN_POINT('',(-3.28027686471849,-2.11621947169614,1.65842734602999));
#3946=CARTESIAN_POINT('',(-3.42094675278845,-2.128636156251,1.34451511179272));
#3947=CARTESIAN_POINT('',(-3.53165520561192,-2.14105284080585,1.01882730623562));
#3948=CARTESIAN_POINT('',(-3.61143261319631,-2.1534695253607,0.684216377762163));
#3949=CARTESIAN_POINT('',(-3.65958026673363,-2.16588620991556,0.343612925528192));
#3950=CARTESIAN_POINT('',(-3.67567647804538,-2.17830289447041,3.25858054289752E-8));
#3951=CARTESIAN_POINT('',(-3.65958027282606,-2.19071957902526,-0.343612860641975));
#3952=CARTESIAN_POINT('',(-3.61143262532781,-2.20313626358012,-0.684216313729629));
#3953=CARTESIAN_POINT('',(-3.53165522367625,-2.21555294813497,-1.01882724361758));
#3954=CARTESIAN_POINT('',(-3.42094677662739,-2.22796963268982,-1.34451505113759));
#3955=CARTESIAN_POINT('',(-3.28027689412324,-2.24038631724467,-1.65842728786902));
#3956=CARTESIAN_POINT('',(-3.11087759520004,-2.25280300179953,-1.95781463854495));
#3957=CARTESIAN_POINT('',(-2.9142325177796,-2.26521968635438,-2.24005500014954));
#3958=CARTESIAN_POINT('',(-2.6920639242692,-2.27763637090923,-2.5026764470295));
#3959=CARTESIAN_POINT('',(-2.44631761893412,-2.29005305546409,-2.74337888008992));
#3960=CARTESIAN_POINT('',(-2.17914590109285,-2.30246974001894,-2.96005417343738));
#3961=CARTESIAN_POINT('',(-1.89288873346672,-2.31488642457379,-3.15080463093125));
#3962=CARTESIAN_POINT('',(-1.59005317853554,-2.32730310912864,-3.31395963238519));
#3963=CARTESIAN_POINT('',(-1.37887886037153,-2.33558089883188,-3.40337999023754));
#3964=CARTESIAN_POINT('',(-1.27143299183738,-2.3397197936835,-3.44305700456228));
#3965=CARTESIAN_POINT('',(-1.3195272008429,-1.9924054251672,3.57329694024453));
#3966=CARTESIAN_POINT('',(-1.43103740609545,-1.99654432001882,3.53211907244823));
#3967=CARTESIAN_POINT('',(-1.65019977972985,-2.00482210972205,3.4393162303185));
#3968=CARTESIAN_POINT('',(-1.96449064498441,-2.01723879427691,3.26998959886723));
#3969=CARTESIAN_POINT('',(-2.26157601569832,-2.02965547883176,3.0720236626045));
#3970=CARTESIAN_POINT('',(-2.53885399514917,-2.04207216338661,2.84715223592676));
#3971=CARTESIAN_POINT('',(-2.79389610722203,-2.05448884794147,2.59734479875));
#3972=CARTESIAN_POINT('',(-3.0244686379115,-2.06690553249632,2.32478922063579));
#3973=CARTESIAN_POINT('',(-3.22855217931397,-2.07932221705117,2.03187260608749));
#3974=CARTESIAN_POINT('',(-3.40435932125923,-2.09173890160603,1.721160385824));
#3975=CARTESIAN_POINT('',(-3.55035030446625,-2.10415558616088,1.39537384866391));
#3976=CARTESIAN_POINT('',(-3.66524650648062,-2.11657227071573,1.05736630771693));
#3977=CARTESIAN_POINT('',(-3.74804164004296,-2.12898895527059,0.710098110451037));
#3978=CARTESIAN_POINT('',(-3.79801056640998,-2.14140563982544,0.356610711281362));
#3979=CARTESIAN_POINT('',(-3.81471564627854,-2.15382232438029,3.38184229647931E-8));
#3980=CARTESIAN_POINT('',(-3.79801057273286,-2.16623900893514,-0.356610643940706));
#3981=CARTESIAN_POINT('',(-3.74804165263336,-2.17865569349,-0.710098043996355));
#3982=CARTESIAN_POINT('',(-3.66524652522826,-2.19107237804485,-1.05736624273025));
#3983=CARTESIAN_POINT('',(-3.55035032920694,-2.2034890625997,-1.3953737857144));
#3984=CARTESIAN_POINT('',(-3.40435935177628,-2.21590574715456,-1.72116032546298));
#3985=CARTESIAN_POINT('',(-3.22855221534011,-2.22832243170941,-2.03187254884362));
#3986=CARTESIAN_POINT('',(-3.02446867913119,-2.24073911626426,-2.32478916701042));
#3987=CARTESIAN_POINT('',(-2.79389615327427,-2.25315580081912,-2.59734474921281));
#3988=CARTESIAN_POINT('',(-2.53885404563063,-2.26557248537397,-2.84715219091159));
#3989=CARTESIAN_POINT('',(-2.26157607016686,-2.27798916992882,-3.07202362250561));
#3990=CARTESIAN_POINT('',(-1.96449070296298,-2.29040585448367,-3.26998956403581));
#3991=CARTESIAN_POINT('',(-1.65019984071067,-2.30282253903853,-3.43931620105962));
#3992=CARTESIAN_POINT('',(-1.4310374687217,-2.31110032874176,-3.53211904707521));
#3993=CARTESIAN_POINT('',(-1.31952726419925,-2.31523922359338,-3.57329691684864));
#3994=CARTESIAN_POINT('',(-1.3195272008429,-1.8514274407217,3.57329694024453));
#3995=CARTESIAN_POINT('',(-1.43103740609545,-1.85556633557332,3.53211907244823));
#3996=CARTESIAN_POINT('',(-1.65019977972985,-1.86384412527656,3.4393162303185));
#3997=CARTESIAN_POINT('',(-1.96449064498441,-1.87626080983141,3.26998959886723));
#3998=CARTESIAN_POINT('',(-2.26157601569832,-1.88867749438626,3.0720236626045));
#3999=CARTESIAN_POINT('',(-2.53885399514917,-1.90109417894112,2.84715223592676));
#4000=CARTESIAN_POINT('',(-2.79389610722203,-1.91351086349597,2.59734479875));
#4001=CARTESIAN_POINT('',(-3.0244686379115,-1.92592754805082,2.32478922063579));
#4002=CARTESIAN_POINT('',(-3.22855217931397,-1.93834423260568,2.03187260608749));
#4003=CARTESIAN_POINT('',(-3.40435932125923,-1.95076091716053,1.721160385824));
#4004=CARTESIAN_POINT('',(-3.55035030446625,-1.96317760171538,1.39537384866391));
#4005=CARTESIAN_POINT('',(-3.66524650648062,-1.97559428627024,1.05736630771693));
#4006=CARTESIAN_POINT('',(-3.74804164004296,-1.98801097082509,0.710098110451037));
#4007=CARTESIAN_POINT('',(-3.79801056640998,-2.00042765537994,0.356610711281362));
#4008=CARTESIAN_POINT('',(-3.81471564627854,-2.01284433993479,3.38184229092819E-8));
#4009=CARTESIAN_POINT('',(-3.79801057273286,-2.02526102448965,-0.356610643940706));
#4010=CARTESIAN_POINT('',(-3.74804165263336,-2.0376777090445,-0.710098043996355));
#4011=CARTESIAN_POINT('',(-3.66524652522826,-2.05009439359935,-1.05736624273025));
#4012=CARTESIAN_POINT('',(-3.55035032920694,-2.06251107815421,-1.3953737857144));
#4013=CARTESIAN_POINT('',(-3.40435935177628,-2.07492776270906,-1.72116032546298));
#4014=CARTESIAN_POINT('',(-3.22855221534011,-2.08734444726391,-2.03187254884362));
#4015=CARTESIAN_POINT('',(-3.02446867913119,-2.09976113181877,-2.32478916701042));
#4016=CARTESIAN_POINT('',(-2.79389615327427,-2.11217781637362,-2.59734474921281));
#4017=CARTESIAN_POINT('',(-2.53885404563063,-2.12459450092847,-2.84715219091159));
#4018=CARTESIAN_POINT('',(-2.26157607016686,-2.13701118548333,-3.07202362250561));
#4019=CARTESIAN_POINT('',(-1.96449070296298,-2.14942787003818,-3.26998956403581));
#4020=CARTESIAN_POINT('',(-1.65019984071067,-2.16184455459303,-3.43931620105962));
#4021=CARTESIAN_POINT('',(-1.4310374687217,-2.17012234429627,-3.53211904707521));
#4022=CARTESIAN_POINT('',(-1.31952726419925,-2.17426123914788,-3.57329691684864));
#4023=CARTESIAN_POINT('',(-1.27143293079024,-1.82694687063159,3.44305702710543));
#4024=CARTESIAN_POINT('',(-1.37887880002788,-1.8310857654832,3.40338001468575));
#4025=CARTESIAN_POINT('',(-1.59005311977735,-1.83936355518644,3.31395966057764));
#4026=CARTESIAN_POINT('',(-1.89288867760136,-1.85178023974129,3.15080466449313));
#4027=CARTESIAN_POINT('',(-2.17914584860959,-1.86419692429615,2.96005421207474));
#4028=CARTESIAN_POINT('',(-2.44631757029262,-1.876613608851,2.74337892346438));
#4029=CARTESIAN_POINT('',(-2.69206387989547,-1.88903029340585,2.50267649476116));
#4030=CARTESIAN_POINT('',(-2.91423247806228,-1.90144697796071,2.24005505182037));
#4031=CARTESIAN_POINT('',(-3.11087756048699,-1.91386366251556,1.95781469370239));
#4032=CARTESIAN_POINT('',(-3.28027686471849,-1.92628034707041,1.65842734602999));
#4033=CARTESIAN_POINT('',(-3.42094675278845,-1.93869703162526,1.34451511179272));
#4034=CARTESIAN_POINT('',(-3.53165520561192,-1.95111371618012,1.01882730623562));
#4035=CARTESIAN_POINT('',(-3.61143261319631,-1.96353040073497,0.684216377762163));
#4036=CARTESIAN_POINT('',(-3.65958026673363,-1.97594708528982,0.343612925528192));
#4037=CARTESIAN_POINT('',(-3.67567647804538,-1.98836376984468,3.25858053873418E-8));
#4038=CARTESIAN_POINT('',(-3.65958027282606,-2.00078045439953,-0.343612860641975));
#4039=CARTESIAN_POINT('',(-3.61143262532781,-2.01319713895438,-0.684216313729629));
#4040=CARTESIAN_POINT('',(-3.53165522367625,-2.02561382350924,-1.01882724361758));
#4041=CARTESIAN_POINT('',(-3.42094677662739,-2.03803050806409,-1.34451505113759));
#4042=CARTESIAN_POINT('',(-3.28027689412324,-2.05044719261894,-1.65842728786902));
#4043=CARTESIAN_POINT('',(-3.11087759520004,-2.0628638771738,-1.95781463854495));
#4044=CARTESIAN_POINT('',(-2.9142325177796,-2.07528056172865,-2.24005500014954));
#4045=CARTESIAN_POINT('',(-2.6920639242692,-2.0876972462835,-2.5026764470295));
#4046=CARTESIAN_POINT('',(-2.44631761893412,-2.10011393083836,-2.74337888008992));
#4047=CARTESIAN_POINT('',(-2.17914590109285,-2.11253061539321,-2.96005417343738));
#4048=CARTESIAN_POINT('',(-1.89288873346672,-2.12494729994806,-3.15080463093125));
#4049=CARTESIAN_POINT('',(-1.59005317853554,-2.13736398450291,-3.31395963238519));
#4050=CARTESIAN_POINT('',(-1.37887886037153,-2.14564177420615,-3.40337999023754));
#4051=CARTESIAN_POINT('',(-1.27143299183738,-2.14978066905777,-3.44305700456228));
#4052=FACE_BOUND('',#4053,.T.);
#4053=EDGE_LOOP('',(#5466,#5467,#5468,#5469));
#4054=B_SPLINE_SURFACE_WITH_KNOTS('',1,3,(
(#4055,#4056,#4057,#4058,#4059,#4060,#4061,#4062,#4063,#4064,#4065,#4066,#4067,#4068,
#4069,#4070,#4071,#4072,#4073,#4074,#4075,#4076,#4077,#4078,#4079,#4080,#4081,#4082,
#4083),
(#4084,#4085,#4086,#4087,#4088,#4089,#4090,#4091,#4092,#4093,#4094,#4095,#4096,#4097,
#4098,#4099,#4100,#4101,#4102,#4103,#4104,#4105,#4106,#4107,#4108,#4109,#4110,#4111,
#4112)),
.UNSPECIFIED.,.F.,.F.,.F.,
(2,2),
(4,1,1,1,1,1,1,1,1,1,1,1,1,1,1,1,1,1,1,1,1,1,1,1,1,1,4),
(0.,1.),
(14.4989381370556,14.5919400702012,14.6849420033469,14.7779439364925,14.8709458696382,
14.9639478027838,15.0569497359295,15.1499516690751,15.2429536022207,15.3359555353664,
15.428957468512,15.5219594016577,15.6149613348033,15.707963267949,15.8009652010946,
15.8939671342403,15.9869690673859,16.0799710005316,16.1729729336772,16.2659748668228,
16.3589767999685,16.4519787331141,16.5449806662598,16.6379825994054,16.7309845325511,
16.8239864656967,16.9169883988423),
.UNSPECIFIED.);
#4055=CARTESIAN_POINT('',(-1.29903810410492,-1.82801183276713,3.43273701198933));
#4056=CARTESIAN_POINT('',(-1.40545516347013,-1.83212342092747,3.39246599368546));
#4057=CARTESIAN_POINT('',(-1.61454114597486,-1.84034659724815,3.30201988726827));
#4058=CARTESIAN_POINT('',(-1.91421555853963,-1.85268136172918,3.13781090354526));
#4059=CARTESIAN_POINT('',(-2.19734512978459,-1.86501612621021,2.94648143391032));
#4060=CARTESIAN_POINT('',(-2.46148277667112,-1.87735089069123,2.72968514745574));
#4061=CARTESIAN_POINT('',(-2.70434551274309,-1.88968565517226,2.48929584627714));
#4062=CARTESIAN_POINT('',(-2.9238342475124,-1.90202041965329,2.22739124451709));
#4063=CARTESIAN_POINT('',(-3.11805191114696,-1.91435518413431,1.94623501723616));
#4064=CARTESIAN_POINT('',(-3.28531985591423,-1.92668994861534,1.64825723335474));
#4065=CARTESIAN_POINT('',(-3.42419236365325,-1.93902471309636,1.33603335274806));
#4066=CARTESIAN_POINT('',(-3.53346914164708,-1.95135947757739,1.01226196608804));
#4067=CARTESIAN_POINT('',(-3.61220569681238,-1.96369424205842,0.679741470616294));
#4068=CARTESIAN_POINT('',(-3.65972149909805,-1.97602900653944,0.341345883231776));
#4069=CARTESIAN_POINT('',(-3.67560586338628,-1.98836377102047,-3.06976666308856E-14));
#4070=CARTESIAN_POINT('',(-3.65972149909804,-2.00069853550149,-0.341345883231837));
#4071=CARTESIAN_POINT('',(-3.61220569681237,-2.01303329998252,-0.679741470616355));
#4072=CARTESIAN_POINT('',(-3.53346914164707,-2.02536806446355,-1.01226196608809));
#4073=CARTESIAN_POINT('',(-3.42419236365323,-2.03770282894457,-1.33603335274811));
#4074=CARTESIAN_POINT('',(-3.28531985591421,-2.0500375934256,-1.64825723335478));
#4075=CARTESIAN_POINT('',(-3.11805191114694,-2.06237235790663,-1.94623501723619));
#4076=CARTESIAN_POINT('',(-2.92383424751238,-2.07470712238765,-2.22739124451711));
#4077=CARTESIAN_POINT('',(-2.70434551274308,-2.08704188686868,-2.48929584627716));
#4078=CARTESIAN_POINT('',(-2.4614827766711,-2.0993766513497,-2.72968514745575));
#4079=CARTESIAN_POINT('',(-2.19734512978457,-2.11171141583073,-2.94648143391033));
#4080=CARTESIAN_POINT('',(-1.91421555853962,-2.12404618031176,-3.13781090354527));
#4081=CARTESIAN_POINT('',(-1.61454114597486,-2.13638094479278,-3.30201988726827));
#4082=CARTESIAN_POINT('',(-1.40545516347013,-2.14460412111346,-3.39246599368546));
#4083=CARTESIAN_POINT('',(-1.29903810410493,-2.14871570927381,-3.43273701198933));
#4084=CARTESIAN_POINT('',(-1.23875967761336,-1.79798139507999,3.27344993258172));
#4085=CARTESIAN_POINT('',(-1.34023873487522,-1.80209298324034,3.23504758434141));
#4086=CARTESIAN_POINT('',(-1.53962263551876,-1.81031615956102,3.14879839020869));
#4087=CARTESIAN_POINT('',(-1.82539144978575,-1.82265092404205,2.9922090899448));
#4088=CARTESIAN_POINT('',(-2.09538314232342,-1.83498568852307,2.80975775816787));
#4089=CARTESIAN_POINT('',(-2.34726418050757,-1.8473204530041,2.60302132983093));
#4090=CARTESIAN_POINT('',(-2.5788575138287,-1.85965521748513,2.37378665820065));
#4091=CARTESIAN_POINT('',(-2.78816145453945,-1.87198998196615,2.12403504659163));
#4092=CARTESIAN_POINT('',(-2.97336696131444,-1.88432474644718,1.85592513021201));
#4093=CARTESIAN_POINT('',(-3.13287327962811,-1.8966595109282,1.57177421706291));
#4094=CARTESIAN_POINT('',(-3.26530177604599,-1.90899427540923,1.27403825961768));
#4095=CARTESIAN_POINT('',(-3.36950785425917,-1.92132903989026,0.965290627587472));
#4096=CARTESIAN_POINT('',(-3.4445908478871,-1.93366380437128,0.648199865993353));
#4097=CARTESIAN_POINT('',(-3.4899018050753,-1.94599856885231,0.325506630583554));
#4098=CARTESIAN_POINT('',(-3.50504909746235,-1.95833333333333,-2.93098878501041E-14));
#4099=CARTESIAN_POINT('',(-3.4899018050753,-1.97066809781436,-0.325506630583613));
#4100=CARTESIAN_POINT('',(-3.44459084788709,-1.98300286229539,-0.648199865993411));
#4101=CARTESIAN_POINT('',(-3.36950785425916,-1.99533762677641,-0.965290627587526));
#4102=CARTESIAN_POINT('',(-3.26530177604597,-2.00767239125744,-1.27403825961772));
#4103=CARTESIAN_POINT('',(-3.13287327962809,-2.02000715573846,-1.57177421706295));
#4104=CARTESIAN_POINT('',(-2.97336696131442,-2.03234192021949,-1.85592513021204));
#4105=CARTESIAN_POINT('',(-2.78816145453943,-2.04467668470052,-2.12403504659165));
#4106=CARTESIAN_POINT('',(-2.57885751382868,-2.05701144918154,-2.37378665820068));
#4107=CARTESIAN_POINT('',(-2.34726418050755,-2.06934621366257,-2.60302132983094));
#4108=CARTESIAN_POINT('',(-2.09538314232341,-2.08168097814359,-2.80975775816788));
#4109=CARTESIAN_POINT('',(-1.82539144978574,-2.09401574262462,-2.9922090899448));
#4110=CARTESIAN_POINT('',(-1.53962263551876,-2.10635050710565,-3.14879839020869));
#4111=CARTESIAN_POINT('',(-1.34023873487522,-2.11457368342633,-3.23504758434141));
#4112=CARTESIAN_POINT('',(-1.23875967761336,-2.11868527158667,-3.27344993258171));
#4113=FACE_BOUND('',#4114,.T.);
#4114=EDGE_LOOP('',(#5470,#5471,#5472,#5473));
#4115=B_SPLINE_SURFACE_WITH_KNOTS('',1,3,(
(#4116,#4117,#4118,#4119,#4120,#4121,#4122,#4123,#4124,#4125,#4126,#4127,#4128,#4129,
#4130,#4131,#4132,#4133,#4134,#4135,#4136,#4137,#4138,#4139,#4140,#4141,#4142,#4143,
#4144),
(#4145,#4146,#4147,#4148,#4149,#4150,#4151,#4152,#4153,#4154,#4155,#4156,#4157,#4158,
#4159,#4160,#4161,#4162,#4163,#4164,#4165,#4166,#4167,#4168,#4169,#4170,#4171,#4172,
#4173)),
.UNSPECIFIED.,.F.,.F.,.F.,
(2,2),
(4,1,1,1,1,1,1,1,1,1,1,1,1,1,1,1,1,1,1,1,1,1,1,1,1,1,4),
(0.,1.),
(8.215752829876,8.30875476302164,8.40175669616729,8.49475862931294,8.58776056245858,
8.68076249560423,8.77376442874987,8.86676636189552,8.95976829504116,9.05277022818681,
9.14577216133245,9.2387740944781,9.33177602762374,9.42477796076939,9.51777989391503,
9.61078182706068,9.70378376020632,9.79678569335197,9.88978762649761,9.98278955964326,
10.0757914927889,10.1687934259346,10.2617953590802,10.3547972922258,10.4477992253715,
10.5408011585171,10.6338030916628),
.UNSPECIFIED.);
#4116=CARTESIAN_POINT('',(-1.23875967761336,-1.21464806174666,3.27344993258171));
#4117=CARTESIAN_POINT('',(-1.34023873487522,-1.218759649907,3.23504758434141));
#4118=CARTESIAN_POINT('',(-1.53962263551876,-1.22698282622769,3.14879839020869));
#4119=CARTESIAN_POINT('',(-1.82539144978575,-1.23931759070871,2.9922090899448));
#4120=CARTESIAN_POINT('',(-2.09538314232342,-1.25165235518974,2.80975775816787));
#4121=CARTESIAN_POINT('',(-2.34726418050757,-1.26398711967077,2.60302132983093));
#4122=CARTESIAN_POINT('',(-2.5788575138287,-1.27632188415179,2.37378665820065));
#4123=CARTESIAN_POINT('',(-2.78816145453945,-1.28865664863282,2.12403504659163));
#4124=CARTESIAN_POINT('',(-2.97336696131444,-1.30099141311384,1.85592513021201));
#4125=CARTESIAN_POINT('',(-3.13287327962811,-1.31332617759487,1.57177421706291));
#4126=CARTESIAN_POINT('',(-3.26530177604599,-1.3256609420759,1.27403825961767));
#4127=CARTESIAN_POINT('',(-3.36950785425917,-1.33799570655692,0.965290627587471));
#4128=CARTESIAN_POINT('',(-3.4445908478871,-1.35033047103795,0.648199865993352));
#4129=CARTESIAN_POINT('',(-3.4899018050753,-1.36266523551898,0.325506630583553));
#4130=CARTESIAN_POINT('',(-3.50504909746235,-1.375,-3.01147995429574E-14));
#4131=CARTESIAN_POINT('',(-3.4899018050753,-1.38733476448103,-0.325506630583614));
#4132=CARTESIAN_POINT('',(-3.44459084788709,-1.39966952896205,-0.648199865993411));
#4133=CARTESIAN_POINT('',(-3.36950785425916,-1.41200429344308,-0.965290627587529));
#4134=CARTESIAN_POINT('',(-3.26530177604597,-1.42433905792411,-1.27403825961773));
#4135=CARTESIAN_POINT('',(-3.13287327962808,-1.43667382240513,-1.57177421706296));
#4136=CARTESIAN_POINT('',(-2.9733669613144,-1.44900858688616,-1.85592513021206));
#4137=CARTESIAN_POINT('',(-2.78816145453942,-1.46134335136718,-2.12403504659168));
#4138=CARTESIAN_POINT('',(-2.57885751382866,-1.47367811584821,-2.3737866582007));
#4139=CARTESIAN_POINT('',(-2.34726418050752,-1.48601288032924,-2.60302132983097));
#4140=CARTESIAN_POINT('',(-2.09538314232337,-1.49834764481026,-2.8097577581679));
#4141=CARTESIAN_POINT('',(-1.8253914497857,-1.51068240929129,-2.99220908994483));
#4142=CARTESIAN_POINT('',(-1.53962263551873,-1.52301717377231,-3.14879839020871));
#4143=CARTESIAN_POINT('',(-1.3402387348752,-1.531240350093,-3.23504758434142));
#4144=CARTESIAN_POINT('',(-1.23875967761335,-1.53535193825334,-3.27344993258172));
#4145=CARTESIAN_POINT('',(-1.29903810410493,-1.18461762405953,3.43273701198933));
#4146=CARTESIAN_POINT('',(-1.40545516347013,-1.18872921221987,3.39246599368546));
#4147=CARTESIAN_POINT('',(-1.61454114597486,-1.19695238854055,3.30201988726827));
#4148=CARTESIAN_POINT('',(-1.91421555853963,-1.20928715302158,3.13781090354526));
#4149=CARTESIAN_POINT('',(-2.19734512978459,-1.22162191750261,2.94648143391032));
#4150=CARTESIAN_POINT('',(-2.46148277667112,-1.23395668198363,2.72968514745574));
#4151=CARTESIAN_POINT('',(-2.7043455127431,-1.24629144646466,2.48929584627714));
#4152=CARTESIAN_POINT('',(-2.9238342475124,-1.25862621094568,2.22739124451709));
#4153=CARTESIAN_POINT('',(-3.11805191114696,-1.27096097542671,1.94623501723616));
#4154=CARTESIAN_POINT('',(-3.28531985591423,-1.28329573990774,1.64825723335474));
#4155=CARTESIAN_POINT('',(-3.42419236365325,-1.29563050438876,1.33603335274806));
#4156=CARTESIAN_POINT('',(-3.53346914164708,-1.30796526886979,1.01226196608804));
#4157=CARTESIAN_POINT('',(-3.61220569681238,-1.32030003335081,0.679741470616294));
#4158=CARTESIAN_POINT('',(-3.65972149909805,-1.33263479783184,0.341345883231775));
#4159=CARTESIAN_POINT('',(-3.67560586338628,-1.34496956231287,-3.16691117774326E-14));
#4160=CARTESIAN_POINT('',(-3.65972149909804,-1.35730432679389,-0.341345883231838));
#4161=CARTESIAN_POINT('',(-3.61220569681237,-1.36963909127492,-0.679741470616356));
#4162=CARTESIAN_POINT('',(-3.53346914164706,-1.38197385575595,-1.0122619660881));
#4163=CARTESIAN_POINT('',(-3.42419236365323,-1.39430862023697,-1.33603335274812));
#4164=CARTESIAN_POINT('',(-3.2853198559142,-1.406643384718,-1.6482572333548));
#4165=CARTESIAN_POINT('',(-3.11805191114693,-1.41897814919902,-1.94623501723621));
#4166=CARTESIAN_POINT('',(-2.92383424751236,-1.43131291368005,-2.22739124451714));
#4167=CARTESIAN_POINT('',(-2.70434551274305,-1.44364767816108,-2.48929584627719));
#4168=CARTESIAN_POINT('',(-2.46148277667107,-1.4559824426421,-2.72968514745578));
#4169=CARTESIAN_POINT('',(-2.19734512978454,-1.46831720712313,-2.94648143391035));
#4170=CARTESIAN_POINT('',(-1.91421555853957,-1.48065197160416,-3.1378109035453));
#4171=CARTESIAN_POINT('',(-1.61454114597482,-1.49298673608518,-3.30201988726828));
#4172=CARTESIAN_POINT('',(-1.40545516347011,-1.50120991240586,-3.39246599368547));
#4173=CARTESIAN_POINT('',(-1.29903810410492,-1.50532150056621,-3.43273701198933));
#4174=FACE_BOUND('',#4175,.T.);
#4175=EDGE_LOOP('',(#5474,#5475,#5476,#5477));
#4176=(BOUNDED_SURFACE()B_SPLINE_SURFACE(3,3,(
(#4177,#4178,#4179,#4180,#4181,#4182,#4183,#4184,#4185,#4186,#4187,#4188,#4189,#4190,
#4191,#4192,#4193,#4194,#4195,#4196,#4197,#4198,#4199,#4200,#4201,#4202,#4203,#4204,
#4205),
(#4206,#4207,#4208,#4209,#4210,#4211,#4212,#4213,#4214,#4215,#4216,#4217,#4218,#4219,
#4220,#4221,#4222,#4223,#4224,#4225,#4226,#4227,#4228,#4229,#4230,#4231,#4232,#4233,
#4234),
(#4235,#4236,#4237,#4238,#4239,#4240,#4241,#4242,#4243,#4244,#4245,#4246,#4247,#4248,
#4249,#4250,#4251,#4252,#4253,#4254,#4255,#4256,#4257,#4258,#4259,#4260,#4261,#4262,
#4263),
(#4264,#4265,#4266,#4267,#4268,#4269,#4270,#4271,#4272,#4273,#4274,#4275,#4276,#4277,
#4278,#4279,#4280,#4281,#4282,#4283,#4284,#4285,#4286,#4287,#4288,#4289,#4290,#4291,
#4292)),
.UNSPECIFIED.,.F.,.F.,.F.)B_SPLINE_SURFACE_WITH_KNOTS((4,4),
(4,1,1,1,1,1,1,1,1,1,1,1,1,1,1,1,1,1,1,1,1,1,1,1,1,1,4),
(0.,2.79252680319093),
(8.20772320454472,8.30134280049544,8.39496239644617,8.48858199239689,8.58220158834761,
8.67582118429834,8.76944078024906,8.86306037619979,8.95667997215051,9.05029956810123,
9.14391916405196,9.23753876000268,9.3311583559534,9.42477795190413,9.51839754785485,
9.61201714380558,9.7056367397563,9.79925633570702,9.89287593165775,9.98649552760847,
10.0801151235592,10.1737347195099,10.2673543154606,10.3609739114114,10.4545935073621,
10.5482131033128,10.6418326992635),
.UNSPECIFIED.)GEOMETRIC_REPRESENTATION_ITEM()RATIONAL_B_SPLINE_SURFACE((
(1.,1.,1.,1.,1.,1.,1.,1.,1.,1.,1.,1.,1.,1.,1.,1.,1.,1.,1.,1.,1.,1.,1.,1.,1.,1.,1.,
1.,1.),
(0.449098785111286,0.449098785111286,0.449098785111286,0.449098785111286,0.449098785111286,
0.449098785111286,0.449098785111286,0.449098785111286,0.449098785111286,0.449098785111286,
0.449098785111286,0.449098785111286,0.449098785111286,0.449098785111286,0.449098785111286,
0.449098785111286,0.449098785111286,0.449098785111286,0.449098785111286,0.449098785111286,
0.449098785111286,0.449098785111286,0.449098785111286,0.449098785111286,0.449098785111286,
0.449098785111286,0.449098785111286,0.449098785111286,0.449098785111286),
(0.449098785111286,0.449098785111286,0.449098785111286,0.449098785111286,0.449098785111286,
0.449098785111286,0.449098785111286,0.449098785111286,0.449098785111286,0.449098785111286,
0.449098785111286,0.449098785111286,0.449098785111286,0.449098785111286,0.449098785111286,
0.449098785111286,0.449098785111286,0.449098785111286,0.449098785111286,0.449098785111286,
0.449098785111286,0.449098785111286,0.449098785111286,0.449098785111286,0.449098785111286,
0.449098785111286,0.449098785111286,0.449098785111286,0.449098785111286),
(1.,1.,1.,1.,1.,1.,1.,1.,1.,1.,1.,1.,1.,1.,1.,1.,1.,1.,1.,1.,1.,1.,1.,1.,1.,1.,1.,
1.,1.)))REPRESENTATION_ITEM('')SURFACE());
#4177=CARTESIAN_POINT('',(-1.27143293079025,-1.18355266192399,3.44305702710543));
#4178=CARTESIAN_POINT('',(-1.37887880002788,-1.1876915567756,3.40338001468575));
#4179=CARTESIAN_POINT('',(-1.59005311977736,-1.19596934647884,3.31395966057763));
#4180=CARTESIAN_POINT('',(-1.89288867760136,-1.20838603103369,3.15080466449313));
#4181=CARTESIAN_POINT('',(-2.1791458486096,-1.22080271558854,2.96005421207473));
#4182=CARTESIAN_POINT('',(-2.44631757029263,-1.2332194001434,2.74337892346437));
#4183=CARTESIAN_POINT('',(-2.69206387989548,-1.24563608469825,2.50267649476115));
#4184=CARTESIAN_POINT('',(-2.91423247806229,-1.2580527692531,2.24005505182036));
#4185=CARTESIAN_POINT('',(-3.110877560487,-1.27046945380796,1.95781469370239));
#4186=CARTESIAN_POINT('',(-3.28027686471849,-1.28288613836281,1.65842734602999));
#4187=CARTESIAN_POINT('',(-3.42094675278846,-1.29530282291766,1.34451511179271));
#4188=CARTESIAN_POINT('',(-3.53165520561192,-1.30771950747252,1.01882730623561));
#4189=CARTESIAN_POINT('',(-3.61143261319631,-1.32013619202737,0.684216377762156));
#4190=CARTESIAN_POINT('',(-3.65958026673363,-1.33255287658222,0.343612925528184));
#4191=CARTESIAN_POINT('',(-3.67567647804538,-1.34496956113708,3.25857979488475E-8));
#4192=CARTESIAN_POINT('',(-3.65958027282606,-1.35738624569193,-0.343612860641983));
#4193=CARTESIAN_POINT('',(-3.61143262532781,-1.36980293024678,-0.684216313729636));
#4194=CARTESIAN_POINT('',(-3.53165522367625,-1.38221961480163,-1.01882724361759));
#4195=CARTESIAN_POINT('',(-3.42094677662739,-1.39463629935649,-1.3445150511376));
#4196=CARTESIAN_POINT('',(-3.28027689412324,-1.40705298391134,-1.65842728786903));
#4197=CARTESIAN_POINT('',(-3.11087759520004,-1.41946966846619,-1.95781463854496));
#4198=CARTESIAN_POINT('',(-2.91423251777959,-1.43188635302105,-2.24005500014955));
#4199=CARTESIAN_POINT('',(-2.69206392426919,-1.4443030375759,-2.5026764470295));
#4200=CARTESIAN_POINT('',(-2.44631761893412,-1.45671972213075,-2.74337888008993));
#4201=CARTESIAN_POINT('',(-2.17914590109285,-1.46913640668561,-2.96005417343738));
#4202=CARTESIAN_POINT('',(-1.89288873346672,-1.48155309124046,-3.15080463093126));
#4203=CARTESIAN_POINT('',(-1.59005317853553,-1.49396977579531,-3.31395963238519));
#4204=CARTESIAN_POINT('',(-1.37887886037152,-1.50224756549855,-3.40337999023754));
#4205=CARTESIAN_POINT('',(-1.27143299183737,-1.50638646035017,-3.44305700456228));
#4206=CARTESIAN_POINT('',(-1.31952720084291,-1.15907209183387,3.57329694024452));
#4207=CARTESIAN_POINT('',(-1.43103740609546,-1.16321098668549,3.53211907244822));
#4208=CARTESIAN_POINT('',(-1.65019977972985,-1.17148877638872,3.43931623031849));
#4209=CARTESIAN_POINT('',(-1.96449064498441,-1.18390546094357,3.26998959886723));
#4210=CARTESIAN_POINT('',(-2.26157601569833,-1.19632214549843,3.0720236626045));
#4211=CARTESIAN_POINT('',(-2.53885399514918,-1.20873883005328,2.84715223592676));
#4212=CARTESIAN_POINT('',(-2.79389610722203,-1.22115551460813,2.59734479875));
#4213=CARTESIAN_POINT('',(-3.02446863791151,-1.23357219916299,2.32478922063578));
#4214=CARTESIAN_POINT('',(-3.22855217931398,-1.24598888371784,2.03187260608748));
#4215=CARTESIAN_POINT('',(-3.40435932125924,-1.25840556827269,1.721160385824));
#4216=CARTESIAN_POINT('',(-3.55035030446625,-1.27082225282755,1.39537384866391));
#4217=CARTESIAN_POINT('',(-3.66524650648063,-1.2832389373824,1.05736630771693));
#4218=CARTESIAN_POINT('',(-3.74804164004296,-1.29565562193725,0.71009811045103));
#4219=CARTESIAN_POINT('',(-3.79801056640997,-1.30807230649211,0.356610711281354));
#4220=CARTESIAN_POINT('',(-3.81471564627854,-1.32048899104696,3.38184151932319E-8));
#4221=CARTESIAN_POINT('',(-3.79801057273286,-1.33290567560181,-0.356610643940713));
#4222=CARTESIAN_POINT('',(-3.74804165263336,-1.34532236015666,-0.710098043996363));
#4223=CARTESIAN_POINT('',(-3.66524652522826,-1.35773904471152,-1.05736624273026));
#4224=CARTESIAN_POINT('',(-3.55035032920694,-1.37015572926637,-1.39537378571441));
#4225=CARTESIAN_POINT('',(-3.40435935177628,-1.38257241382122,-1.72116032546299));
#4226=CARTESIAN_POINT('',(-3.2285522153401,-1.39498909837608,-2.03187254884362));
#4227=CARTESIAN_POINT('',(-3.02446867913119,-1.40740578293093,-2.32478916701043));
#4228=CARTESIAN_POINT('',(-2.79389615327426,-1.41982246748578,-2.59734474921281));
#4229=CARTESIAN_POINT('',(-2.53885404563062,-1.43223915204064,-2.8471521909116));
#4230=CARTESIAN_POINT('',(-2.26157607016686,-1.44465583659549,-3.07202362250561));
#4231=CARTESIAN_POINT('',(-1.96449070296298,-1.45707252115034,-3.26998956403582));
#4232=CARTESIAN_POINT('',(-1.65019984071066,-1.4694892057052,-3.43931620105962));
#4233=CARTESIAN_POINT('',(-1.4310374687217,-1.47776699540843,-3.53211904707521));
#4234=CARTESIAN_POINT('',(-1.31952726419925,-1.48190589026005,-3.57329691684865));
#4235=CARTESIAN_POINT('',(-1.31952720084291,-1.01809410738837,3.57329694024452));
#4236=CARTESIAN_POINT('',(-1.43103740609546,-1.02223300223999,3.53211907244822));
#4237=CARTESIAN_POINT('',(-1.65019977972985,-1.03051079194322,3.43931623031849));
#4238=CARTESIAN_POINT('',(-1.96449064498441,-1.04292747649808,3.26998959886723));
#4239=CARTESIAN_POINT('',(-2.26157601569833,-1.05534416105293,3.0720236626045));
#4240=CARTESIAN_POINT('',(-2.53885399514918,-1.06776084560778,2.84715223592676));
#4241=CARTESIAN_POINT('',(-2.79389610722203,-1.08017753016264,2.59734479875));
#4242=CARTESIAN_POINT('',(-3.02446863791151,-1.09259421471749,2.32478922063578));
#4243=CARTESIAN_POINT('',(-3.22855217931398,-1.10501089927234,2.03187260608748));
#4244=CARTESIAN_POINT('',(-3.40435932125924,-1.1174275838272,1.721160385824));
#4245=CARTESIAN_POINT('',(-3.55035030446625,-1.12984426838205,1.39537384866391));
#4246=CARTESIAN_POINT('',(-3.66524650648063,-1.1422609529369,1.05736630771693));
#4247=CARTESIAN_POINT('',(-3.74804164004296,-1.15467763749175,0.71009811045103));
#4248=CARTESIAN_POINT('',(-3.79801056640997,-1.16709432204661,0.356610711281354));
#4249=CARTESIAN_POINT('',(-3.81471564627854,-1.17951100660146,3.38184151654763E-8));
#4250=CARTESIAN_POINT('',(-3.79801057273286,-1.19192769115631,-0.356610643940713));
#4251=CARTESIAN_POINT('',(-3.74804165263336,-1.20434437571117,-0.710098043996363));
#4252=CARTESIAN_POINT('',(-3.66524652522826,-1.21676106026602,-1.05736624273026));
#4253=CARTESIAN_POINT('',(-3.55035032920694,-1.22917774482087,-1.39537378571441));
#4254=CARTESIAN_POINT('',(-3.40435935177628,-1.24159442937573,-1.72116032546299));
#4255=CARTESIAN_POINT('',(-3.2285522153401,-1.25401111393058,-2.03187254884362));
#4256=CARTESIAN_POINT('',(-3.02446867913119,-1.26642779848543,-2.32478916701043));
#4257=CARTESIAN_POINT('',(-2.79389615327426,-1.27884448304029,-2.59734474921281));
#4258=CARTESIAN_POINT('',(-2.53885404563062,-1.29126116759514,-2.8471521909116));
#4259=CARTESIAN_POINT('',(-2.26157607016686,-1.30367785214999,-3.07202362250561));
#4260=CARTESIAN_POINT('',(-1.96449070296298,-1.31609453670484,-3.26998956403582));
#4261=CARTESIAN_POINT('',(-1.65019984071066,-1.3285112212597,-3.43931620105962));
#4262=CARTESIAN_POINT('',(-1.4310374687217,-1.33678901096293,-3.53211904707521));
#4263=CARTESIAN_POINT('',(-1.31952726419925,-1.34092790581455,-3.57329691684865));
#4264=CARTESIAN_POINT('',(-1.27143293079025,-0.993613537298254,3.44305702710543));
#4265=CARTESIAN_POINT('',(-1.37887880002788,-0.997752432149871,3.40338001468575));
#4266=CARTESIAN_POINT('',(-1.59005311977736,-1.00603022185311,3.31395966057763));
#4267=CARTESIAN_POINT('',(-1.89288867760136,-1.01844690640796,3.15080466449313));
#4268=CARTESIAN_POINT('',(-2.1791458486096,-1.03086359096281,2.96005421207473));
#4269=CARTESIAN_POINT('',(-2.44631757029263,-1.04328027551767,2.74337892346437));
#4270=CARTESIAN_POINT('',(-2.69206387989548,-1.05569696007252,2.50267649476115));
#4271=CARTESIAN_POINT('',(-2.91423247806229,-1.06811364462737,2.24005505182036));
#4272=CARTESIAN_POINT('',(-3.110877560487,-1.08053032918222,1.95781469370239));
#4273=CARTESIAN_POINT('',(-3.28027686471849,-1.09294701373708,1.65842734602999));
#4274=CARTESIAN_POINT('',(-3.42094675278846,-1.10536369829193,1.34451511179271));
#4275=CARTESIAN_POINT('',(-3.53165520561192,-1.11778038284678,1.01882730623561));
#4276=CARTESIAN_POINT('',(-3.61143261319631,-1.13019706740164,0.684216377762156));
#4277=CARTESIAN_POINT('',(-3.65958026673363,-1.14261375195649,0.343612925528185));
#4278=CARTESIAN_POINT('',(-3.67567647804538,-1.15503043651134,3.25857978655808E-8));
#4279=CARTESIAN_POINT('',(-3.65958027282606,-1.1674471210662,-0.343612860641982));
#4280=CARTESIAN_POINT('',(-3.61143262532781,-1.17986380562105,-0.684216313729636));
#4281=CARTESIAN_POINT('',(-3.53165522367625,-1.1922804901759,-1.01882724361759));
#4282=CARTESIAN_POINT('',(-3.42094677662739,-1.20469717473076,-1.3445150511376));
#4283=CARTESIAN_POINT('',(-3.28027689412324,-1.21711385928561,-1.65842728786903));
#4284=CARTESIAN_POINT('',(-3.11087759520004,-1.22953054384046,-1.95781463854496));
#4285=CARTESIAN_POINT('',(-2.91423251777959,-1.24194722839532,-2.24005500014955));
#4286=CARTESIAN_POINT('',(-2.69206392426919,-1.25436391295017,-2.5026764470295));
#4287=CARTESIAN_POINT('',(-2.44631761893412,-1.26678059750502,-2.74337888008993));
#4288=CARTESIAN_POINT('',(-2.17914590109285,-1.27919728205987,-2.96005417343738));
#4289=CARTESIAN_POINT('',(-1.89288873346672,-1.29161396661473,-3.15080463093126));
#4290=CARTESIAN_POINT('',(-1.59005317853553,-1.30403065116958,-3.31395963238519));
#4291=CARTESIAN_POINT('',(-1.37887886037152,-1.31230844087282,-3.40337999023754));
#4292=CARTESIAN_POINT('',(-1.27143299183737,-1.31644733572443,-3.44305700456228));
#4293=FACE_BOUND('',#4294,.T.);
#4294=EDGE_LOOP('',(#5478,#5479,#5480,#5481));
#4295=B_SPLINE_SURFACE_WITH_KNOTS('',1,3,(
(#4296,#4297,#4298,#4299,#4300,#4301,#4302,#4303,#4304,#4305,#4306,#4307,#4308,#4309,
#4310,#4311,#4312,#4313,#4314,#4315,#4316,#4317,#4318,#4319,#4320,#4321,#4322,#4323,
#4324),
(#4325,#4326,#4327,#4328,#4329,#4330,#4331,#4332,#4333,#4334,#4335,#4336,#4337,#4338,
#4339,#4340,#4341,#4342,#4343,#4344,#4345,#4346,#4347,#4348,#4349,#4350,#4351,#4352,
#4353)),
.UNSPECIFIED.,.F.,.F.,.F.,
(2,2),
(4,1,1,1,1,1,1,1,1,1,1,1,1,1,1,1,1,1,1,1,1,1,1,1,1,1,4),
(0.,1.),
(8.215752829876,8.30875476302164,8.40175669616729,8.49475862931294,8.58776056245858,
8.68076249560423,8.77376442874987,8.86676636189552,8.95976829504116,9.05277022818681,
9.14577216133245,9.2387740944781,9.33177602762374,9.42477796076939,9.51777989391503,
9.61078182706068,9.70378376020632,9.79678569335197,9.88978762649761,9.98278955964326,
10.0757914927889,10.1687934259346,10.2617953590802,10.3547972922258,10.4477992253715,
10.5408011585171,10.6338030916628),
.UNSPECIFIED.);
#4296=CARTESIAN_POINT('',(-1.29903810410493,-0.994678499433795,3.43273701198933));
#4297=CARTESIAN_POINT('',(-1.40545516347013,-0.998790087594137,3.39246599368546));
#4298=CARTESIAN_POINT('',(-1.61454114597486,-1.00701326391482,3.30201988726827));
#4299=CARTESIAN_POINT('',(-1.91421555853963,-1.01934802839585,3.13781090354526));
#4300=CARTESIAN_POINT('',(-2.19734512978459,-1.03168279287687,2.94648143391032));
#4301=CARTESIAN_POINT('',(-2.46148277667112,-1.0440175573579,2.72968514745574));
#4302=CARTESIAN_POINT('',(-2.7043455127431,-1.05635232183893,2.48929584627714));
#4303=CARTESIAN_POINT('',(-2.9238342475124,-1.06868708631995,2.22739124451709));
#4304=CARTESIAN_POINT('',(-3.11805191114696,-1.08102185080098,1.94623501723616));
#4305=CARTESIAN_POINT('',(-3.28531985591423,-1.093356615282,1.64825723335474));
#4306=CARTESIAN_POINT('',(-3.42419236365325,-1.10569137976303,1.33603335274806));
#4307=CARTESIAN_POINT('',(-3.53346914164708,-1.11802614424406,1.01226196608804));
#4308=CARTESIAN_POINT('',(-3.61220569681238,-1.13036090872508,0.679741470616294));
#4309=CARTESIAN_POINT('',(-3.65972149909805,-1.14269567320611,0.341345883231775));
#4310=CARTESIAN_POINT('',(-3.67560586338628,-1.15503043768714,-3.16829895652404E-14));
#4311=CARTESIAN_POINT('',(-3.65972149909804,-1.16736520216816,-0.341345883231838));
#4312=CARTESIAN_POINT('',(-3.61220569681237,-1.17969996664919,-0.679741470616356));
#4313=CARTESIAN_POINT('',(-3.53346914164706,-1.19203473113021,-1.0122619660881));
#4314=CARTESIAN_POINT('',(-3.42419236365323,-1.20436949561124,-1.33603335274812));
#4315=CARTESIAN_POINT('',(-3.2853198559142,-1.21670426009227,-1.6482572333548));
#4316=CARTESIAN_POINT('',(-3.11805191114693,-1.22903902457329,-1.94623501723621));
#4317=CARTESIAN_POINT('',(-2.92383424751236,-1.24137378905432,-2.22739124451714));
#4318=CARTESIAN_POINT('',(-2.70434551274305,-1.25370855353534,-2.48929584627719));
#4319=CARTESIAN_POINT('',(-2.46148277667107,-1.26604331801637,-2.72968514745578));
#4320=CARTESIAN_POINT('',(-2.19734512978454,-1.2783780824974,-2.94648143391035));
#4321=CARTESIAN_POINT('',(-1.91421555853957,-1.29071284697842,-3.1378109035453));
#4322=CARTESIAN_POINT('',(-1.61454114597482,-1.30304761145945,-3.30201988726828));
#4323=CARTESIAN_POINT('',(-1.40545516347011,-1.31127078778013,-3.39246599368546));
#4324=CARTESIAN_POINT('',(-1.29903810410493,-1.31538237594047,-3.43273701198933));
#4325=CARTESIAN_POINT('',(-1.23875967761336,-0.964648061746661,3.27344993258171));
#4326=CARTESIAN_POINT('',(-1.34023873487522,-0.968759649907003,3.23504758434141));
#4327=CARTESIAN_POINT('',(-1.53962263551876,-0.976982826227687,3.14879839020869));
#4328=CARTESIAN_POINT('',(-1.82539144978575,-0.989317590708713,2.9922090899448));
#4329=CARTESIAN_POINT('',(-2.09538314232342,-1.00165235518974,2.80975775816787));
#4330=CARTESIAN_POINT('',(-2.34726418050757,-1.01398711967077,2.60302132983093));
#4331=CARTESIAN_POINT('',(-2.5788575138287,-1.02632188415179,2.37378665820065));
#4332=CARTESIAN_POINT('',(-2.78816145453945,-1.03865664863282,2.12403504659163));
#4333=CARTESIAN_POINT('',(-2.97336696131444,-1.05099141311384,1.85592513021201));
#4334=CARTESIAN_POINT('',(-3.13287327962811,-1.06332617759487,1.57177421706291));
#4335=CARTESIAN_POINT('',(-3.26530177604599,-1.0756609420759,1.27403825961768));
#4336=CARTESIAN_POINT('',(-3.36950785425917,-1.08799570655692,0.965290627587471));
#4337=CARTESIAN_POINT('',(-3.4445908478871,-1.10033047103795,0.648199865993352));
#4338=CARTESIAN_POINT('',(-3.4899018050753,-1.11266523551898,0.325506630583553));
#4339=CARTESIAN_POINT('',(-3.50504909746235,-1.125,-3.02119440576121E-14));
#4340=CARTESIAN_POINT('',(-3.4899018050753,-1.13733476448103,-0.325506630583613));
#4341=CARTESIAN_POINT('',(-3.44459084788709,-1.14966952896205,-0.648199865993411));
#4342=CARTESIAN_POINT('',(-3.36950785425916,-1.16200429344308,-0.965290627587529));
#4343=CARTESIAN_POINT('',(-3.26530177604597,-1.17433905792411,-1.27403825961773));
#4344=CARTESIAN_POINT('',(-3.13287327962808,-1.18667382240513,-1.57177421706296));
#4345=CARTESIAN_POINT('',(-2.9733669613144,-1.19900858688616,-1.85592513021206));
#4346=CARTESIAN_POINT('',(-2.78816145453942,-1.21134335136718,-2.12403504659168));
#4347=CARTESIAN_POINT('',(-2.57885751382866,-1.22367811584821,-2.3737866582007));
#4348=CARTESIAN_POINT('',(-2.34726418050752,-1.23601288032924,-2.60302132983097));
#4349=CARTESIAN_POINT('',(-2.09538314232337,-1.24834764481026,-2.8097577581679));
#4350=CARTESIAN_POINT('',(-1.8253914497857,-1.26068240929129,-2.99220908994483));
#4351=CARTESIAN_POINT('',(-1.53962263551873,-1.27301717377231,-3.14879839020871));
#4352=CARTESIAN_POINT('',(-1.3402387348752,-1.281240350093,-3.23504758434142));
#4353=CARTESIAN_POINT('',(-1.23875967761336,-1.28535193825334,-3.27344993258171));
#4354=FACE_BOUND('',#4355,.T.);
#4355=EDGE_LOOP('',(#5482,#5483,#5484,#5485));
#4356=B_SPLINE_SURFACE_WITH_KNOTS('',1,3,(
(#4357,#4358,#4359,#4360,#4361,#4362,#4363,#4364,#4365,#4366,#4367,#4368,#4369,#4370,
#4371,#4372,#4373,#4374,#4375,#4376,#4377,#4378,#4379,#4380,#4381,#4382,#4383,#4384,
#4385),
(#4386,#4387,#4388,#4389,#4390,#4391,#4392,#4393,#4394,#4395,#4396,#4397,#4398,#4399,
#4400,#4401,#4402,#4403,#4404,#4405,#4406,#4407,#4408,#4409,#4410,#4411,#4412,#4413,
#4414)),
.UNSPECIFIED.,.F.,.F.,.F.,
(2,2),
(4,1,1,1,1,1,1,1,1,1,1,1,1,1,1,1,1,1,1,1,1,1,1,1,1,1,4),
(0.,1.),
(1.93256752269641,2.02556945584206,2.1185713889877,2.21157332213335,2.30457525527899,
2.39757718842464,2.49057912157028,2.58358105471592,2.67658298786157,2.76958492100721,
2.86258685415286,2.9555887872985,3.04859072044415,3.14159265358979,3.23459458673543,
3.32759651988108,3.42059845302672,3.51360038617237,3.60660231931801,3.69960425246366,
3.7926061856093,3.88560811875495,3.97861005190059,4.07161198504623,4.16461391819188,
4.25761585133752,4.35061778448317),
.UNSPECIFIED.);
#4357=CARTESIAN_POINT('',(-1.23875967761336,-0.381314728413327,3.27344993258171));
#4358=CARTESIAN_POINT('',(-1.34023873487522,-0.385426316573669,3.23504758434141));
#4359=CARTESIAN_POINT('',(-1.53962263551876,-0.393649492894353,3.14879839020869));
#4360=CARTESIAN_POINT('',(-1.82539144978575,-0.405984257375379,2.9922090899448));
#4361=CARTESIAN_POINT('',(-2.09538314232342,-0.418319021856405,2.80975775816787));
#4362=CARTESIAN_POINT('',(-2.34726418050756,-0.430653786337431,2.60302132983093));
#4363=CARTESIAN_POINT('',(-2.57885751382869,-0.442988550818458,2.37378665820066));
#4364=CARTESIAN_POINT('',(-2.78816145453944,-0.455323315299484,2.12403504659164));
#4365=CARTESIAN_POINT('',(-2.97336696131443,-0.46765807978051,1.85592513021203));
#4366=CARTESIAN_POINT('',(-3.1328732796281,-0.479992844261536,1.57177421706293));
#4367=CARTESIAN_POINT('',(-3.26530177604598,-0.492327608742562,1.2740382596177));
#4368=CARTESIAN_POINT('',(-3.36950785425917,-0.504662373223588,0.9652906275875));
#4369=CARTESIAN_POINT('',(-3.4445908478871,-0.516997137704614,0.648199865993385));
#4370=CARTESIAN_POINT('',(-3.4899018050753,-0.529331902185641,0.32550663058359));
#4371=CARTESIAN_POINT('',(-3.50504909746235,-0.541666666666666,9.36750677027476E-15));
#4372=CARTESIAN_POINT('',(-3.4899018050753,-0.554001431147693,-0.325506630583571));
#4373=CARTESIAN_POINT('',(-3.4445908478871,-0.566336195628719,-0.648199865993367));
#4374=CARTESIAN_POINT('',(-3.36950785425917,-0.578670960109745,-0.965290627587482));
#4375=CARTESIAN_POINT('',(-3.26530177604599,-0.591005724590771,-1.27403825961768));
#4376=CARTESIAN_POINT('',(-3.13287327962811,-0.603340489071797,-1.57177421706291));
#4377=CARTESIAN_POINT('',(-2.97336696131444,-0.615675253552823,-1.85592513021201));
#4378=CARTESIAN_POINT('',(-2.78816145453945,-0.628010018033849,-2.12403504659163));
#4379=CARTESIAN_POINT('',(-2.5788575138287,-0.640344782514875,-2.37378665820065));
#4380=CARTESIAN_POINT('',(-2.34726418050758,-0.652679546995901,-2.60302132983092));
#4381=CARTESIAN_POINT('',(-2.09538314232343,-0.665014311476928,-2.80975775816786));
#4382=CARTESIAN_POINT('',(-1.82539144978576,-0.677349075957953,-2.99220908994479));
#4383=CARTESIAN_POINT('',(-1.53962263551877,-0.68968384043898,-3.14879839020869));
#4384=CARTESIAN_POINT('',(-1.34023873487523,-0.697907016759664,-3.23504758434141));
#4385=CARTESIAN_POINT('',(-1.23875967761336,-0.702018604920006,-3.27344993258171));
#4386=CARTESIAN_POINT('',(-1.29903810410492,-0.351284290726193,3.43273701198933));
#4387=CARTESIAN_POINT('',(-1.40545516347013,-0.355395878886535,3.39246599368546));
#4388=CARTESIAN_POINT('',(-1.61454114597486,-0.363619055207219,3.30201988726827));
#4389=CARTESIAN_POINT('',(-1.91421555853962,-0.375953819688245,3.13781090354526));
#4390=CARTESIAN_POINT('',(-2.19734512978458,-0.388288584169271,2.94648143391032));
#4391=CARTESIAN_POINT('',(-2.46148277667111,-0.400623348650297,2.72968514745575));
#4392=CARTESIAN_POINT('',(-2.70434551274309,-0.412958113131323,2.48929584627715));
#4393=CARTESIAN_POINT('',(-2.92383424751239,-0.42529287761235,2.2273912445171));
#4394=CARTESIAN_POINT('',(-3.11805191114695,-0.437627642093376,1.94623501723618));
#4395=CARTESIAN_POINT('',(-3.28531985591422,-0.449962406574402,1.64825723335476));
#4396=CARTESIAN_POINT('',(-3.42419236365324,-0.462297171055428,1.33603335274809));
#4397=CARTESIAN_POINT('',(-3.53346914164708,-0.474631935536454,1.01226196608807));
#4398=CARTESIAN_POINT('',(-3.61220569681237,-0.48696670001748,0.679741470616328));
#4399=CARTESIAN_POINT('',(-3.65972149909805,-0.499301464498506,0.341345883231813));
#4400=CARTESIAN_POINT('',(-3.67560586338628,-0.511636228979532,9.83935155574045E-15));
#4401=CARTESIAN_POINT('',(-3.65972149909805,-0.523970993460558,-0.341345883231794));
#4402=CARTESIAN_POINT('',(-3.61220569681238,-0.536305757941585,-0.679741470616309));
#4403=CARTESIAN_POINT('',(-3.53346914164708,-0.548640522422611,-1.01226196608805));
#4404=CARTESIAN_POINT('',(-3.42419236365325,-0.560975286903637,-1.33603335274807));
#4405=CARTESIAN_POINT('',(-3.28531985591423,-0.573310051384663,-1.64825723335474));
#4406=CARTESIAN_POINT('',(-3.11805191114696,-0.585644815865689,-1.94623501723616));
#4407=CARTESIAN_POINT('',(-2.9238342475124,-0.597979580346715,-2.22739124451709));
#4408=CARTESIAN_POINT('',(-2.7043455127431,-0.610314344827741,-2.48929584627713));
#4409=CARTESIAN_POINT('',(-2.46148277667113,-0.622649109308767,-2.72968514745573));
#4410=CARTESIAN_POINT('',(-2.1973451297846,-0.634983873789793,-2.94648143391031));
#4411=CARTESIAN_POINT('',(-1.91421555853964,-0.647318638270819,-3.13781090354525));
#4412=CARTESIAN_POINT('',(-1.61454114597487,-0.659653402751846,-3.30201988726826));
#4413=CARTESIAN_POINT('',(-1.40545516347014,-0.66787657907253,-3.39246599368545));
#4414=CARTESIAN_POINT('',(-1.29903810410493,-0.671988167232872,-3.43273701198933));
#4415=FACE_BOUND('',#4416,.T.);
#4416=EDGE_LOOP('',(#5486,#5487,#5488,#5489));
#4417=(BOUNDED_SURFACE()B_SPLINE_SURFACE(3,3,(
(#4418,#4419,#4420,#4421,#4422,#4423,#4424,#4425,#4426,#4427,#4428,#4429,#4430,#4431,
#4432,#4433,#4434,#4435,#4436,#4437,#4438,#4439,#4440,#4441,#4442,#4443,#4444,#4445,
#4446),
(#4447,#4448,#4449,#4450,#4451,#4452,#4453,#4454,#4455,#4456,#4457,#4458,#4459,#4460,
#4461,#4462,#4463,#4464,#4465,#4466,#4467,#4468,#4469,#4470,#4471,#4472,#4473,#4474,
#4475),
(#4476,#4477,#4478,#4479,#4480,#4481,#4482,#4483,#4484,#4485,#4486,#4487,#4488,#4489,
#4490,#4491,#4492,#4493,#4494,#4495,#4496,#4497,#4498,#4499,#4500,#4501,#4502,#4503,
#4504),
(#4505,#4506,#4507,#4508,#4509,#4510,#4511,#4512,#4513,#4514,#4515,#4516,#4517,#4518,
#4519,#4520,#4521,#4522,#4523,#4524,#4525,#4526,#4527,#4528,#4529,#4530,#4531,#4532,
#4533)),
.UNSPECIFIED.,.F.,.F.,.F.)B_SPLINE_SURFACE_WITH_KNOTS((4,4),
(4,1,1,1,1,1,1,1,1,1,1,1,1,1,1,1,1,1,1,1,1,1,1,1,1,1,4),
(0.,2.79252680319093),
(1.92453789736513,2.01815749331586,2.11177708926658,2.2053966852173,2.29901628116803,
2.39263587711875,2.48625547306948,2.5798750690202,2.67349466497092,2.76711426092165,
2.86073385687237,2.95435345282309,3.04797304877382,3.14159264472454,3.23521224067527,
3.32883183662599,3.42245143257671,3.51607102852744,3.60969062447816,3.70331022042888,
3.79692981637961,3.89054941233033,3.98416900828106,4.07778860423178,4.1714082001825,
4.26502779613323,4.35864739208396),
.UNSPECIFIED.)GEOMETRIC_REPRESENTATION_ITEM()RATIONAL_B_SPLINE_SURFACE((
(1.,1.,1.,1.,1.,1.,1.,1.,1.,1.,1.,1.,1.,1.,1.,1.,1.,1.,1.,1.,1.,1.,1.,1.,1.,1.,1.,
1.,1.),
(0.449098785111286,0.449098785111286,0.449098785111286,0.449098785111286,0.449098785111286,
0.449098785111286,0.449098785111286,0.449098785111286,0.449098785111286,0.449098785111286,
0.449098785111286,0.449098785111286,0.449098785111286,0.449098785111286,0.449098785111286,
0.449098785111286,0.449098785111286,0.449098785111286,0.449098785111286,0.449098785111286,
0.449098785111286,0.449098785111286,0.449098785111286,0.449098785111286,0.449098785111286,
0.449098785111286,0.449098785111286,0.449098785111286,0.449098785111286),
(0.449098785111286,0.449098785111286,0.449098785111286,0.449098785111286,0.449098785111286,
0.449098785111286,0.449098785111286,0.449098785111286,0.449098785111286,0.449098785111286,
0.449098785111286,0.449098785111286,0.449098785111286,0.449098785111286,0.449098785111286,
0.449098785111286,0.449098785111286,0.449098785111286,0.449098785111286,0.449098785111286,
0.449098785111286,0.449098785111286,0.449098785111286,0.449098785111286,0.449098785111286,
0.449098785111286,0.449098785111286,0.449098785111286,0.449098785111286),
(1.,1.,1.,1.,1.,1.,1.,1.,1.,1.,1.,1.,1.,1.,1.,1.,1.,1.,1.,1.,1.,1.,1.,1.,1.,1.,1.,
1.,1.)))REPRESENTATION_ITEM('')SURFACE());
#4418=CARTESIAN_POINT('',(-1.27143293079025,-0.350219328590652,3.44305702710543));
#4419=CARTESIAN_POINT('',(-1.37887880002788,-0.35435822344227,3.40338001468575));
#4420=CARTESIAN_POINT('',(-1.59005311977736,-0.362636013145505,3.31395966057763));
#4421=CARTESIAN_POINT('',(-1.89288867760136,-0.375052697700358,3.15080466449313));
#4422=CARTESIAN_POINT('',(-2.1791458486096,-0.387469382255211,2.96005421207473));
#4423=CARTESIAN_POINT('',(-2.44631757029263,-0.399886066810064,2.74337892346437));
#4424=CARTESIAN_POINT('',(-2.69206387989548,-0.412302751364917,2.50267649476115));
#4425=CARTESIAN_POINT('',(-2.91423247806229,-0.42471943591977,2.24005505182036));
#4426=CARTESIAN_POINT('',(-3.110877560487,-0.437136120474624,1.95781469370239));
#4427=CARTESIAN_POINT('',(-3.28027686471849,-0.449552805029477,1.65842734602999));
#4428=CARTESIAN_POINT('',(-3.42094675278846,-0.46196948958433,1.34451511179271));
#4429=CARTESIAN_POINT('',(-3.53165520561192,-0.474386174139183,1.01882730623561));
#4430=CARTESIAN_POINT('',(-3.61143261319631,-0.486802858694036,0.684216377762155));
#4431=CARTESIAN_POINT('',(-3.65958026673363,-0.499219543248889,0.343612925528183));
#4432=CARTESIAN_POINT('',(-3.67567647804538,-0.511636227803742,3.25857969774024E-8));
#4433=CARTESIAN_POINT('',(-3.65958027282606,-0.524052912358595,-0.343612860641983));
#4434=CARTESIAN_POINT('',(-3.61143262532781,-0.536469596913449,-0.684216313729637));
#4435=CARTESIAN_POINT('',(-3.53165522367624,-0.548886281468301,-1.01882724361759));
#4436=CARTESIAN_POINT('',(-3.42094677662739,-0.561302966023154,-1.3445150511376));
#4437=CARTESIAN_POINT('',(-3.28027689412324,-0.573719650578008,-1.65842728786903));
#4438=CARTESIAN_POINT('',(-3.11087759520004,-0.586136335132861,-1.95781463854496));
#4439=CARTESIAN_POINT('',(-2.91423251777959,-0.598553019687714,-2.24005500014955));
#4440=CARTESIAN_POINT('',(-2.69206392426919,-0.610969704242567,-2.5026764470295));
#4441=CARTESIAN_POINT('',(-2.44631761893412,-0.62338638879742,-2.74337888008993));
#4442=CARTESIAN_POINT('',(-2.17914590109285,-0.635803073352273,-2.96005417343738));
#4443=CARTESIAN_POINT('',(-1.89288873346672,-0.648219757907126,-3.15080463093126));
#4444=CARTESIAN_POINT('',(-1.59005317853553,-0.660636442461979,-3.31395963238519));
#4445=CARTESIAN_POINT('',(-1.37887886037151,-0.668914232165215,-3.40337999023754));
#4446=CARTESIAN_POINT('',(-1.27143299183736,-0.673053127016833,-3.44305700456229));
#4447=CARTESIAN_POINT('',(-1.3195272008429,-0.325738758500535,3.57329694024452));
#4448=CARTESIAN_POINT('',(-1.43103740609546,-0.329877653352152,3.53211907244822));
#4449=CARTESIAN_POINT('',(-1.65019977972985,-0.338155443055388,3.43931623031849));
#4450=CARTESIAN_POINT('',(-1.96449064498441,-0.350572127610241,3.26998959886723));
#4451=CARTESIAN_POINT('',(-2.26157601569833,-0.362988812165094,3.0720236626045));
#4452=CARTESIAN_POINT('',(-2.53885399514918,-0.375405496719947,2.84715223592676));
#4453=CARTESIAN_POINT('',(-2.79389610722203,-0.3878221812748,2.59734479875));
#4454=CARTESIAN_POINT('',(-3.02446863791151,-0.400238865829653,2.32478922063578));
#4455=CARTESIAN_POINT('',(-3.22855217931398,-0.412655550384506,2.03187260608748));
#4456=CARTESIAN_POINT('',(-3.40435932125924,-0.425072234939359,1.721160385824));
#4457=CARTESIAN_POINT('',(-3.55035030446626,-0.437488919494212,1.39537384866391));
#4458=CARTESIAN_POINT('',(-3.66524650648063,-0.449905604049066,1.05736630771693));
#4459=CARTESIAN_POINT('',(-3.74804164004296,-0.462322288603919,0.710098110451029));
#4460=CARTESIAN_POINT('',(-3.79801056640998,-0.474738973158772,0.356610711281353));
#4461=CARTESIAN_POINT('',(-3.81471564627854,-0.487155657713625,3.3818414207909E-8));
#4462=CARTESIAN_POINT('',(-3.79801057273286,-0.499572342268478,-0.356610643940714));
#4463=CARTESIAN_POINT('',(-3.74804165263336,-0.511989026823331,-0.710098043996364));
#4464=CARTESIAN_POINT('',(-3.66524652522826,-0.524405711378184,-1.05736624273026));
#4465=CARTESIAN_POINT('',(-3.55035032920694,-0.536822395933037,-1.39537378571441));
#4466=CARTESIAN_POINT('',(-3.40435935177628,-0.54923908048789,-1.72116032546299));
#4467=CARTESIAN_POINT('',(-3.2285522153401,-0.561655765042743,-2.03187254884362));
#4468=CARTESIAN_POINT('',(-3.02446867913119,-0.574072449597596,-2.32478916701043));
#4469=CARTESIAN_POINT('',(-2.79389615327427,-0.586489134152449,-2.59734474921281));
#4470=CARTESIAN_POINT('',(-2.53885404563062,-0.598905818707303,-2.8471521909116));
#4471=CARTESIAN_POINT('',(-2.26157607016686,-0.611322503262156,-3.07202362250562));
#4472=CARTESIAN_POINT('',(-1.96449070296297,-0.623739187817009,-3.26998956403582));
#4473=CARTESIAN_POINT('',(-1.65019984071066,-0.636155872371862,-3.43931620105962));
#4474=CARTESIAN_POINT('',(-1.43103746872169,-0.644433662075098,-3.53211904707521));
#4475=CARTESIAN_POINT('',(-1.31952726419924,-0.648572556926716,-3.57329691684865));
#4476=CARTESIAN_POINT('',(-1.3195272008429,-0.184760774055037,3.57329694024452));
#4477=CARTESIAN_POINT('',(-1.43103740609546,-0.188899668906655,3.53211907244822));
#4478=CARTESIAN_POINT('',(-1.65019977972985,-0.197177458609891,3.43931623031849));
#4479=CARTESIAN_POINT('',(-1.96449064498441,-0.209594143164744,3.26998959886723));
#4480=CARTESIAN_POINT('',(-2.26157601569833,-0.222010827719597,3.0720236626045));
#4481=CARTESIAN_POINT('',(-2.53885399514918,-0.23442751227445,2.84715223592676));
#4482=CARTESIAN_POINT('',(-2.79389610722203,-0.246844196829303,2.59734479875));
#4483=CARTESIAN_POINT('',(-3.02446863791151,-0.259260881384156,2.32478922063578));
#4484=CARTESIAN_POINT('',(-3.22855217931398,-0.271677565939009,2.03187260608748));
#4485=CARTESIAN_POINT('',(-3.40435932125924,-0.284094250493862,1.721160385824));
#4486=CARTESIAN_POINT('',(-3.55035030446626,-0.296510935048715,1.39537384866391));
#4487=CARTESIAN_POINT('',(-3.66524650648063,-0.308927619603568,1.05736630771693));
#4488=CARTESIAN_POINT('',(-3.74804164004296,-0.321344304158421,0.710098110451029));
#4489=CARTESIAN_POINT('',(-3.79801056640998,-0.333760988713275,0.356610711281353));
#4490=CARTESIAN_POINT('',(-3.81471564627854,-0.346177673268128,3.38184141940312E-8));
#4491=CARTESIAN_POINT('',(-3.79801057273286,-0.358594357822981,-0.356610643940714));
#4492=CARTESIAN_POINT('',(-3.74804165263336,-0.371011042377834,-0.710098043996364));
#4493=CARTESIAN_POINT('',(-3.66524652522826,-0.383427726932687,-1.05736624273026));
#4494=CARTESIAN_POINT('',(-3.55035032920694,-0.39584441148754,-1.39537378571441));
#4495=CARTESIAN_POINT('',(-3.40435935177628,-0.408261096042393,-1.72116032546299));
#4496=CARTESIAN_POINT('',(-3.2285522153401,-0.420677780597246,-2.03187254884362));
#4497=CARTESIAN_POINT('',(-3.02446867913119,-0.433094465152099,-2.32478916701043));
#4498=CARTESIAN_POINT('',(-2.79389615327427,-0.445511149706952,-2.59734474921281));
#4499=CARTESIAN_POINT('',(-2.53885404563062,-0.457927834261806,-2.8471521909116));
#4500=CARTESIAN_POINT('',(-2.26157607016686,-0.470344518816659,-3.07202362250562));
#4501=CARTESIAN_POINT('',(-1.96449070296297,-0.482761203371512,-3.26998956403582));
#4502=CARTESIAN_POINT('',(-1.65019984071066,-0.495177887926365,-3.43931620105962));
#4503=CARTESIAN_POINT('',(-1.43103746872169,-0.503455677629601,-3.53211904707521));
#4504=CARTESIAN_POINT('',(-1.31952726419924,-0.507594572481219,-3.57329691684865));
#4505=CARTESIAN_POINT('',(-1.27143293079025,-0.16028020396492,3.44305702710543));
#4506=CARTESIAN_POINT('',(-1.37887880002788,-0.164419098816538,3.40338001468575));
#4507=CARTESIAN_POINT('',(-1.59005311977736,-0.172696888519773,3.31395966057763));
#4508=CARTESIAN_POINT('',(-1.89288867760136,-0.185113573074626,3.15080466449313));
#4509=CARTESIAN_POINT('',(-2.1791458486096,-0.19753025762948,2.96005421207473));
#4510=CARTESIAN_POINT('',(-2.44631757029263,-0.209946942184333,2.74337892346437));
#4511=CARTESIAN_POINT('',(-2.69206387989548,-0.222363626739186,2.50267649476115));
#4512=CARTESIAN_POINT('',(-2.91423247806229,-0.234780311294039,2.24005505182036));
#4513=CARTESIAN_POINT('',(-3.110877560487,-0.247196995848892,1.95781469370239));
#4514=CARTESIAN_POINT('',(-3.28027686471849,-0.259613680403745,1.65842734602999));
#4515=CARTESIAN_POINT('',(-3.42094675278846,-0.272030364958598,1.34451511179271));
#4516=CARTESIAN_POINT('',(-3.53165520561192,-0.284447049513451,1.01882730623561));
#4517=CARTESIAN_POINT('',(-3.61143261319631,-0.296863734068304,0.684216377762155));
#4518=CARTESIAN_POINT('',(-3.65958026673363,-0.309280418623157,0.343612925528183));
#4519=CARTESIAN_POINT('',(-3.67567647804538,-0.32169710317801,3.25857969774024E-8));
#4520=CARTESIAN_POINT('',(-3.65958027282606,-0.334113787732863,-0.343612860641983));
#4521=CARTESIAN_POINT('',(-3.61143262532781,-0.346530472287717,-0.684216313729637));
#4522=CARTESIAN_POINT('',(-3.53165522367624,-0.35894715684257,-1.01882724361759));
#4523=CARTESIAN_POINT('',(-3.42094677662739,-0.371363841397423,-1.3445150511376));
#4524=CARTESIAN_POINT('',(-3.28027689412324,-0.383780525952276,-1.65842728786903));
#4525=CARTESIAN_POINT('',(-3.11087759520004,-0.396197210507129,-1.95781463854496));
#4526=CARTESIAN_POINT('',(-2.91423251777959,-0.408613895061982,-2.24005500014955));
#4527=CARTESIAN_POINT('',(-2.69206392426919,-0.421030579616835,-2.5026764470295));
#4528=CARTESIAN_POINT('',(-2.44631761893412,-0.433447264171688,-2.74337888008993));
#4529=CARTESIAN_POINT('',(-2.17914590109285,-0.445863948726541,-2.96005417343738));
#4530=CARTESIAN_POINT('',(-1.89288873346672,-0.458280633281394,-3.15080463093126));
#4531=CARTESIAN_POINT('',(-1.59005317853553,-0.470697317836248,-3.31395963238519));
#4532=CARTESIAN_POINT('',(-1.37887886037151,-0.478975107539483,-3.40337999023754));
#4533=CARTESIAN_POINT('',(-1.27143299183736,-0.483114002391101,-3.44305700456229));
#4534=FACE_BOUND('',#4535,.T.);
#4535=EDGE_LOOP('',(#5490,#5491));
#4536=FACE_BOUND('',#4537,.T.);
#4537=EDGE_LOOP('',(#5492,#5493));
#4538=CYLINDRICAL_SURFACE('',#4539,1.);
#4539=AXIS2_PLACEMENT_3D('',#4540,#4541,#4542);
#4540=CARTESIAN_POINT('',(0.,-6.,-3.67394039744206E-16));
#4541=DIRECTION('',(0.,-1.,-6.12323399573676E-17));
#4542=DIRECTION('',(-1.,-7.49879891330928E-33,1.22464679914735E-16));
#4543=FACE_BOUND('',#4544,.T.);
#4544=EDGE_LOOP('',(#5494,#5495,#5496,#5497));
#4545=CYLINDRICAL_SURFACE('',#4546,1.);
#4546=AXIS2_PLACEMENT_3D('',#4547,#4548,#4549);
#4547=CARTESIAN_POINT('',(6.50000000000001,-11.,-2.22044604925031E-15));
#4548=DIRECTION('',(-1.,2.368475785867E-16,4.44089209850062E-16));
#4549=DIRECTION('',(-2.368475785867E-16,-1.,-6.12323399573668E-17));
#4550=FACE_OUTER_BOUND('',#4551,.T.);
#4551=EDGE_LOOP('',(#5498));
#4552=FACE_OUTER_BOUND('',#4553,.T.);
#4553=EDGE_LOOP('',(#5499));
#4554=CYLINDRICAL_SURFACE('',#4555,0.5);
#4555=AXIS2_PLACEMENT_3D('',#4556,#4557,#4558);
#4556=CARTESIAN_POINT('',(2.,-11.,-5.95778814031935E-16));
#4557=DIRECTION('',(1.,0.,0.));
#4558=DIRECTION('',(0.,-1.22464679914735E-16,-1.));
#4559=FACE_BOUND('',#4560,.T.);
#4560=EDGE_LOOP('',(#5500,#5501,#5502,#5503));
#4561=CYLINDRICAL_SURFACE('',#4562,1.);
#4562=AXIS2_PLACEMENT_3D('',#4563,#4564,#4565);
#4563=CARTESIAN_POINT('',(1.,-13.,-4.9960036108132E-16));
#4564=DIRECTION('',(-1.,0.,0.));
#4565=DIRECTION('',(0.,-1.,-1.66533453693773E-16));
#4566=FACE_OUTER_BOUND('',#4567,.T.);
#4567=EDGE_LOOP('',(#5504));
#4568=FACE_OUTER_BOUND('',#4569,.T.);
#4569=EDGE_LOOP('',(#5505));
#4570=CYLINDRICAL_SURFACE('',#4571,0.5);
#4571=AXIS2_PLACEMENT_3D('',#4572,#4573,#4574);
#4572=CARTESIAN_POINT('',(-2.,-13.,-4.81817814266403E-16));
#4573=DIRECTION('',(-1.,0.,0.));
#4574=DIRECTION('',(0.,-1.22464679914735E-16,1.));
#4575=FACE_BOUND('',#4576,.T.);
#4576=EDGE_LOOP('',(#5506,#5507));
#4577=FACE_OUTER_BOUND('',#4578,.T.);
#4578=EDGE_LOOP('',(#5508));
#4579=CONICAL_SURFACE('',#4580,0.9,0.785398163397449);
#4580=AXIS2_PLACEMENT_3D('',#4581,#4582,#4583);
#4581=CARTESIAN_POINT('',(0.,-7.4,0.));
#4582=DIRECTION('',(0.,1.,0.));
#4583=DIRECTION('',(1.,0.,1.22464679914735E-16));
#4584=FACE_OUTER_BOUND('',#4585,.T.);
#4585=EDGE_LOOP('',(#5509));
#4586=SPHERICAL_SURFACE('',#4587,1.);
#4587=AXIS2_PLACEMENT_3D('',#4588,#4589,#4590);
#4588=CARTESIAN_POINT('',(0.,-8.1,0.));
#4589=DIRECTION('',(0.,1.,0.));
#4590=DIRECTION('',(1.,0.,1.22464679914735E-16));
#4591=CARTESIAN_POINT('',(3.75,0.,0.));
#4592=CARTESIAN_POINT('',(3.75,-0.00551876379690948,0.156039370211414));
#4593=CARTESIAN_POINT('',(3.73049606437393,-0.0165562913907285,0.468117380076314));
#4594=CARTESIAN_POINT('',(3.64318365424309,-0.0331125827814569,0.928949820848768));
#4595=CARTESIAN_POINT('',(3.49917355229006,-0.0496688741721854,1.37532515831653));
#4596=CARTESIAN_POINT('',(3.30070694127001,-0.0662251655629138,1.80029679611603));
#4597=CARTESIAN_POINT('',(3.05087249301959,-0.0827814569536422,2.19725098443333));
#4598=CARTESIAN_POINT('',(2.75355830045364,-0.0993377483443707,2.56001006759134));
#4599=CARTESIAN_POINT('',(2.41339136842951,-0.115894039735099,2.88292853918634));
#4600=CARTESIAN_POINT('',(2.03566560516331,-0.132450331125828,3.16098092425286));
#4601=CARTESIAN_POINT('',(1.62625943484431,-0.149006622516556,3.38983998295439));
#4602=CARTESIAN_POINT('',(1.19154431361574,-0.165562913907285,3.5659440556701));
#4603=CARTESIAN_POINT('',(0.738285572658542,-0.182119205298013,3.68655249151248));
#4604=CARTESIAN_POINT('',(0.273537131524791,-0.198675496688742,3.74978830031131));
#4605=CARTESIAN_POINT('',(-0.195468279736463,-0.21523178807947,3.7546673635744));
#4606=CARTESIAN_POINT('',(-0.661431681223489,-0.231788079470198,3.7011137500147));
#4607=CARTESIAN_POINT('',(-1.11710143485124,-0.248344370860927,3.5899608972421));
#4608=CARTESIAN_POINT('',(-1.5553860992553,-0.264900662251655,3.42293864124342));
#4609=CARTESIAN_POINT('',(-1.96946479160593,-0.281456953642384,3.20264629550292));
#4610=CARTESIAN_POINT('',(-2.35289333880699,-0.298013245033112,2.93251219872513));
#4611=CARTESIAN_POINT('',(-2.69970456608271,-0.314569536423841,2.6167403607057));
#4612=CARTESIAN_POINT('',(-3.00450116219361,-0.331125827814569,2.26024503668325));
#4613=CARTESIAN_POINT('',(-3.26253967604998,-0.347682119205298,1.86857424837058));
#4614=CARTESIAN_POINT('',(-3.46980433751082,-0.364238410596026,1.44782344188272));
#4615=CARTESIAN_POINT('',(-3.62306955351895,-0.380794701986755,1.00454062627552));
#4616=CARTESIAN_POINT('',(-3.71995010696511,-0.397350993377483,0.545624468993354));
#4617=CARTESIAN_POINT('',(-3.75893827705228,-0.413907284768212,0.0782169341333375));
#4618=CARTESIAN_POINT('',(-3.73942730346803,-0.430463576158941,-0.390407865637715));
#4619=CARTESIAN_POINT('',(-3.66172082919949,-0.447019867549669,-0.8529568737519));
#4620=CARTESIAN_POINT('',(-3.52702817503549,-0.463576158940398,-1.30223158922666));
#4621=CARTESIAN_POINT('',(-3.33744551929734,-0.480132450331126,-1.73124009461313));
#4622=CARTESIAN_POINT('',(-3.09592327569184,-0.496688741721855,-2.13330586895164));
#4623=CARTESIAN_POINT('',(-2.80622017697465,-0.513245033112583,-2.50217169231337));
#4624=CARTESIAN_POINT('',(-2.47284477900513,-0.529801324503312,-2.83209702489534));
#4625=CARTESIAN_POINT('',(-2.10098529554603,-0.54635761589404,-3.11794734518936));
#4626=CARTESIAN_POINT('',(-1.69642885576656,-0.562913907284769,-3.35527405688366));
#4627=CARTESIAN_POINT('',(-1.26547144101827,-0.579470198675497,-3.54038372093212));
#4628=CARTESIAN_POINT('',(-0.814819902508448,-0.596026490066226,-3.67039553535448));
#4629=CARTESIAN_POINT('',(-0.35148758473865,-0.612582781456954,-3.7432861682282));
#4630=CARTESIAN_POINT('',(0.11731482091311,-0.629139072847683,-3.75792124615034));
#4631=CARTESIAN_POINT('',(0.584291493855908,-0.645695364238411,-3.71407300812486));
#4632=CARTESIAN_POINT('',(1.04217502678794,-0.66225165562914,-3.61242385013353));
#4633=CARTESIAN_POINT('',(1.4838395260117,-0.678807947019868,-3.45455570522743));
#4634=CARTESIAN_POINT('',(1.90241150941857,-0.695364238410597,-3.24292542441323));
#4635=CARTESIAN_POINT('',(2.29137687627337,-0.711920529801325,-2.98082654147364));
#4636=CARTESIAN_POINT('',(2.64468228406237,-0.728476821192054,-2.67233801676371));
#4637=CARTESIAN_POINT('',(2.95682935470998,-0.745033112582782,-2.32226075766684));
#4638=CARTESIAN_POINT('',(3.22296024406272,-0.761589403973511,-1.93604290362202));
#4639=CARTESIAN_POINT('',(3.43893324295056,-0.778145695364239,-1.51969503848751));
#4640=CARTESIAN_POINT('',(3.60138723327048,-0.794701986754968,-1.07969664976342));
#4641=CARTESIAN_POINT('',(3.70779399598317,-0.811258278145696,-0.62289529041817));
#4642=CARTESIAN_POINT('',(3.7564975569702,-0.827814569536424,-0.156400012630873));
#4643=CARTESIAN_POINT('',(3.74673995842499,-0.844370860927153,0.312529268094158));
#4644=CARTESIAN_POINT('',(3.67867305470566,-0.860927152317882,0.776594756650167));
#4645=CARTESIAN_POINT('',(3.55335614907457,-0.87748344370861,1.22857435155873));
#4646=CARTESIAN_POINT('',(3.37273950810346,-0.894039735099339,1.66143404020504));
#4647=CARTESIAN_POINT('',(3.13963401030399,-0.910596026490067,2.06843736690683));
#4648=CARTESIAN_POINT('',(2.85766740133233,-0.927152317880795,2.44325027020085));
#4649=CARTESIAN_POINT('',(2.53122783655391,-0.943708609271524,2.78003965779782));
#4650=CARTESIAN_POINT('',(2.16539558959722,-0.960264900662252,3.07356418511586));
#4651=CARTESIAN_POINT('',(1.76586398969434,-0.976821192052981,3.31925582463522));
#4652=CARTESIAN_POINT('',(1.33885081823494,-0.993377483443709,3.51329095663676));
#4653=CARTESIAN_POINT('',(0.891001543440556,-1.00993377483444,3.65264987496209));
#4654=CARTESIAN_POINT('',(0.429285899086607,-1.02649006622517,3.73516378172623));
#4655=CARTESIAN_POINT('',(-0.0391105832156781,-1.0430463576159,3.75954853961942));
#4656=CARTESIAN_POINT('',(-0.506898400129501,-1.05960264900662,3.72542465652174));
#4657=CARTESIAN_POINT('',(-0.966797520781133,-1.07615894039735,3.63332319141656));
#4658=CARTESIAN_POINT('',(-1.41165068353167,-1.09271523178808,3.48467748969091));
#4659=CARTESIAN_POINT('',(-1.83453478213078,-1.10927152317881,3.28180087644366));
#4660=CARTESIAN_POINT('',(-2.22886860778574,-1.12582781456954,3.02785065495332));
#4661=CARTESIAN_POINT('',(-2.58851527039054,-1.14238410596027,2.7267789705858));
#4662=CARTESIAN_POINT('',(-2.90787770496673,-1.15894039735099,2.38327130483112));
#4663=CARTESIAN_POINT('',(-3.18198577697989,-1.17549668874172,2.00267355666661));
#4664=CARTESIAN_POINT('',(-3.40657363093989,-1.19205298013245,1.59090884605592));
#4665=CARTESIAN_POINT('',(-3.57814607853363,-1.20860927152318,1.15438533434394));
#4666=CARTESIAN_POINT('',(-3.69403299311308,-1.22516556291391,0.699896496109252));
#4667=CARTESIAN_POINT('',(-3.75243086401486,-1.24172185430464,0.234515394510999));
#4668=CARTESIAN_POINT('',(-3.75243086401486,-1.25827814569537,-0.23451539451107));
#4669=CARTESIAN_POINT('',(-3.69403299311307,-1.27483443708609,-0.699896496109321));
#4670=CARTESIAN_POINT('',(-3.57814607853361,-1.29139072847682,-1.15438533434401));
#4671=CARTESIAN_POINT('',(-3.40657363093986,-1.30794701986755,-1.59090884605599));
#4672=CARTESIAN_POINT('',(-3.18198577697985,-1.32450331125828,-2.00267355666667));
#4673=CARTESIAN_POINT('',(-2.90787770496669,-1.34105960264901,-2.38327130483117));
#4674=CARTESIAN_POINT('',(-2.58851527039049,-1.35761589403974,-2.72677897058585));
#4675=CARTESIAN_POINT('',(-2.22886860778568,-1.37417218543047,-3.02785065495336));
#4676=CARTESIAN_POINT('',(-1.83453478213072,-1.39072847682119,-3.28180087644369));
#4677=CARTESIAN_POINT('',(-1.4116506835316,-1.40728476821192,-3.48467748969094));
#4678=CARTESIAN_POINT('',(-0.966797520781065,-1.42384105960265,-3.63332319141658));
#4679=CARTESIAN_POINT('',(-0.506898400129431,-1.44039735099338,-3.72542465652175));
#4680=CARTESIAN_POINT('',(-0.0391105832156075,-1.45695364238411,-3.75954853961942));
#4681=CARTESIAN_POINT('',(0.429285899086677,-1.47350993377484,-3.73516378172622));
#4682=CARTESIAN_POINT('',(0.891001543440625,-1.49006622516556,-3.65264987496207));
#4683=CARTESIAN_POINT('',(1.33885081823501,-1.50662251655629,-3.51329095663673));
#4684=CARTESIAN_POINT('',(1.7658639896944,-1.52317880794702,-3.31925582463518));
#4685=CARTESIAN_POINT('',(2.16539558959727,-1.53973509933775,-3.07356418511582));
#4686=CARTESIAN_POINT('',(2.53122783655396,-1.55629139072848,-2.78003965779777));
#4687=CARTESIAN_POINT('',(2.85766740133238,-1.57284768211921,-2.44325027020079));
#4688=CARTESIAN_POINT('',(3.13963401030403,-1.58940397350994,-2.06843736690678));
#4689=CARTESIAN_POINT('',(3.37273950810349,-1.60596026490066,-1.66143404020498));
#4690=CARTESIAN_POINT('',(3.55335614907459,-1.62251655629139,-1.22857435155867));
#4691=CARTESIAN_POINT('',(3.67867305470567,-1.63907284768212,-0.776594756650098));
#4692=CARTESIAN_POINT('',(3.746739958425,-1.65562913907285,-0.312529268094088));
#4693=CARTESIAN_POINT('',(3.75649755697019,-1.67218543046358,0.156400012630944));
#4694=CARTESIAN_POINT('',(3.70779399598316,-1.68874172185431,0.62289529041824));
#4695=CARTESIAN_POINT('',(3.60138723327046,-1.70529801324503,1.07969664976349));
#4696=CARTESIAN_POINT('',(3.43893324295053,-1.72185430463576,1.51969503848758));
#4697=CARTESIAN_POINT('',(3.22296024406268,-1.73841059602649,1.93604290362208));
#4698=CARTESIAN_POINT('',(2.95682935470994,-1.75496688741722,2.32226075766689));
#4699=CARTESIAN_POINT('',(2.64468228406232,-1.77152317880795,2.67233801676376));
#4700=CARTESIAN_POINT('',(2.29137687627331,-1.78807947019868,2.98082654147368));
#4701=CARTESIAN_POINT('',(1.90241150941851,-1.80463576158941,3.24292542441327));
#4702=CARTESIAN_POINT('',(1.48383952601163,-1.82119205298013,3.45455570522746));
#4703=CARTESIAN_POINT('',(1.04217502678787,-1.83774834437086,3.61242385013355));
#4704=CARTESIAN_POINT('',(0.584291493855838,-1.85430463576159,3.71407300812487));
#4705=CARTESIAN_POINT('',(0.117314820913039,-1.87086092715232,3.75792124615034));
#4706=CARTESIAN_POINT('',(-0.351487584738721,-1.88741721854305,3.7432861682282));
#4707=CARTESIAN_POINT('',(-0.814819902508517,-1.90397350993378,3.67039553535447));
#4708=CARTESIAN_POINT('',(-1.26547144101834,-1.92052980132451,3.54038372093209));
#4709=CARTESIAN_POINT('',(-1.69642885576663,-1.93708609271523,3.35527405688363));
#4710=CARTESIAN_POINT('',(-2.10098529554608,-1.95364238410596,3.11794734518932));
#4711=CARTESIAN_POINT('',(-2.47284477900518,-1.97019867549669,2.8320970248953));
#4712=CARTESIAN_POINT('',(-2.8062201769747,-1.98675496688742,2.50217169231331));
#4713=CARTESIAN_POINT('',(-3.09592327569188,-2.00331125827815,2.13330586895158));
#4714=CARTESIAN_POINT('',(-3.33744551929738,-2.01986754966888,1.73124009461307));
#4715=CARTESIAN_POINT('',(-3.52702817503552,-2.03642384105961,1.30223158922659));
#4716=CARTESIAN_POINT('',(-3.6617208291995,-2.05298013245033,0.852956873751831));
#4717=CARTESIAN_POINT('',(-3.73942730346804,-2.06953642384106,0.390407865637645));
#4718=CARTESIAN_POINT('',(-3.75893827705228,-2.08609271523179,-0.0782169341334079));
#4719=CARTESIAN_POINT('',(-3.7199501069651,-2.10264900662252,-0.545624468993424));
#4720=CARTESIAN_POINT('',(-3.62306955351893,-2.11920529801325,-1.00454062627559));
#4721=CARTESIAN_POINT('',(-3.46980433751079,-2.13576158940398,-1.44782344188278));
#4722=CARTESIAN_POINT('',(-3.26253967604995,-2.1523178807947,-1.86857424837063));
#4723=CARTESIAN_POINT('',(-3.00450116219358,-2.16887417218543,-2.26024503668329));
#4724=CARTESIAN_POINT('',(-2.69970456608268,-2.18543046357616,-2.61674036070573));
#4725=CARTESIAN_POINT('',(-2.35289333880696,-2.20198675496689,-2.93251219872516));
#4726=CARTESIAN_POINT('',(-1.96946479160591,-2.21854304635762,-3.20264629550294));
#4727=CARTESIAN_POINT('',(-1.55538609925528,-2.23509933774835,-3.42293864124344));
#4728=CARTESIAN_POINT('',(-1.11710143485122,-2.25165562913907,-3.5899608972421));
#4729=CARTESIAN_POINT('',(-0.661431681223477,-2.2682119205298,-3.7011137500147));
#4730=CARTESIAN_POINT('',(-0.195468279736455,-2.28476821192053,-3.75466736357442));
#4731=CARTESIAN_POINT('',(0.273537131524793,-2.30132450331126,-3.74978830031126));
#4732=CARTESIAN_POINT('',(0.738285572658538,-2.31788079470199,-3.68655249151267));
#4733=CARTESIAN_POINT('',(1.19154431361573,-2.33443708609272,-3.56594405566941));
#4734=CARTESIAN_POINT('',(1.62625943484429,-2.35099337748344,-3.389839982957));
#4735=CARTESIAN_POINT('',(2.0356656051633,-2.36754966887417,-3.16098092424316));
#4736=CARTESIAN_POINT('',(2.41339136842948,-2.3841059602649,-2.88292853922258));
#4737=CARTESIAN_POINT('',(2.75355830045362,-2.40066225165563,-2.56001006745618));
#4738=CARTESIAN_POINT('',(3.05087249301957,-2.41721854304636,-2.19725098493789));
#4739=CARTESIAN_POINT('',(3.30070694126999,-2.43377483443709,-1.80029679423313));
#4740=CARTESIAN_POINT('',(3.49917355229004,-2.45033112582781,-1.37532516534378));
#4741=CARTESIAN_POINT('',(3.64318365424308,-2.46688741721854,-0.928949794622973));
#4742=CARTESIAN_POINT('',(3.73049606437392,-2.48344370860927,-0.46811747795258));
#4743=CARTESIAN_POINT('',(3.75975196781304,-2.5,-6.94444501903035E-14));
#4744=CARTESIAN_POINT('',(3.73049606437394,-2.51655629139073,0.468117477952442));
#4745=CARTESIAN_POINT('',(3.64318365424311,-2.53311258278146,0.928949794622838));
#4746=CARTESIAN_POINT('',(3.49917355229009,-2.54966887417218,1.37532516534365));
#4747=CARTESIAN_POINT('',(3.30070694127006,-2.56622516556291,1.80029679423301));
#4748=CARTESIAN_POINT('',(3.05087249301965,-2.58278145695364,2.19725098493778));
#4749=CARTESIAN_POINT('',(2.75355830045371,-2.59933774834437,2.56001006745608));
#4750=CARTESIAN_POINT('',(2.41339136842959,-2.6158940397351,2.88292853922249));
#4751=CARTESIAN_POINT('',(2.03566560516341,-2.63245033112582,3.16098092424309));
#4752=CARTESIAN_POINT('',(1.62625943484442,-2.64900662251655,3.38983998295694));
#4753=CARTESIAN_POINT('',(1.19154431361586,-2.66556291390728,3.56594405566937));
#4754=CARTESIAN_POINT('',(0.738285572658674,-2.68211920529801,3.68655249151264));
#4755=CARTESIAN_POINT('',(0.273537131524931,-2.69867549668874,3.74978830031125));
#4756=CARTESIAN_POINT('',(-0.195468279736317,-2.71523178807947,3.75466736357442));
#4757=CARTESIAN_POINT('',(-0.661431681223339,-2.73178807947019,3.70111375001472));
#4758=CARTESIAN_POINT('',(-1.11710143485109,-2.74834437086092,3.58996089724215));
#4759=CARTESIAN_POINT('',(-1.55538609925515,-2.76490066225165,3.42293864124349));
#4760=CARTESIAN_POINT('',(-1.96946479160579,-2.78145695364238,3.20264629550301));
#4761=CARTESIAN_POINT('',(-2.35289333880685,-2.79801324503311,2.93251219872524));
#4762=CARTESIAN_POINT('',(-2.69970456608258,-2.81456953642384,2.61674036070583));
#4763=CARTESIAN_POINT('',(-3.0045011621935,-2.83112582781456,2.2602450366834));
#4764=CARTESIAN_POINT('',(-3.26253967604988,-2.84768211920529,1.86857424837076));
#4765=CARTESIAN_POINT('',(-3.46980433751074,-2.86423841059602,1.44782344188291));
#4766=CARTESIAN_POINT('',(-3.62306955351889,-2.88079470198675,1.00454062627572));
#4767=CARTESIAN_POINT('',(-3.71995010696508,-2.89735099337748,0.545624468993569));
#4768=CARTESIAN_POINT('',(-3.75893827705228,-2.9139072847682,0.0782169341335607));
#4769=CARTESIAN_POINT('',(-3.73942730346806,-2.93046357615893,-0.390407865637486));
#4770=CARTESIAN_POINT('',(-3.66172082919954,-2.94701986754966,-0.85295687375167));
#4771=CARTESIAN_POINT('',(-3.52702817503558,-2.96357615894039,-1.30223158922643));
#4772=CARTESIAN_POINT('',(-3.33744551929746,-2.98013245033112,-1.73124009461291));
#4773=CARTESIAN_POINT('',(-3.09592327569198,-2.99668874172185,-2.13330586895143));
#4774=CARTESIAN_POINT('',(-2.80622017697483,-3.01324503311257,-2.50217169231317));
#4775=CARTESIAN_POINT('',(-2.47284477900533,-3.0298013245033,-2.83209702489517));
#4776=CARTESIAN_POINT('',(-2.10098529554625,-3.04635761589403,-3.11794734518921));
#4777=CARTESIAN_POINT('',(-1.69642885576682,-3.06291390728476,-3.35527405688353));
#4778=CARTESIAN_POINT('',(-1.26547144101854,-3.07947019867549,-3.54038372093202));
#4779=CARTESIAN_POINT('',(-0.814819902508738,-3.09602649006622,-3.67039553535442));
#4780=CARTESIAN_POINT('',(-0.351487584738952,-3.11258278145694,-3.74328616822817));
#4781=CARTESIAN_POINT('',(0.1173148209128,-3.12913907284767,-3.75792124615035));
#4782=CARTESIAN_POINT('',(0.584291493855595,-3.1456953642384,-3.71407300812491));
#4783=CARTESIAN_POINT('',(1.04217502678763,-3.16225165562913,-3.61242385013362));
#4784=CARTESIAN_POINT('',(1.48383952601139,-3.17880794701986,-3.45455570522756));
#4785=CARTESIAN_POINT('',(1.90241150941828,-3.19536423841059,-3.2429254244134));
#4786=CARTESIAN_POINT('',(2.29137687627309,-3.21192052980131,-2.98082654147385));
#4787=CARTESIAN_POINT('',(2.64468228406213,-3.22847682119204,-2.67233801676396));
#4788=CARTESIAN_POINT('',(2.95682935470976,-3.24503311258277,-2.32226075766712));
#4789=CARTESIAN_POINT('',(3.22296024406253,-3.2615894039735,-1.93604290362233));
#4790=CARTESIAN_POINT('',(3.43893324295041,-3.27814569536423,-1.51969503848785));
#4791=CARTESIAN_POINT('',(3.60138723327038,-3.29470198675495,-1.07969664976378));
#4792=CARTESIAN_POINT('',(3.70779399598311,-3.31125827814568,-0.622895290418548));
#4793=CARTESIAN_POINT('',(3.75649755697018,-3.32781456953641,-0.156400012631263));
#4794=CARTESIAN_POINT('',(3.74673995842503,-3.34437086092714,0.312529268093763));
#4795=CARTESIAN_POINT('',(3.67867305470574,-3.36092715231787,0.776594756649773));
#4796=CARTESIAN_POINT('',(3.5533561490747,-3.3774834437086,1.22857435155835));
#4797=CARTESIAN_POINT('',(3.37273950810364,-3.39403973509932,1.66143404020467));
#4798=CARTESIAN_POINT('',(3.13963401030422,-3.41059602649005,2.06843736690648));
#4799=CARTESIAN_POINT('',(2.85766740133261,-3.42715231788078,2.44325027020052));
#4800=CARTESIAN_POINT('',(2.53122783655423,-3.44370860927151,2.78003965779752));
#4801=CARTESIAN_POINT('',(2.16539558959758,-3.46026490066224,3.0735641851156));
#4802=CARTESIAN_POINT('',(1.76586398969473,-3.47682119205297,3.319255824635));
#4803=CARTESIAN_POINT('',(1.33885081823537,-3.49337748344369,3.51329095663659));
#4804=CARTESIAN_POINT('',(0.891001543441006,-3.50993377483442,3.65264987496198));
#4805=CARTESIAN_POINT('',(0.429285899087074,-3.52649006622515,3.73516378172618));
#4806=CARTESIAN_POINT('',(-0.0391105832152013,-3.54304635761588,3.75954853961943));
#4807=CARTESIAN_POINT('',(-0.506898400129022,-3.55960264900661,3.72542465652181));
#4808=CARTESIAN_POINT('',(-0.966797520780659,-3.57615894039734,3.63332319141669));
#4809=CARTESIAN_POINT('',(-1.41165068353121,-3.59271523178806,3.4846774896911));
#4810=CARTESIAN_POINT('',(-1.83453478213034,-3.60927152317879,3.2818008764439));
#4811=CARTESIAN_POINT('',(-2.22886860778533,-3.62582781456952,3.02785065495362));
#4812=CARTESIAN_POINT('',(-2.58851527039017,-3.64238410596025,2.72677897058616));
#4813=CARTESIAN_POINT('',(-2.9078777049664,-3.65894039735098,2.38327130483152));
#4814=CARTESIAN_POINT('',(-3.18198577697961,-3.67549668874171,2.00267355666706));
#4815=CARTESIAN_POINT('',(-3.40657363093967,-3.69205298013243,1.59090884605641));
#4816=CARTESIAN_POINT('',(-3.57814607853347,-3.70860927152316,1.15438533434446));
#4817=CARTESIAN_POINT('',(-3.69403299311298,-3.72516556291389,0.699896496109793));
#4818=CARTESIAN_POINT('',(-3.75243086401483,-3.74172185430462,0.234515394511555));
#4819=CARTESIAN_POINT('',(-3.7524308640149,-3.75827814569535,-0.234515394510507));
#4820=CARTESIAN_POINT('',(-3.69403299311317,-3.77483443708608,-0.69989649610876));
#4821=CARTESIAN_POINT('',(-3.57814607853379,-3.7913907284768,-1.15438533434346));
#4822=CARTESIAN_POINT('',(-3.40657363094011,-3.80794701986753,-1.59090884605546));
#4823=CARTESIAN_POINT('',(-3.18198577698016,-3.82450331125826,-2.00267355666617));
#4824=CARTESIAN_POINT('',(-2.90787770496706,-3.84105960264899,-2.38327130483071));
#4825=CARTESIAN_POINT('',(-2.58851527039093,-3.85761589403972,-2.72677897058544));
#4826=CARTESIAN_POINT('',(-2.22886860778618,-3.87417218543044,-3.027850654953));
#4827=CARTESIAN_POINT('',(-1.83453478213126,-3.89072847682117,-3.28180087644339));
#4828=CARTESIAN_POINT('',(-1.41165068353218,-3.9072847682119,-3.48467748969071));
#4829=CARTESIAN_POINT('',(-0.966797520781674,-3.92384105960263,-3.63332319141642));
#4830=CARTESIAN_POINT('',(-0.506898400130063,-3.94039735099336,-3.72542465652167));
#4831=CARTESIAN_POINT('',(-0.0391105832162514,-3.95695364238409,-3.75954853961941));
#4832=CARTESIAN_POINT('',(0.429285899086031,-3.97350993377482,-3.7351637817263));
#4833=CARTESIAN_POINT('',(0.891001543439986,-3.99006622516554,-3.65264987496222));
#4834=CARTESIAN_POINT('',(1.33885081823439,-4.00662251655627,-3.51329095663697));
#4835=CARTESIAN_POINT('',(1.76586398969381,-4.023178807947,-3.3192558246355));
#4836=CARTESIAN_POINT('',(2.16539558959672,-4.03973509933773,-3.07356418511621));
#4837=CARTESIAN_POINT('',(2.53122783655346,-4.05629139072845,-2.78003965779823));
#4838=CARTESIAN_POINT('',(2.85766740133193,-4.07284768211918,-2.44325027020132));
#4839=CARTESIAN_POINT('',(3.13963401030365,-4.08940397350991,-2.06843736690736));
#4840=CARTESIAN_POINT('',(3.37273950810318,-4.10596026490064,-1.66143404020561));
#4841=CARTESIAN_POINT('',(3.55335614907436,-4.12251655629137,-1.22857435155934));
#4842=CARTESIAN_POINT('',(3.67867305470553,-4.1390728476821,-0.776594756650799));
#4843=CARTESIAN_POINT('',(3.74673995842494,-4.15562913907283,-0.312529268094809));
#4844=CARTESIAN_POINT('',(3.75649755697022,-4.17218543046355,0.156400012630214));
#4845=CARTESIAN_POINT('',(3.70779399598328,-4.18874172185428,0.622895290417513));
#4846=CARTESIAN_POINT('',(3.60138723327068,-4.20529801324501,1.07969664976278));
#4847=CARTESIAN_POINT('',(3.43893324295083,-4.22185430463574,1.51969503848689));
#4848=CARTESIAN_POINT('',(3.22296024406307,-4.23841059602647,1.93604290362143));
#4849=CARTESIAN_POINT('',(2.9568293547104,-4.25496688741719,2.3222607576663));
#4850=CARTESIAN_POINT('',(2.64468228406286,-4.27152317880792,2.67233801676323));
#4851=CARTESIAN_POINT('',(2.29137687627391,-4.28807947019865,2.98082654147322));
#4852=CARTESIAN_POINT('',(1.90241150941918,-4.30463576158938,3.24292542441288));
#4853=CARTESIAN_POINT('',(1.48383952601234,-4.32119205298011,3.45455570522715));
#4854=CARTESIAN_POINT('',(1.04217502678862,-4.33774834437084,3.61242385013333));
#4855=CARTESIAN_POINT('',(0.584291493856619,-4.35430463576157,3.71407300812475));
#4856=CARTESIAN_POINT('',(0.117314820913836,-4.37086092715229,3.75792124615032));
#4857=CARTESIAN_POINT('',(-0.35148758473792,-4.38741721854302,3.74328616822827));
#4858=CARTESIAN_POINT('',(-0.814819902507726,-4.40397350993375,3.67039553535464));
#4859=CARTESIAN_POINT('',(-1.26547144101757,-4.42052980132448,3.54038372093237));
#4860=CARTESIAN_POINT('',(-1.69642885576589,-4.43708609271521,3.355274056884));
#4861=CARTESIAN_POINT('',(-2.10098529554539,-4.45364238410593,3.11794734518978));
#4862=CARTESIAN_POINT('',(-2.47284477900455,-4.47019867549666,2.83209702489585));
#4863=CARTESIAN_POINT('',(-2.80622017697414,-4.48675496688739,2.50217169231395));
#4864=CARTESIAN_POINT('',(-3.0959232756914,-4.50331125827812,2.13330586895228));
#4865=CARTESIAN_POINT('',(-3.33744551929698,-4.51986754966885,1.73124009461383));
#4866=CARTESIAN_POINT('',(-3.52702817503522,-4.53642384105957,1.3022315892274));
#4867=CARTESIAN_POINT('',(-3.6617208291993,-4.5529801324503,0.85295687375268));
#4868=CARTESIAN_POINT('',(-3.73942730346795,-4.56953642384103,0.390407865638518));
#4869=CARTESIAN_POINT('',(-3.7589382770523,-4.58609271523176,-0.0782169341325237));
#4870=CARTESIAN_POINT('',(-3.71995010696523,-4.60264900662249,-0.545624468992542));
#4871=CARTESIAN_POINT('',(-3.62306955351917,-4.61920529801322,-1.00454062627472));
#4872=CARTESIAN_POINT('',(-3.46980433751114,-4.63576158940394,-1.44782344188195));
#4873=CARTESIAN_POINT('',(-3.2625396760504,-4.65231788079467,-1.86857424836986));
#4874=CARTESIAN_POINT('',(-3.00450116219412,-4.6688741721854,-2.26024503668257));
#4875=CARTESIAN_POINT('',(-2.6997045660833,-4.68543046357613,-2.61674036070508));
#4876=CARTESIAN_POINT('',(-2.35289333880766,-4.70198675496686,-2.93251219872459));
#4877=CARTESIAN_POINT('',(-1.96946479160667,-4.71854304635759,-3.20264629550247));
#4878=CARTESIAN_POINT('',(-1.55538609925609,-4.73509933774831,-3.42293864124306));
#4879=CARTESIAN_POINT('',(-1.11710143485208,-4.75165562913904,-3.58996089724184));
#4880=CARTESIAN_POINT('',(-0.66143168122436,-4.76821192052977,-3.70111375001455));
#4881=CARTESIAN_POINT('',(-0.195468279737352,-4.7847682119205,-3.75466736357436));
#4882=CARTESIAN_POINT('',(0.273537131523897,-4.80132450331123,-3.74978830031137));
#4883=CARTESIAN_POINT('',(0.738285572657658,-4.81788079470196,-3.68655249151266));
#4884=CARTESIAN_POINT('',(1.19154431361488,-4.83443708609268,-3.56594405567039));
#4885=CARTESIAN_POINT('',(1.62625943484348,-4.85099337748341,-3.38983998295479));
#4886=CARTESIAN_POINT('',(2.03566560516254,-4.86754966887414,-3.16098092425335));
#4887=CARTESIAN_POINT('',(2.4133913684288,-4.88410596026487,-2.88292853918693));
#4888=CARTESIAN_POINT('',(2.753558300453,-4.9006622516556,-2.56001006759202));
#4889=CARTESIAN_POINT('',(3.05087249301905,-4.91721854304633,-2.19725098443409));
#4890=CARTESIAN_POINT('',(3.30070694126956,-4.93377483443705,-1.80029679611685));
#4891=CARTESIAN_POINT('',(3.49917355228971,-4.95033112582778,-1.37532515831742));
#4892=CARTESIAN_POINT('',(3.64318365424285,-4.96688741721851,-0.928949820849692));
#4893=CARTESIAN_POINT('',(3.73049606437387,-4.98344370860925,-0.468117380076953));
#4894=CARTESIAN_POINT('',(3.75,-4.99448123620308,-0.156039370211737));
#4895=CARTESIAN_POINT('',(3.75,-5.,-5.20474889637625E-15));
#4896=ORIENTED_EDGE('',*,*,#5510,.F.);
#4897=ORIENTED_EDGE('',*,*,#5511,.T.);
#4898=ORIENTED_EDGE('',*,*,#5512,.T.);
#4899=ORIENTED_EDGE('',*,*,#5513,.F.);
#4900=ORIENTED_EDGE('',*,*,#5514,.T.);
#4901=ORIENTED_EDGE('',*,*,#5515,.F.);
#4902=ORIENTED_EDGE('',*,*,#5516,.F.);
#4903=ORIENTED_EDGE('',*,*,#5517,.F.);
#4904=ORIENTED_EDGE('',*,*,#5518,.F.);
#4905=ORIENTED_EDGE('',*,*,#5518,.T.);
#4906=ORIENTED_EDGE('',*,*,#5519,.F.);
#4907=ORIENTED_EDGE('',*,*,#5520,.T.);
#4908=ORIENTED_EDGE('',*,*,#5521,.T.);
#4909=ORIENTED_EDGE('',*,*,#5522,.T.);
#4910=ORIENTED_EDGE('',*,*,#5523,.F.);
#4911=ORIENTED_EDGE('',*,*,#5524,.T.);
#4912=ORIENTED_EDGE('',*,*,#5525,.T.);
#4913=ORIENTED_EDGE('',*,*,#5526,.T.);
#4914=ORIENTED_EDGE('',*,*,#5527,.F.);
#4915=ORIENTED_EDGE('',*,*,#5528,.T.);
#4916=ORIENTED_EDGE('',*,*,#5529,.T.);
#4917=ORIENTED_EDGE('',*,*,#5530,.T.);
#4918=ORIENTED_EDGE('',*,*,#5531,.F.);
#4919=ORIENTED_EDGE('',*,*,#5532,.T.);
#4920=ORIENTED_EDGE('',*,*,#5533,.T.);
#4921=ORIENTED_EDGE('',*,*,#5534,.T.);
#4922=ORIENTED_EDGE('',*,*,#5535,.F.);
#4923=ORIENTED_EDGE('',*,*,#5536,.T.);
#4924=ORIENTED_EDGE('',*,*,#5535,.T.);
#4925=ORIENTED_EDGE('',*,*,#5537,.F.);
#4926=ORIENTED_EDGE('',*,*,#5538,.F.);
#4927=ORIENTED_EDGE('',*,*,#5539,.T.);
#4928=ORIENTED_EDGE('',*,*,#5538,.T.);
#4929=ORIENTED_EDGE('',*,*,#5540,.F.);
#4930=ORIENTED_EDGE('',*,*,#5512,.F.);
#4931=ORIENTED_EDGE('',*,*,#5541,.T.);
#4932=ORIENTED_EDGE('',*,*,#5510,.T.);
#4933=ORIENTED_EDGE('',*,*,#5542,.F.);
#4934=ORIENTED_EDGE('',*,*,#5543,.F.);
#4935=ORIENTED_EDGE('',*,*,#5544,.T.);
#4936=ORIENTED_EDGE('',*,*,#5543,.T.);
#4937=ORIENTED_EDGE('',*,*,#5545,.F.);
#4938=ORIENTED_EDGE('',*,*,#5521,.F.);
#4939=ORIENTED_EDGE('',*,*,#5546,.T.);
#4940=ORIENTED_EDGE('',*,*,#5523,.T.);
#4941=ORIENTED_EDGE('',*,*,#5547,.F.);
#4942=ORIENTED_EDGE('',*,*,#5525,.F.);
#4943=ORIENTED_EDGE('',*,*,#5548,.T.);
#4944=ORIENTED_EDGE('',*,*,#5527,.T.);
#4945=ORIENTED_EDGE('',*,*,#5549,.F.);
#4946=ORIENTED_EDGE('',*,*,#5529,.F.);
#4947=ORIENTED_EDGE('',*,*,#5550,.T.);
#4948=ORIENTED_EDGE('',*,*,#5531,.T.);
#4949=ORIENTED_EDGE('',*,*,#5551,.F.);
#4950=ORIENTED_EDGE('',*,*,#5533,.F.);
#4951=ORIENTED_EDGE('',*,*,#5550,.F.);
#4952=ORIENTED_EDGE('',*,*,#5532,.F.);
#4953=ORIENTED_EDGE('',*,*,#5536,.F.);
#4954=ORIENTED_EDGE('',*,*,#5539,.F.);
#4955=ORIENTED_EDGE('',*,*,#5511,.F.);
#4956=ORIENTED_EDGE('',*,*,#5541,.F.);
#4957=ORIENTED_EDGE('',*,*,#5544,.F.);
#4958=ORIENTED_EDGE('',*,*,#5520,.F.);
#4959=ORIENTED_EDGE('',*,*,#5546,.F.);
#4960=ORIENTED_EDGE('',*,*,#5524,.F.);
#4961=ORIENTED_EDGE('',*,*,#5548,.F.);
#4962=ORIENTED_EDGE('',*,*,#5528,.F.);
#4963=ORIENTED_EDGE('',*,*,#5552,.F.);
#4964=ORIENTED_EDGE('',*,*,#5553,.T.);
#4965=ORIENTED_EDGE('',*,*,#5554,.T.);
#4966=ORIENTED_EDGE('',*,*,#5555,.F.);
#4967=ORIENTED_EDGE('',*,*,#5514,.F.);
#4968=ORIENTED_EDGE('',*,*,#5556,.T.);
#4969=ORIENTED_EDGE('',*,*,#5557,.T.);
#4970=ORIENTED_EDGE('',*,*,#5515,.T.);
#4971=ORIENTED_EDGE('',*,*,#5555,.T.);
#4972=ORIENTED_EDGE('',*,*,#5558,.T.);
#4973=ORIENTED_EDGE('',*,*,#5516,.T.);
#4974=ORIENTED_EDGE('',*,*,#5557,.F.);
#4975=ORIENTED_EDGE('',*,*,#5559,.T.);
#4976=ORIENTED_EDGE('',*,*,#5517,.T.);
#4977=ORIENTED_EDGE('',*,*,#5558,.F.);
#4978=ORIENTED_EDGE('',*,*,#5560,.T.);
#4979=ORIENTED_EDGE('',*,*,#5561,.F.);
#4980=ORIENTED_EDGE('',*,*,#5513,.T.);
#4981=ORIENTED_EDGE('',*,*,#5562,.F.);
#4982=ORIENTED_EDGE('',*,*,#5563,.T.);
#4983=ORIENTED_EDGE('',*,*,#5553,.F.);
#4984=ORIENTED_EDGE('',*,*,#5552,.T.);
#4985=ORIENTED_EDGE('',*,*,#5519,.T.);
#4986=ORIENTED_EDGE('',*,*,#5522,.F.);
#4987=ORIENTED_EDGE('',*,*,#5545,.T.);
#4988=ORIENTED_EDGE('',*,*,#5542,.T.);
#4989=ORIENTED_EDGE('',*,*,#5564,.F.);
#4990=ORIENTED_EDGE('',*,*,#5540,.T.);
#4991=ORIENTED_EDGE('',*,*,#5537,.T.);
#4992=ORIENTED_EDGE('',*,*,#5534,.F.);
#4993=ORIENTED_EDGE('',*,*,#5551,.T.);
#4994=ORIENTED_EDGE('',*,*,#5530,.F.);
#4995=ORIENTED_EDGE('',*,*,#5549,.T.);
#4996=ORIENTED_EDGE('',*,*,#5526,.F.);
#4997=ORIENTED_EDGE('',*,*,#5547,.T.);
#4998=ORIENTED_EDGE('',*,*,#5565,.F.);
#4999=ORIENTED_EDGE('',*,*,#5566,.T.);
#5000=ORIENTED_EDGE('',*,*,#5567,.F.);
#5001=ORIENTED_EDGE('',*,*,#5568,.F.);
#5002=ORIENTED_EDGE('',*,*,#5560,.F.);
#5003=ORIENTED_EDGE('',*,*,#5559,.F.);
#5004=ORIENTED_EDGE('',*,*,#5556,.F.);
#5005=ORIENTED_EDGE('',*,*,#5554,.F.);
#5006=ORIENTED_EDGE('',*,*,#5563,.F.);
#5007=ORIENTED_EDGE('',*,*,#5569,.F.);
#5008=ORIENTED_EDGE('',*,*,#5570,.F.);
#5009=ORIENTED_EDGE('',*,*,#5561,.T.);
#5010=ORIENTED_EDGE('',*,*,#5568,.T.);
#5011=ORIENTED_EDGE('',*,*,#5571,.F.);
#5012=ORIENTED_EDGE('',*,*,#5572,.F.);
#5013=ORIENTED_EDGE('',*,*,#5562,.T.);
#5014=ORIENTED_EDGE('',*,*,#5573,.T.);
#5015=ORIENTED_EDGE('',*,*,#5574,.F.);
#5016=ORIENTED_EDGE('',*,*,#5569,.T.);
#5017=ORIENTED_EDGE('',*,*,#5564,.T.);
#5018=ORIENTED_EDGE('',*,*,#5572,.T.);
#5019=ORIENTED_EDGE('',*,*,#5575,.F.);
#5020=ORIENTED_EDGE('',*,*,#5573,.F.);
#5021=ORIENTED_EDGE('',*,*,#5576,.T.);
#5022=ORIENTED_EDGE('',*,*,#5577,.T.);
#5023=ORIENTED_EDGE('',*,*,#5565,.T.);
#5024=ORIENTED_EDGE('',*,*,#5570,.T.);
#5025=ORIENTED_EDGE('',*,*,#5574,.T.);
#5026=ORIENTED_EDGE('',*,*,#5575,.T.);
#5027=ORIENTED_EDGE('',*,*,#5571,.T.);
#5028=ORIENTED_EDGE('',*,*,#5567,.T.);
#5029=ORIENTED_EDGE('',*,*,#5566,.F.);
#5030=ORIENTED_EDGE('',*,*,#5578,.F.);
#5031=ORIENTED_EDGE('',*,*,#5577,.F.);
#5032=ORIENTED_EDGE('',*,*,#5576,.F.);
#5033=ORIENTED_EDGE('',*,*,#5579,.F.);
#5034=ORIENTED_EDGE('',*,*,#5580,.F.);
#5035=ORIENTED_EDGE('',*,*,#5578,.T.);
#5036=ORIENTED_EDGE('',*,*,#5579,.T.);
#5037=ORIENTED_EDGE('',*,*,#5581,.F.);
#5038=ORIENTED_EDGE('',*,*,#5580,.T.);
#5039=ORIENTED_EDGE('',*,*,#5582,.T.);
#5040=ORIENTED_EDGE('',*,*,#5581,.T.);
#5041=ORIENTED_EDGE('',*,*,#5583,.T.);
#5042=ORIENTED_EDGE('',*,*,#5582,.F.);
#5043=ORIENTED_EDGE('',*,*,#5583,.F.);
#5044=ORIENTED_EDGE('',*,*,#5584,.T.);
#5045=ORIENTED_EDGE('',*,*,#5585,.T.);
#5046=ORIENTED_EDGE('',*,*,#5584,.F.);
#5047=ORIENTED_EDGE('',*,*,#5586,.T.);
#5048=ORIENTED_EDGE('',*,*,#5585,.F.);
#5049=ORIENTED_EDGE('',*,*,#5586,.F.);
#5050=ORIENTED_EDGE('',*,*,#5587,.T.);
#5051=ORIENTED_EDGE('',*,*,#5587,.F.);
#5052=ORIENTED_EDGE('',*,*,#5588,.F.);
#5053=ORIENTED_EDGE('',*,*,#5589,.F.);
#5054=ORIENTED_EDGE('',*,*,#5590,.F.);
#5055=ORIENTED_EDGE('',*,*,#5591,.T.);
#5056=ORIENTED_EDGE('',*,*,#5592,.F.);
#5057=ORIENTED_EDGE('',*,*,#5593,.T.);
#5058=ORIENTED_EDGE('',*,*,#5594,.F.);
#5059=ORIENTED_EDGE('',*,*,#5595,.F.);
#5060=ORIENTED_EDGE('',*,*,#5596,.T.);
#5061=ORIENTED_EDGE('',*,*,#5597,.F.);
#5062=ORIENTED_EDGE('',*,*,#5598,.T.);
#5063=ORIENTED_EDGE('',*,*,#5588,.T.);
#5064=ORIENTED_EDGE('',*,*,#5599,.T.);
#5065=ORIENTED_EDGE('',*,*,#5600,.T.);
#5066=ORIENTED_EDGE('',*,*,#5589,.T.);
#5067=ORIENTED_EDGE('',*,*,#5598,.F.);
#5068=ORIENTED_EDGE('',*,*,#5601,.F.);
#5069=ORIENTED_EDGE('',*,*,#5602,.T.);
#5070=ORIENTED_EDGE('',*,*,#5603,.F.);
#5071=ORIENTED_EDGE('',*,*,#5604,.T.);
#5072=ORIENTED_EDGE('',*,*,#5590,.T.);
#5073=ORIENTED_EDGE('',*,*,#5600,.F.);
#5074=ORIENTED_EDGE('',*,*,#5605,.F.);
#5075=ORIENTED_EDGE('',*,*,#5604,.F.);
#5076=ORIENTED_EDGE('',*,*,#5606,.T.);
#5077=ORIENTED_EDGE('',*,*,#5607,.F.);
#5078=ORIENTED_EDGE('',*,*,#5608,.T.);
#5079=ORIENTED_EDGE('',*,*,#5609,.F.);
#5080=ORIENTED_EDGE('',*,*,#5610,.T.);
#5081=ORIENTED_EDGE('',*,*,#5611,.F.);
#5082=ORIENTED_EDGE('',*,*,#5612,.T.);
#5083=ORIENTED_EDGE('',*,*,#5613,.F.);
#5084=ORIENTED_EDGE('',*,*,#5614,.T.);
#5085=ORIENTED_EDGE('',*,*,#5615,.F.);
#5086=ORIENTED_EDGE('',*,*,#5616,.T.);
#5087=ORIENTED_EDGE('',*,*,#5617,.F.);
#5088=ORIENTED_EDGE('',*,*,#5618,.F.);
#5089=ORIENTED_EDGE('',*,*,#5619,.F.);
#5090=ORIENTED_EDGE('',*,*,#5620,.F.);
#5091=ORIENTED_EDGE('',*,*,#5621,.F.);
#5092=ORIENTED_EDGE('',*,*,#5622,.F.);
#5093=ORIENTED_EDGE('',*,*,#5623,.F.);
#5094=ORIENTED_EDGE('',*,*,#5624,.F.);
#5095=ORIENTED_EDGE('',*,*,#5625,.F.);
#5096=ORIENTED_EDGE('',*,*,#5626,.F.);
#5097=ORIENTED_EDGE('',*,*,#5627,.F.);
#5098=ORIENTED_EDGE('',*,*,#5628,.F.);
#5099=ORIENTED_EDGE('',*,*,#5629,.F.);
#5100=ORIENTED_EDGE('',*,*,#5630,.F.);
#5101=ORIENTED_EDGE('',*,*,#5631,.F.);
#5102=ORIENTED_EDGE('',*,*,#5591,.F.);
#5103=ORIENTED_EDGE('',*,*,#5632,.T.);
#5104=ORIENTED_EDGE('',*,*,#5592,.T.);
#5105=ORIENTED_EDGE('',*,*,#5631,.T.);
#5106=ORIENTED_EDGE('',*,*,#5633,.F.);
#5107=ORIENTED_EDGE('',*,*,#5632,.F.);
#5108=ORIENTED_EDGE('',*,*,#5634,.T.);
#5109=ORIENTED_EDGE('',*,*,#5635,.F.);
#5110=ORIENTED_EDGE('',*,*,#5636,.T.);
#5111=ORIENTED_EDGE('',*,*,#5637,.F.);
#5112=ORIENTED_EDGE('',*,*,#5638,.T.);
#5113=ORIENTED_EDGE('',*,*,#5639,.F.);
#5114=ORIENTED_EDGE('',*,*,#5640,.T.);
#5115=ORIENTED_EDGE('',*,*,#5641,.F.);
#5116=ORIENTED_EDGE('',*,*,#5642,.T.);
#5117=ORIENTED_EDGE('',*,*,#5643,.F.);
#5118=ORIENTED_EDGE('',*,*,#5644,.T.);
#5119=ORIENTED_EDGE('',*,*,#5645,.F.);
#5120=ORIENTED_EDGE('',*,*,#5646,.F.);
#5121=ORIENTED_EDGE('',*,*,#5647,.F.);
#5122=ORIENTED_EDGE('',*,*,#5648,.F.);
#5123=ORIENTED_EDGE('',*,*,#5649,.F.);
#5124=ORIENTED_EDGE('',*,*,#5650,.F.);
#5125=ORIENTED_EDGE('',*,*,#5651,.F.);
#5126=ORIENTED_EDGE('',*,*,#5652,.F.);
#5127=ORIENTED_EDGE('',*,*,#5653,.F.);
#5128=ORIENTED_EDGE('',*,*,#5654,.F.);
#5129=ORIENTED_EDGE('',*,*,#5655,.F.);
#5130=ORIENTED_EDGE('',*,*,#5656,.F.);
#5131=ORIENTED_EDGE('',*,*,#5602,.F.);
#5132=ORIENTED_EDGE('',*,*,#5657,.F.);
#5133=ORIENTED_EDGE('',*,*,#5658,.F.);
#5134=ORIENTED_EDGE('',*,*,#5593,.F.);
#5135=ORIENTED_EDGE('',*,*,#5658,.T.);
#5136=ORIENTED_EDGE('',*,*,#5659,.F.);
#5137=ORIENTED_EDGE('',*,*,#5594,.T.);
#5138=ORIENTED_EDGE('',*,*,#5660,.T.);
#5139=ORIENTED_EDGE('',*,*,#5599,.F.);
#5140=ORIENTED_EDGE('',*,*,#5595,.T.);
#5141=ORIENTED_EDGE('',*,*,#5659,.T.);
#5142=ORIENTED_EDGE('',*,*,#5661,.F.);
#5143=ORIENTED_EDGE('',*,*,#5596,.F.);
#5144=ORIENTED_EDGE('',*,*,#5660,.F.);
#5145=ORIENTED_EDGE('',*,*,#5657,.T.);
#5146=ORIENTED_EDGE('',*,*,#5661,.T.);
#5147=ORIENTED_EDGE('',*,*,#5605,.T.);
#5148=ORIENTED_EDGE('',*,*,#5601,.T.);
#5149=ORIENTED_EDGE('',*,*,#5597,.T.);
#5150=ORIENTED_EDGE('',*,*,#5662,.T.);
#5151=ORIENTED_EDGE('',*,*,#5663,.F.);
#5152=ORIENTED_EDGE('',*,*,#5664,.T.);
#5153=ORIENTED_EDGE('',*,*,#5603,.T.);
#5154=ORIENTED_EDGE('',*,*,#5665,.F.);
#5155=ORIENTED_EDGE('',*,*,#5606,.F.);
#5156=ORIENTED_EDGE('',*,*,#5664,.F.);
#5157=ORIENTED_EDGE('',*,*,#5666,.F.);
#5158=ORIENTED_EDGE('',*,*,#5655,.T.);
#5159=ORIENTED_EDGE('',*,*,#5667,.F.);
#5160=ORIENTED_EDGE('',*,*,#5607,.T.);
#5161=ORIENTED_EDGE('',*,*,#5668,.F.);
#5162=ORIENTED_EDGE('',*,*,#5669,.F.);
#5163=ORIENTED_EDGE('',*,*,#5608,.F.);
#5164=ORIENTED_EDGE('',*,*,#5670,.F.);
#5165=ORIENTED_EDGE('',*,*,#5671,.F.);
#5166=ORIENTED_EDGE('',*,*,#5653,.T.);
#5167=ORIENTED_EDGE('',*,*,#5672,.F.);
#5168=ORIENTED_EDGE('',*,*,#5609,.T.);
#5169=ORIENTED_EDGE('',*,*,#5673,.F.);
#5170=ORIENTED_EDGE('',*,*,#5674,.F.);
#5171=ORIENTED_EDGE('',*,*,#5610,.F.);
#5172=ORIENTED_EDGE('',*,*,#5675,.F.);
#5173=ORIENTED_EDGE('',*,*,#5676,.F.);
#5174=ORIENTED_EDGE('',*,*,#5651,.T.);
#5175=ORIENTED_EDGE('',*,*,#5677,.F.);
#5176=ORIENTED_EDGE('',*,*,#5611,.T.);
#5177=ORIENTED_EDGE('',*,*,#5678,.F.);
#5178=ORIENTED_EDGE('',*,*,#5679,.F.);
#5179=ORIENTED_EDGE('',*,*,#5612,.F.);
#5180=ORIENTED_EDGE('',*,*,#5680,.F.);
#5181=ORIENTED_EDGE('',*,*,#5681,.F.);
#5182=ORIENTED_EDGE('',*,*,#5649,.T.);
#5183=ORIENTED_EDGE('',*,*,#5682,.F.);
#5184=ORIENTED_EDGE('',*,*,#5613,.T.);
#5185=ORIENTED_EDGE('',*,*,#5683,.F.);
#5186=ORIENTED_EDGE('',*,*,#5684,.F.);
#5187=ORIENTED_EDGE('',*,*,#5614,.F.);
#5188=ORIENTED_EDGE('',*,*,#5685,.F.);
#5189=ORIENTED_EDGE('',*,*,#5686,.F.);
#5190=ORIENTED_EDGE('',*,*,#5647,.T.);
#5191=ORIENTED_EDGE('',*,*,#5687,.F.);
#5192=ORIENTED_EDGE('',*,*,#5617,.T.);
#5193=ORIENTED_EDGE('',*,*,#5688,.F.);
#5194=ORIENTED_EDGE('',*,*,#5689,.F.);
#5195=ORIENTED_EDGE('',*,*,#5690,.F.);
#5196=ORIENTED_EDGE('',*,*,#5615,.T.);
#5197=ORIENTED_EDGE('',*,*,#5691,.F.);
#5198=ORIENTED_EDGE('',*,*,#5692,.F.);
#5199=ORIENTED_EDGE('',*,*,#5616,.F.);
#5200=ORIENTED_EDGE('',*,*,#5693,.F.);
#5201=ORIENTED_EDGE('',*,*,#5694,.F.);
#5202=ORIENTED_EDGE('',*,*,#5646,.T.);
#5203=ORIENTED_EDGE('',*,*,#5695,.T.);
#5204=ORIENTED_EDGE('',*,*,#5618,.T.);
#5205=ORIENTED_EDGE('',*,*,#5687,.T.);
#5206=ORIENTED_EDGE('',*,*,#5696,.T.);
#5207=ORIENTED_EDGE('',*,*,#5697,.F.);
#5208=ORIENTED_EDGE('',*,*,#5698,.F.);
#5209=ORIENTED_EDGE('',*,*,#5699,.F.);
#5210=ORIENTED_EDGE('',*,*,#5700,.F.);
#5211=ORIENTED_EDGE('',*,*,#5701,.F.);
#5212=ORIENTED_EDGE('',*,*,#5702,.F.);
#5213=ORIENTED_EDGE('',*,*,#5703,.F.);
#5214=ORIENTED_EDGE('',*,*,#5704,.F.);
#5215=ORIENTED_EDGE('',*,*,#5645,.T.);
#5216=ORIENTED_EDGE('',*,*,#5705,.F.);
#5217=ORIENTED_EDGE('',*,*,#5619,.T.);
#5218=ORIENTED_EDGE('',*,*,#5695,.F.);
#5219=ORIENTED_EDGE('',*,*,#5706,.F.);
#5220=ORIENTED_EDGE('',*,*,#5707,.F.);
#5221=ORIENTED_EDGE('',*,*,#5708,.F.);
#5222=ORIENTED_EDGE('',*,*,#5620,.T.);
#5223=ORIENTED_EDGE('',*,*,#5643,.T.);
#5224=ORIENTED_EDGE('',*,*,#5709,.F.);
#5225=ORIENTED_EDGE('',*,*,#5621,.T.);
#5226=ORIENTED_EDGE('',*,*,#5710,.F.);
#5227=ORIENTED_EDGE('',*,*,#5711,.F.);
#5228=ORIENTED_EDGE('',*,*,#5712,.F.);
#5229=ORIENTED_EDGE('',*,*,#5713,.F.);
#5230=ORIENTED_EDGE('',*,*,#5622,.T.);
#5231=ORIENTED_EDGE('',*,*,#5641,.T.);
#5232=ORIENTED_EDGE('',*,*,#5714,.F.);
#5233=ORIENTED_EDGE('',*,*,#5623,.T.);
#5234=ORIENTED_EDGE('',*,*,#5715,.F.);
#5235=ORIENTED_EDGE('',*,*,#5716,.F.);
#5236=ORIENTED_EDGE('',*,*,#5717,.F.);
#5237=ORIENTED_EDGE('',*,*,#5718,.F.);
#5238=ORIENTED_EDGE('',*,*,#5624,.T.);
#5239=ORIENTED_EDGE('',*,*,#5639,.T.);
#5240=ORIENTED_EDGE('',*,*,#5719,.F.);
#5241=ORIENTED_EDGE('',*,*,#5625,.T.);
#5242=ORIENTED_EDGE('',*,*,#5720,.F.);
#5243=ORIENTED_EDGE('',*,*,#5721,.F.);
#5244=ORIENTED_EDGE('',*,*,#5722,.F.);
#5245=ORIENTED_EDGE('',*,*,#5723,.F.);
#5246=ORIENTED_EDGE('',*,*,#5626,.T.);
#5247=ORIENTED_EDGE('',*,*,#5637,.T.);
#5248=ORIENTED_EDGE('',*,*,#5724,.F.);
#5249=ORIENTED_EDGE('',*,*,#5627,.T.);
#5250=ORIENTED_EDGE('',*,*,#5725,.F.);
#5251=ORIENTED_EDGE('',*,*,#5726,.F.);
#5252=ORIENTED_EDGE('',*,*,#5727,.F.);
#5253=ORIENTED_EDGE('',*,*,#5728,.F.);
#5254=ORIENTED_EDGE('',*,*,#5628,.T.);
#5255=ORIENTED_EDGE('',*,*,#5635,.T.);
#5256=ORIENTED_EDGE('',*,*,#5729,.F.);
#5257=ORIENTED_EDGE('',*,*,#5629,.T.);
#5258=ORIENTED_EDGE('',*,*,#5730,.F.);
#5259=ORIENTED_EDGE('',*,*,#5731,.F.);
#5260=ORIENTED_EDGE('',*,*,#5732,.F.);
#5261=ORIENTED_EDGE('',*,*,#5733,.F.);
#5262=ORIENTED_EDGE('',*,*,#5630,.T.);
#5263=ORIENTED_EDGE('',*,*,#5734,.T.);
#5264=ORIENTED_EDGE('',*,*,#5633,.T.);
#5265=ORIENTED_EDGE('',*,*,#5733,.T.);
#5266=ORIENTED_EDGE('',*,*,#5735,.F.);
#5267=ORIENTED_EDGE('',*,*,#5736,.F.);
#5268=ORIENTED_EDGE('',*,*,#5634,.F.);
#5269=ORIENTED_EDGE('',*,*,#5734,.F.);
#5270=ORIENTED_EDGE('',*,*,#5737,.F.);
#5271=ORIENTED_EDGE('',*,*,#5738,.F.);
#5272=ORIENTED_EDGE('',*,*,#5636,.F.);
#5273=ORIENTED_EDGE('',*,*,#5739,.F.);
#5274=ORIENTED_EDGE('',*,*,#5740,.F.);
#5275=ORIENTED_EDGE('',*,*,#5741,.F.);
#5276=ORIENTED_EDGE('',*,*,#5638,.F.);
#5277=ORIENTED_EDGE('',*,*,#5742,.F.);
#5278=ORIENTED_EDGE('',*,*,#5743,.F.);
#5279=ORIENTED_EDGE('',*,*,#5744,.F.);
#5280=ORIENTED_EDGE('',*,*,#5640,.F.);
#5281=ORIENTED_EDGE('',*,*,#5745,.F.);
#5282=ORIENTED_EDGE('',*,*,#5746,.F.);
#5283=ORIENTED_EDGE('',*,*,#5747,.F.);
#5284=ORIENTED_EDGE('',*,*,#5642,.F.);
#5285=ORIENTED_EDGE('',*,*,#5748,.F.);
#5286=ORIENTED_EDGE('',*,*,#5749,.F.);
#5287=ORIENTED_EDGE('',*,*,#5750,.F.);
#5288=ORIENTED_EDGE('',*,*,#5644,.F.);
#5289=ORIENTED_EDGE('',*,*,#5751,.F.);
#5290=ORIENTED_EDGE('',*,*,#5752,.F.);
#5291=ORIENTED_EDGE('',*,*,#5753,.F.);
#5292=ORIENTED_EDGE('',*,*,#5754,.F.);
#5293=ORIENTED_EDGE('',*,*,#5755,.F.);
#5294=ORIENTED_EDGE('',*,*,#5648,.T.);
#5295=ORIENTED_EDGE('',*,*,#5756,.F.);
#5296=ORIENTED_EDGE('',*,*,#5757,.F.);
#5297=ORIENTED_EDGE('',*,*,#5758,.F.);
#5298=ORIENTED_EDGE('',*,*,#5650,.T.);
#5299=ORIENTED_EDGE('',*,*,#5759,.F.);
#5300=ORIENTED_EDGE('',*,*,#5760,.F.);
#5301=ORIENTED_EDGE('',*,*,#5761,.F.);
#5302=ORIENTED_EDGE('',*,*,#5652,.T.);
#5303=ORIENTED_EDGE('',*,*,#5762,.F.);
#5304=ORIENTED_EDGE('',*,*,#5763,.F.);
#5305=ORIENTED_EDGE('',*,*,#5764,.F.);
#5306=ORIENTED_EDGE('',*,*,#5654,.T.);
#5307=ORIENTED_EDGE('',*,*,#5765,.F.);
#5308=ORIENTED_EDGE('',*,*,#5766,.F.);
#5309=ORIENTED_EDGE('',*,*,#5662,.F.);
#5310=ORIENTED_EDGE('',*,*,#5656,.T.);
#5311=ORIENTED_EDGE('',*,*,#5766,.T.);
#5312=ORIENTED_EDGE('',*,*,#5767,.F.);
#5313=ORIENTED_EDGE('',*,*,#5666,.T.);
#5314=ORIENTED_EDGE('',*,*,#5663,.T.);
#5315=ORIENTED_EDGE('',*,*,#5765,.T.);
#5316=ORIENTED_EDGE('',*,*,#5668,.T.);
#5317=ORIENTED_EDGE('',*,*,#5665,.T.);
#5318=ORIENTED_EDGE('',*,*,#5767,.T.);
#5319=ORIENTED_EDGE('',*,*,#5764,.T.);
#5320=ORIENTED_EDGE('',*,*,#5768,.F.);
#5321=ORIENTED_EDGE('',*,*,#5670,.T.);
#5322=ORIENTED_EDGE('',*,*,#5667,.T.);
#5323=ORIENTED_EDGE('',*,*,#5762,.T.);
#5324=ORIENTED_EDGE('',*,*,#5673,.T.);
#5325=ORIENTED_EDGE('',*,*,#5669,.T.);
#5326=ORIENTED_EDGE('',*,*,#5769,.T.);
#5327=ORIENTED_EDGE('',*,*,#5763,.T.);
#5328=ORIENTED_EDGE('',*,*,#5769,.F.);
#5329=ORIENTED_EDGE('',*,*,#5671,.T.);
#5330=ORIENTED_EDGE('',*,*,#5768,.T.);
#5331=ORIENTED_EDGE('',*,*,#5761,.T.);
#5332=ORIENTED_EDGE('',*,*,#5770,.F.);
#5333=ORIENTED_EDGE('',*,*,#5675,.T.);
#5334=ORIENTED_EDGE('',*,*,#5672,.T.);
#5335=ORIENTED_EDGE('',*,*,#5759,.T.);
#5336=ORIENTED_EDGE('',*,*,#5678,.T.);
#5337=ORIENTED_EDGE('',*,*,#5674,.T.);
#5338=ORIENTED_EDGE('',*,*,#5771,.T.);
#5339=ORIENTED_EDGE('',*,*,#5760,.T.);
#5340=ORIENTED_EDGE('',*,*,#5771,.F.);
#5341=ORIENTED_EDGE('',*,*,#5676,.T.);
#5342=ORIENTED_EDGE('',*,*,#5770,.T.);
#5343=ORIENTED_EDGE('',*,*,#5758,.T.);
#5344=ORIENTED_EDGE('',*,*,#5772,.F.);
#5345=ORIENTED_EDGE('',*,*,#5680,.T.);
#5346=ORIENTED_EDGE('',*,*,#5677,.T.);
#5347=ORIENTED_EDGE('',*,*,#5756,.T.);
#5348=ORIENTED_EDGE('',*,*,#5683,.T.);
#5349=ORIENTED_EDGE('',*,*,#5679,.T.);
#5350=ORIENTED_EDGE('',*,*,#5773,.T.);
#5351=ORIENTED_EDGE('',*,*,#5757,.T.);
#5352=ORIENTED_EDGE('',*,*,#5773,.F.);
#5353=ORIENTED_EDGE('',*,*,#5681,.T.);
#5354=ORIENTED_EDGE('',*,*,#5772,.T.);
#5355=ORIENTED_EDGE('',*,*,#5755,.T.);
#5356=ORIENTED_EDGE('',*,*,#5774,.F.);
#5357=ORIENTED_EDGE('',*,*,#5685,.T.);
#5358=ORIENTED_EDGE('',*,*,#5682,.T.);
#5359=ORIENTED_EDGE('',*,*,#5753,.T.);
#5360=ORIENTED_EDGE('',*,*,#5691,.T.);
#5361=ORIENTED_EDGE('',*,*,#5684,.T.);
#5362=ORIENTED_EDGE('',*,*,#5775,.T.);
#5363=ORIENTED_EDGE('',*,*,#5754,.T.);
#5364=ORIENTED_EDGE('',*,*,#5775,.F.);
#5365=ORIENTED_EDGE('',*,*,#5686,.T.);
#5366=ORIENTED_EDGE('',*,*,#5774,.T.);
#5367=ORIENTED_EDGE('',*,*,#5692,.T.);
#5368=ORIENTED_EDGE('',*,*,#5776,.T.);
#5369=ORIENTED_EDGE('',*,*,#5777,.F.);
#5370=ORIENTED_EDGE('',*,*,#5688,.T.);
#5371=ORIENTED_EDGE('',*,*,#5689,.T.);
#5372=ORIENTED_EDGE('',*,*,#5777,.T.);
#5373=ORIENTED_EDGE('',*,*,#5778,.T.);
#5374=ORIENTED_EDGE('',*,*,#5779,.T.);
#5375=ORIENTED_EDGE('',*,*,#5693,.T.);
#5376=ORIENTED_EDGE('',*,*,#5690,.T.);
#5377=ORIENTED_EDGE('',*,*,#5779,.F.);
#5378=ORIENTED_EDGE('',*,*,#5780,.F.);
#5379=ORIENTED_EDGE('',*,*,#5694,.T.);
#5380=ORIENTED_EDGE('',*,*,#5780,.T.);
#5381=ORIENTED_EDGE('',*,*,#5778,.F.);
#5382=ORIENTED_EDGE('',*,*,#5776,.F.);
#5383=ORIENTED_EDGE('',*,*,#5781,.T.);
#5384=ORIENTED_EDGE('',*,*,#5782,.T.);
#5385=ORIENTED_EDGE('',*,*,#5696,.F.);
#5386=ORIENTED_EDGE('',*,*,#5783,.F.);
#5387=ORIENTED_EDGE('',*,*,#5784,.F.);
#5388=ORIENTED_EDGE('',*,*,#5697,.T.);
#5389=ORIENTED_EDGE('',*,*,#5785,.T.);
#5390=ORIENTED_EDGE('',*,*,#5786,.F.);
#5391=ORIENTED_EDGE('',*,*,#5698,.T.);
#5392=ORIENTED_EDGE('',*,*,#5784,.T.);
#5393=ORIENTED_EDGE('',*,*,#5787,.F.);
#5394=ORIENTED_EDGE('',*,*,#5788,.T.);
#5395=ORIENTED_EDGE('',*,*,#5789,.F.);
#5396=ORIENTED_EDGE('',*,*,#5790,.F.);
#5397=ORIENTED_EDGE('',*,*,#5699,.T.);
#5398=ORIENTED_EDGE('',*,*,#5786,.T.);
#5399=ORIENTED_EDGE('',*,*,#5791,.F.);
#5400=ORIENTED_EDGE('',*,*,#5785,.F.);
#5401=ORIENTED_EDGE('',*,*,#5700,.T.);
#5402=ORIENTED_EDGE('',*,*,#5790,.T.);
#5403=ORIENTED_EDGE('',*,*,#5792,.T.);
#5404=ORIENTED_EDGE('',*,*,#5793,.F.);
#5405=ORIENTED_EDGE('',*,*,#5794,.F.);
#5406=ORIENTED_EDGE('',*,*,#5701,.T.);
#5407=ORIENTED_EDGE('',*,*,#5795,.T.);
#5408=ORIENTED_EDGE('',*,*,#5796,.T.);
#5409=ORIENTED_EDGE('',*,*,#5797,.F.);
#5410=ORIENTED_EDGE('',*,*,#5798,.F.);
#5411=ORIENTED_EDGE('',*,*,#5702,.T.);
#5412=ORIENTED_EDGE('',*,*,#5794,.T.);
#5413=ORIENTED_EDGE('',*,*,#5799,.F.);
#5414=ORIENTED_EDGE('',*,*,#5703,.T.);
#5415=ORIENTED_EDGE('',*,*,#5798,.T.);
#5416=ORIENTED_EDGE('',*,*,#5800,.F.);
#5417=ORIENTED_EDGE('',*,*,#5801,.T.);
#5418=ORIENTED_EDGE('',*,*,#5802,.F.);
#5419=ORIENTED_EDGE('',*,*,#5795,.F.);
#5420=ORIENTED_EDGE('',*,*,#5704,.T.);
#5421=ORIENTED_EDGE('',*,*,#5799,.T.);
#5422=ORIENTED_EDGE('',*,*,#5750,.T.);
#5423=ORIENTED_EDGE('',*,*,#5803,.T.);
#5424=ORIENTED_EDGE('',*,*,#5706,.T.);
#5425=ORIENTED_EDGE('',*,*,#5705,.T.);
#5426=ORIENTED_EDGE('',*,*,#5752,.T.);
#5427=ORIENTED_EDGE('',*,*,#5804,.T.);
#5428=ORIENTED_EDGE('',*,*,#5707,.T.);
#5429=ORIENTED_EDGE('',*,*,#5803,.F.);
#5430=ORIENTED_EDGE('',*,*,#5751,.T.);
#5431=ORIENTED_EDGE('',*,*,#5710,.T.);
#5432=ORIENTED_EDGE('',*,*,#5708,.T.);
#5433=ORIENTED_EDGE('',*,*,#5804,.F.);
#5434=ORIENTED_EDGE('',*,*,#5747,.T.);
#5435=ORIENTED_EDGE('',*,*,#5805,.T.);
#5436=ORIENTED_EDGE('',*,*,#5711,.T.);
#5437=ORIENTED_EDGE('',*,*,#5709,.T.);
#5438=ORIENTED_EDGE('',*,*,#5749,.T.);
#5439=ORIENTED_EDGE('',*,*,#5806,.T.);
#5440=ORIENTED_EDGE('',*,*,#5712,.T.);
#5441=ORIENTED_EDGE('',*,*,#5805,.F.);
#5442=ORIENTED_EDGE('',*,*,#5748,.T.);
#5443=ORIENTED_EDGE('',*,*,#5715,.T.);
#5444=ORIENTED_EDGE('',*,*,#5713,.T.);
#5445=ORIENTED_EDGE('',*,*,#5806,.F.);
#5446=ORIENTED_EDGE('',*,*,#5744,.T.);
#5447=ORIENTED_EDGE('',*,*,#5807,.T.);
#5448=ORIENTED_EDGE('',*,*,#5716,.T.);
#5449=ORIENTED_EDGE('',*,*,#5714,.T.);
#5450=ORIENTED_EDGE('',*,*,#5746,.T.);
#5451=ORIENTED_EDGE('',*,*,#5808,.T.);
#5452=ORIENTED_EDGE('',*,*,#5717,.T.);
#5453=ORIENTED_EDGE('',*,*,#5807,.F.);
#5454=ORIENTED_EDGE('',*,*,#5745,.T.);
#5455=ORIENTED_EDGE('',*,*,#5720,.T.);
#5456=ORIENTED_EDGE('',*,*,#5718,.T.);
#5457=ORIENTED_EDGE('',*,*,#5808,.F.);
#5458=ORIENTED_EDGE('',*,*,#5741,.T.);
#5459=ORIENTED_EDGE('',*,*,#5809,.T.);
#5460=ORIENTED_EDGE('',*,*,#5721,.T.);
#5461=ORIENTED_EDGE('',*,*,#5719,.T.);
#5462=ORIENTED_EDGE('',*,*,#5743,.T.);
#5463=ORIENTED_EDGE('',*,*,#5810,.T.);
#5464=ORIENTED_EDGE('',*,*,#5722,.T.);
#5465=ORIENTED_EDGE('',*,*,#5809,.F.);
#5466=ORIENTED_EDGE('',*,*,#5742,.T.);
#5467=ORIENTED_EDGE('',*,*,#5725,.T.);
#5468=ORIENTED_EDGE('',*,*,#5723,.T.);
#5469=ORIENTED_EDGE('',*,*,#5810,.F.);
#5470=ORIENTED_EDGE('',*,*,#5738,.T.);
#5471=ORIENTED_EDGE('',*,*,#5811,.T.);
#5472=ORIENTED_EDGE('',*,*,#5726,.T.);
#5473=ORIENTED_EDGE('',*,*,#5724,.T.);
#5474=ORIENTED_EDGE('',*,*,#5740,.T.);
#5475=ORIENTED_EDGE('',*,*,#5812,.T.);
#5476=ORIENTED_EDGE('',*,*,#5727,.T.);
#5477=ORIENTED_EDGE('',*,*,#5811,.F.);
#5478=ORIENTED_EDGE('',*,*,#5739,.T.);
#5479=ORIENTED_EDGE('',*,*,#5730,.T.);
#5480=ORIENTED_EDGE('',*,*,#5728,.T.);
#5481=ORIENTED_EDGE('',*,*,#5812,.F.);
#5482=ORIENTED_EDGE('',*,*,#5736,.T.);
#5483=ORIENTED_EDGE('',*,*,#5813,.T.);
#5484=ORIENTED_EDGE('',*,*,#5731,.T.);
#5485=ORIENTED_EDGE('',*,*,#5729,.T.);
#5486=ORIENTED_EDGE('',*,*,#5737,.T.);
#5487=ORIENTED_EDGE('',*,*,#5735,.T.);
#5488=ORIENTED_EDGE('',*,*,#5732,.T.);
#5489=ORIENTED_EDGE('',*,*,#5813,.F.);
#5490=ORIENTED_EDGE('',*,*,#5814,.T.);
#5491=ORIENTED_EDGE('',*,*,#5815,.T.);
#5492=ORIENTED_EDGE('',*,*,#5782,.F.);
#5493=ORIENTED_EDGE('',*,*,#5781,.F.);
#5494=ORIENTED_EDGE('',*,*,#5789,.T.);
#5495=ORIENTED_EDGE('',*,*,#5787,.T.);
#5496=ORIENTED_EDGE('',*,*,#5783,.T.);
#5497=ORIENTED_EDGE('',*,*,#5791,.T.);
#5498=ORIENTED_EDGE('',*,*,#5792,.F.);
#5499=ORIENTED_EDGE('',*,*,#5788,.F.);
#5500=ORIENTED_EDGE('',*,*,#5802,.T.);
#5501=ORIENTED_EDGE('',*,*,#5800,.T.);
#5502=ORIENTED_EDGE('',*,*,#5797,.T.);
#5503=ORIENTED_EDGE('',*,*,#5793,.T.);
#5504=ORIENTED_EDGE('',*,*,#5796,.F.);
#5505=ORIENTED_EDGE('',*,*,#5801,.F.);
#5506=ORIENTED_EDGE('',*,*,#5815,.F.);
#5507=ORIENTED_EDGE('',*,*,#5814,.F.);
#5508=ORIENTED_EDGE('',*,*,#5816,.T.);
#5509=ORIENTED_EDGE('',*,*,#5816,.F.);
#5510=EDGE_CURVE('',#5817,#5818,#5819,.T.);
#5511=EDGE_CURVE('',#5817,#5820,#5821,.T.);
#5512=EDGE_CURVE('',#5820,#5822,#5823,.T.);
#5513=EDGE_CURVE('',#5824,#5822,#5825,.F.);
#5514=EDGE_CURVE('',#5824,#5826,#5827,.T.);
#5515=EDGE_CURVE('',#5828,#5826,#5829,.T.);
#5516=EDGE_CURVE('',#5830,#5828,#5831,.T.);
#5517=EDGE_CURVE('',#5818,#5830,#5832,.F.);
#5518=EDGE_CURVE('',#5833,#5833,#5834,.T.);
#5519=EDGE_CURVE('',#5835,#5835,#5836,.T.);
#5520=EDGE_CURVE('',#5837,#5838,#5839,.T.);
#5521=EDGE_CURVE('',#5838,#5840,#5841,.T.);
#5522=EDGE_CURVE('',#5840,#5842,#5843,.F.);
#5523=EDGE_CURVE('',#5837,#5842,#5844,.T.);
#5524=EDGE_CURVE('',#5845,#5846,#5847,.T.);
#5525=EDGE_CURVE('',#5846,#5848,#5849,.T.);
#5526=EDGE_CURVE('',#5848,#5850,#5851,.F.);
#5527=EDGE_CURVE('',#5845,#5850,#5852,.T.);
#5528=EDGE_CURVE('',#5853,#5854,#5855,.T.);
#5529=EDGE_CURVE('',#5854,#5856,#5857,.T.);
#5530=EDGE_CURVE('',#5856,#5858,#5859,.F.);
#5531=EDGE_CURVE('',#5853,#5858,#5860,.T.);
#5532=EDGE_CURVE('',#5861,#5862,#5863,.T.);
#5533=EDGE_CURVE('',#5862,#5864,#5865,.T.);
#5534=EDGE_CURVE('',#5864,#5866,#5867,.F.);
#5535=EDGE_CURVE('',#5861,#5866,#5868,.T.);
#5536=EDGE_CURVE('',#5869,#5861,#5870,.T.);
#5537=EDGE_CURVE('',#5871,#5866,#5872,.F.);
#5538=EDGE_CURVE('',#5869,#5871,#5873,.T.);
#5539=EDGE_CURVE('',#5820,#5869,#5874,.T.);
#5540=EDGE_CURVE('',#5822,#5871,#5875,.F.);
#5541=EDGE_CURVE('',#5876,#5817,#5877,.T.);
#5542=EDGE_CURVE('',#5878,#5818,#5879,.F.);
#5543=EDGE_CURVE('',#5876,#5878,#5880,.T.);
#5544=EDGE_CURVE('',#5838,#5876,#5881,.T.);
#5545=EDGE_CURVE('',#5840,#5878,#5882,.F.);
#5546=EDGE_CURVE('',#5846,#5837,#5883,.T.);
#5547=EDGE_CURVE('',#5848,#5842,#5884,.F.);
#5548=EDGE_CURVE('',#5854,#5845,#5885,.T.);
#5549=EDGE_CURVE('',#5856,#5850,#5886,.F.);
#5550=EDGE_CURVE('',#5862,#5853,#5887,.T.);
#5551=EDGE_CURVE('',#5864,#5858,#5888,.F.);
#5552=EDGE_CURVE('',#5889,#5889,#5890,.F.);
#5553=EDGE_CURVE('',#5824,#5891,#5892,.T.);
#5554=EDGE_CURVE('',#5891,#5893,#5894,.T.);
#5555=EDGE_CURVE('',#5826,#5893,#5895,.T.);
#5556=EDGE_CURVE('',#5893,#5896,#5897,.T.);
#5557=EDGE_CURVE('',#5896,#5828,#5898,.T.);
#5558=EDGE_CURVE('',#5899,#5830,#5900,.T.);
#5559=EDGE_CURVE('',#5896,#5899,#5901,.F.);
#5560=EDGE_CURVE('',#5899,#5902,#5903,.T.);
#5561=EDGE_CURVE('',#5818,#5902,#5904,.T.);
#5562=EDGE_CURVE('',#5905,#5822,#5906,.T.);
#5563=EDGE_CURVE('',#5905,#5891,#5907,.T.);
#5564=EDGE_CURVE('',#5822,#5818,#5908,.T.);
#5565=EDGE_CURVE('',#5909,#5909,#5910,.T.);
#5566=EDGE_CURVE('',#5911,#5911,#5912,.T.);
#5567=EDGE_CURVE('',#5913,#5914,#5915,.T.);
#5568=EDGE_CURVE('',#5902,#5913,#5916,.T.);
#5569=EDGE_CURVE('',#5917,#5905,#5918,.F.);
#5570=EDGE_CURVE('',#5914,#5917,#5919,.T.);
#5571=EDGE_CURVE('',#5920,#5913,#5921,.T.);
#5572=EDGE_CURVE('',#5818,#5920,#5922,.T.);
#5573=EDGE_CURVE('',#5822,#5923,#5924,.T.);
#5574=EDGE_CURVE('',#5917,#5923,#5925,.T.);
#5575=EDGE_CURVE('',#5923,#5920,#5926,.T.);
#5576=EDGE_CURVE('',#5927,#5928,#5929,.F.);
#5577=EDGE_CURVE('',#5928,#5927,#5930,.F.);
#5578=EDGE_CURVE('',#5931,#5931,#5932,.F.);
#5579=EDGE_CURVE('',#5933,#5933,#5934,.T.);
#5580=EDGE_CURVE('',#5935,#5935,#5936,.F.);
#5581=EDGE_CURVE('',#5937,#5937,#5938,.F.);
#5582=EDGE_CURVE('',#5939,#5939,#5940,.T.);
#5583=EDGE_CURVE('',#5941,#5941,#5942,.T.);
#5584=EDGE_CURVE('',#5943,#5943,#5944,.T.);
#5585=EDGE_CURVE('',#5945,#5945,#5946,.T.);
#5586=EDGE_CURVE('',#5947,#5947,#5948,.T.);
#5587=EDGE_CURVE('',#5949,#5949,#5950,.T.);
#5588=EDGE_CURVE('',#5951,#5952,#5953,.T.);
#5589=EDGE_CURVE('',#5954,#5951,#5955,.T.);
#5590=EDGE_CURVE('',#5956,#5954,#5957,.T.);
#5591=EDGE_CURVE('',#5956,#5958,#5959,.T.);
#5592=EDGE_CURVE('',#5960,#5958,#5961,.T.);
#5593=EDGE_CURVE('',#5960,#5962,#5963,.T.);
#5594=EDGE_CURVE('',#5964,#5962,#5965,.T.);
#5595=EDGE_CURVE('',#5952,#5964,#5966,.T.);
#5596=EDGE_CURVE('',#5967,#5968,#5969,.F.);
#5597=EDGE_CURVE('',#5970,#5968,#5971,.T.);
#5598=EDGE_CURVE('',#5970,#5951,#5972,.T.);
#5599=EDGE_CURVE('',#5952,#5967,#5973,.T.);
#5600=EDGE_CURVE('',#5974,#5954,#5975,.F.);
#5601=EDGE_CURVE('',#5974,#5970,#5976,.T.);
#5602=EDGE_CURVE('',#5977,#5978,#5979,.T.);
#5603=EDGE_CURVE('',#5980,#5978,#5981,.T.);
#5604=EDGE_CURVE('',#5980,#5956,#5982,.F.);
#5605=EDGE_CURVE('',#5977,#5974,#5983,.F.);
#5606=EDGE_CURVE('',#5980,#5984,#5985,.T.);
#5607=EDGE_CURVE('',#5986,#5984,#5987,.F.);
#5608=EDGE_CURVE('',#5986,#5988,#5989,.T.);
#5609=EDGE_CURVE('',#5990,#5988,#5991,.F.);
#5610=EDGE_CURVE('',#5990,#5992,#5993,.T.);
#5611=EDGE_CURVE('',#5994,#5992,#5995,.F.);
#5612=EDGE_CURVE('',#5994,#5996,#5997,.T.);
#5613=EDGE_CURVE('',#5998,#5996,#5999,.F.);
#5614=EDGE_CURVE('',#5998,#6000,#6001,.T.);
#5615=EDGE_CURVE('',#6002,#6000,#6003,.F.);
#5616=EDGE_CURVE('',#6002,#6004,#6005,.T.);
#5617=EDGE_CURVE('',#6006,#6004,#6007,.F.);
#5618=EDGE_CURVE('',#6008,#6006,#6009,.F.);
#5619=EDGE_CURVE('',#6010,#6008,#6011,.T.);
#5620=EDGE_CURVE('',#6012,#6010,#6013,.T.);
#5621=EDGE_CURVE('',#6014,#6012,#6015,.T.);
#5622=EDGE_CURVE('',#6016,#6014,#6017,.T.);
#5623=EDGE_CURVE('',#6018,#6016,#6019,.T.);
#5624=EDGE_CURVE('',#6020,#6018,#6021,.T.);
#5625=EDGE_CURVE('',#6022,#6020,#6023,.T.);
#5626=EDGE_CURVE('',#6024,#6022,#6025,.T.);
#5627=EDGE_CURVE('',#6026,#6024,#6027,.T.);
#5628=EDGE_CURVE('',#6028,#6026,#6029,.T.);
#5629=EDGE_CURVE('',#6030,#6028,#6031,.T.);
#5630=EDGE_CURVE('',#6032,#6030,#6033,.T.);
#5631=EDGE_CURVE('',#5958,#6032,#6034,.T.);
#5632=EDGE_CURVE('',#6035,#5960,#6036,.F.);
#5633=EDGE_CURVE('',#6035,#6032,#6037,.T.);
#5634=EDGE_CURVE('',#6035,#6038,#6039,.T.);
#5635=EDGE_CURVE('',#6040,#6038,#6041,.F.);
#5636=EDGE_CURVE('',#6040,#6042,#6043,.T.);
#5637=EDGE_CURVE('',#6044,#6042,#6045,.F.);
#5638=EDGE_CURVE('',#6044,#6046,#6047,.T.);
#5639=EDGE_CURVE('',#6048,#6046,#6049,.F.);
#5640=EDGE_CURVE('',#6048,#6050,#6051,.T.);
#5641=EDGE_CURVE('',#6052,#6050,#6053,.F.);
#5642=EDGE_CURVE('',#6052,#6054,#6055,.T.);
#5643=EDGE_CURVE('',#6056,#6054,#6057,.F.);
#5644=EDGE_CURVE('',#6056,#6058,#6059,.T.);
#5645=EDGE_CURVE('',#6060,#6058,#6061,.F.);
#5646=EDGE_CURVE('',#6062,#6060,#6063,.F.);
#5647=EDGE_CURVE('',#6064,#6062,#6065,.T.);
#5648=EDGE_CURVE('',#6066,#6064,#6067,.T.);
#5649=EDGE_CURVE('',#6068,#6066,#6069,.T.);
#5650=EDGE_CURVE('',#6070,#6068,#6071,.T.);
#5651=EDGE_CURVE('',#6072,#6070,#6073,.T.);
#5652=EDGE_CURVE('',#6074,#6072,#6075,.T.);
#5653=EDGE_CURVE('',#6076,#6074,#6077,.T.);
#5654=EDGE_CURVE('',#6078,#6076,#6079,.T.);
#5655=EDGE_CURVE('',#6080,#6078,#6081,.T.);
#5656=EDGE_CURVE('',#5978,#6080,#6082,.T.);
#5657=EDGE_CURVE('',#6083,#5977,#6084,.T.);
#5658=EDGE_CURVE('',#5962,#6083,#6085,.T.);
#5659=EDGE_CURVE('',#5964,#6083,#6086,.T.);
#5660=EDGE_CURVE('',#6083,#5967,#6087,.F.);
#5661=EDGE_CURVE('',#5968,#5977,#6088,.F.);
#5662=EDGE_CURVE('',#5978,#6089,#6090,.F.);
#5663=EDGE_CURVE('',#6091,#6089,#6092,.T.);
#5664=EDGE_CURVE('',#6091,#5980,#6093,.T.);
#5665=EDGE_CURVE('',#5984,#6094,#6095,.T.);
#5666=EDGE_CURVE('',#6094,#6091,#6096,.T.);
#5667=EDGE_CURVE('',#5986,#6078,#6097,.T.);
#5668=EDGE_CURVE('',#6080,#5984,#6098,.F.);
#5669=EDGE_CURVE('',#5988,#6099,#6100,.T.);
#5670=EDGE_CURVE('',#6101,#5986,#6102,.T.);
#5671=EDGE_CURVE('',#6099,#6101,#6103,.T.);
#5672=EDGE_CURVE('',#5990,#6074,#6104,.T.);
#5673=EDGE_CURVE('',#6076,#5988,#6105,.F.);
#5674=EDGE_CURVE('',#5992,#6106,#6107,.F.);
#5675=EDGE_CURVE('',#6108,#5990,#6109,.T.);
#5676=EDGE_CURVE('',#6106,#6108,#6110,.T.);
#5677=EDGE_CURVE('',#5994,#6070,#6111,.T.);
#5678=EDGE_CURVE('',#6072,#5992,#6112,.F.);
#5679=EDGE_CURVE('',#5996,#6113,#6114,.T.);
#5680=EDGE_CURVE('',#6115,#5994,#6116,.T.);
#5681=EDGE_CURVE('',#6113,#6115,#6117,.T.);
#5682=EDGE_CURVE('',#5998,#6066,#6118,.T.);
#5683=EDGE_CURVE('',#6068,#5996,#6119,.F.);
#5684=EDGE_CURVE('',#6000,#6120,#6121,.T.);
#5685=EDGE_CURVE('',#6122,#5998,#6123,.T.);
#5686=EDGE_CURVE('',#6120,#6122,#6124,.T.);
#5687=EDGE_CURVE('',#6006,#6062,#6125,.T.);
#5688=EDGE_CURVE('',#6126,#6004,#6127,.F.);
#5689=EDGE_CURVE('',#6128,#6126,#6129,.T.);
#5690=EDGE_CURVE('',#6002,#6128,#6130,.T.);
#5691=EDGE_CURVE('',#6064,#6000,#6131,.F.);
#5692=EDGE_CURVE('',#6004,#6132,#6133,.T.);
#5693=EDGE_CURVE('',#6134,#6002,#6135,.T.);
#5694=EDGE_CURVE('',#6132,#6134,#6136,.T.);
#5695=EDGE_CURVE('',#6060,#6008,#6137,.T.);
#5696=EDGE_CURVE('',#6138,#6138,#6139,.F.);
#5697=EDGE_CURVE('',#6140,#6141,#6142,.T.);
#5698=EDGE_CURVE('',#6143,#6140,#6144,.T.);
#5699=EDGE_CURVE('',#6145,#6143,#6146,.T.);
#5700=EDGE_CURVE('',#6141,#6145,#6147,.T.);
#5701=EDGE_CURVE('',#6148,#6149,#6150,.T.);
#5702=EDGE_CURVE('',#6151,#6148,#6152,.T.);
#5703=EDGE_CURVE('',#6153,#6151,#6154,.T.);
#5704=EDGE_CURVE('',#6149,#6153,#6155,.T.);
#5705=EDGE_CURVE('',#6010,#6058,#6156,.F.);
#5706=EDGE_CURVE('',#6157,#6010,#6158,.F.);
#5707=EDGE_CURVE('',#6159,#6157,#6160,.F.);
#5708=EDGE_CURVE('',#6012,#6159,#6161,.F.);
#5709=EDGE_CURVE('',#6014,#6054,#6162,.F.);
#5710=EDGE_CURVE('',#6056,#6012,#6163,.T.);
#5711=EDGE_CURVE('',#6164,#6014,#6165,.F.);
#5712=EDGE_CURVE('',#6166,#6164,#6167,.F.);
#5713=EDGE_CURVE('',#6016,#6166,#6168,.F.);
#5714=EDGE_CURVE('',#6018,#6050,#6169,.F.);
#5715=EDGE_CURVE('',#6052,#6016,#6170,.T.);
#5716=EDGE_CURVE('',#6171,#6018,#6172,.F.);
#5717=EDGE_CURVE('',#6173,#6171,#6174,.F.);
#5718=EDGE_CURVE('',#6020,#6173,#6175,.F.);
#5719=EDGE_CURVE('',#6022,#6046,#6176,.F.);
#5720=EDGE_CURVE('',#6048,#6020,#6177,.T.);
#5721=EDGE_CURVE('',#6178,#6022,#6179,.F.);
#5722=EDGE_CURVE('',#6180,#6178,#6181,.F.);
#5723=EDGE_CURVE('',#6024,#6180,#6182,.F.);
#5724=EDGE_CURVE('',#6026,#6042,#6183,.F.);
#5725=EDGE_CURVE('',#6044,#6024,#6184,.T.);
#5726=EDGE_CURVE('',#6185,#6026,#6186,.F.);
#5727=EDGE_CURVE('',#6187,#6185,#6188,.F.);
#5728=EDGE_CURVE('',#6028,#6187,#6189,.F.);
#5729=EDGE_CURVE('',#6030,#6038,#6190,.F.);
#5730=EDGE_CURVE('',#6040,#6028,#6191,.T.);
#5731=EDGE_CURVE('',#6192,#6030,#6193,.F.);
#5732=EDGE_CURVE('',#6194,#6192,#6195,.F.);
#5733=EDGE_CURVE('',#6032,#6194,#6196,.F.);
#5734=EDGE_CURVE('',#6197,#6035,#6198,.T.);
#5735=EDGE_CURVE('',#6197,#6194,#6199,.T.);
#5736=EDGE_CURVE('',#6038,#6200,#6201,.T.);
#5737=EDGE_CURVE('',#6200,#6197,#6202,.T.);
#5738=EDGE_CURVE('',#6042,#6203,#6204,.T.);
#5739=EDGE_CURVE('',#6205,#6040,#6206,.T.);
#5740=EDGE_CURVE('',#6203,#6205,#6207,.T.);
#5741=EDGE_CURVE('',#6046,#6208,#6209,.T.);
#5742=EDGE_CURVE('',#6210,#6044,#6211,.T.);
#5743=EDGE_CURVE('',#6208,#6210,#6212,.T.);
#5744=EDGE_CURVE('',#6050,#6213,#6214,.T.);
#5745=EDGE_CURVE('',#6215,#6048,#6216,.T.);
#5746=EDGE_CURVE('',#6213,#6215,#6217,.T.);
#5747=EDGE_CURVE('',#6054,#6218,#6219,.T.);
#5748=EDGE_CURVE('',#6220,#6052,#6221,.T.);
#5749=EDGE_CURVE('',#6218,#6220,#6222,.T.);
#5750=EDGE_CURVE('',#6058,#6223,#6224,.T.);
#5751=EDGE_CURVE('',#6225,#6056,#6226,.T.);
#5752=EDGE_CURVE('',#6223,#6225,#6227,.T.);
#5753=EDGE_CURVE('',#6228,#6064,#6229,.F.);
#5754=EDGE_CURVE('',#6230,#6228,#6231,.F.);
#5755=EDGE_CURVE('',#6066,#6230,#6232,.F.);
#5756=EDGE_CURVE('',#6233,#6068,#6234,.F.);
#5757=EDGE_CURVE('',#6235,#6233,#6236,.F.);
#5758=EDGE_CURVE('',#6070,#6235,#6237,.F.);
#5759=EDGE_CURVE('',#6238,#6072,#6239,.F.);
#5760=EDGE_CURVE('',#6240,#6238,#6241,.F.);
#5761=EDGE_CURVE('',#6074,#6240,#6242,.F.);
#5762=EDGE_CURVE('',#6243,#6076,#6244,.F.);
#5763=EDGE_CURVE('',#6245,#6243,#6246,.F.);
#5764=EDGE_CURVE('',#6078,#6245,#6247,.F.);
#5765=EDGE_CURVE('',#6248,#6080,#6249,.F.);
#5766=EDGE_CURVE('',#6089,#6248,#6250,.F.);
#5767=EDGE_CURVE('',#6094,#6248,#6251,.T.);
#5768=EDGE_CURVE('',#6101,#6245,#6252,.T.);
#5769=EDGE_CURVE('',#6099,#6243,#6253,.T.);
#5770=EDGE_CURVE('',#6108,#6240,#6254,.T.);
#5771=EDGE_CURVE('',#6106,#6238,#6255,.T.);
#5772=EDGE_CURVE('',#6115,#6235,#6256,.T.);
#5773=EDGE_CURVE('',#6113,#6233,#6257,.T.);
#5774=EDGE_CURVE('',#6122,#6230,#6258,.T.);
#5775=EDGE_CURVE('',#6120,#6228,#6259,.T.);
#5776=EDGE_CURVE('',#6132,#6260,#6261,.T.);
#5777=EDGE_CURVE('',#6126,#6260,#6262,.T.);
#5778=EDGE_CURVE('',#6260,#6263,#6264,.T.);
#5779=EDGE_CURVE('',#6263,#6128,#6265,.T.);
#5780=EDGE_CURVE('',#6134,#6263,#6266,.T.);
#5781=EDGE_CURVE('',#6267,#6268,#6269,.F.);
#5782=EDGE_CURVE('',#6268,#6267,#6270,.F.);
#5783=EDGE_CURVE('',#6271,#6272,#6273,.T.);
#5784=EDGE_CURVE('',#6140,#6271,#6274,.T.);
#5785=EDGE_CURVE('',#6141,#6272,#6275,.T.);
#5786=EDGE_CURVE('',#6143,#6276,#6277,.T.);
#5787=EDGE_CURVE('',#6276,#6271,#6278,.F.);
#5788=EDGE_CURVE('',#6279,#6279,#6280,.T.);
#5789=EDGE_CURVE('',#6281,#6276,#6282,.T.);
#5790=EDGE_CURVE('',#6145,#6281,#6283,.T.);
#5791=EDGE_CURVE('',#6272,#6281,#6284,.F.);
#5792=EDGE_CURVE('',#6285,#6285,#6286,.F.);
#5793=EDGE_CURVE('',#6287,#6288,#6289,.F.);
#5794=EDGE_CURVE('',#6148,#6287,#6290,.T.);
#5795=EDGE_CURVE('',#6149,#6288,#6291,.T.);
#5796=EDGE_CURVE('',#6292,#6292,#6293,.T.);
#5797=EDGE_CURVE('',#6294,#6287,#6295,.T.);
#5798=EDGE_CURVE('',#6151,#6294,#6296,.T.);
#5799=EDGE_CURVE('',#6153,#6297,#6298,.T.);
#5800=EDGE_CURVE('',#6297,#6294,#6299,.F.);
#5801=EDGE_CURVE('',#6300,#6300,#6301,.F.);
#5802=EDGE_CURVE('',#6288,#6297,#6302,.T.);
#5803=EDGE_CURVE('',#6223,#6157,#6303,.T.);
#5804=EDGE_CURVE('',#6225,#6159,#6304,.T.);
#5805=EDGE_CURVE('',#6218,#6164,#6305,.T.);
#5806=EDGE_CURVE('',#6220,#6166,#6306,.T.);
#5807=EDGE_CURVE('',#6213,#6171,#6307,.T.);
#5808=EDGE_CURVE('',#6215,#6173,#6308,.T.);
#5809=EDGE_CURVE('',#6208,#6178,#6309,.T.);
#5810=EDGE_CURVE('',#6210,#6180,#6310,.T.);
#5811=EDGE_CURVE('',#6203,#6185,#6311,.T.);
#5812=EDGE_CURVE('',#6205,#6187,#6312,.T.);
#5813=EDGE_CURVE('',#6200,#6192,#6313,.T.);
#5814=EDGE_CURVE('',#6314,#6315,#6316,.T.);
#5815=EDGE_CURVE('',#6315,#6314,#6317,.T.);
#5816=EDGE_CURVE('',#6318,#6318,#6319,.T.);
#5817=VERTEX_POINT('',#6320);
#5818=VERTEX_POINT('',#6321);
#5819=LINE('',#6322,#6323);
#5820=VERTEX_POINT('',#6325);
#5821=CIRCLE('',#6326,3.);
#5822=VERTEX_POINT('',#6330);
#5823=LINE('',#6331,#6332);
#5824=VERTEX_POINT('',#6334);
#5825=CIRCLE('',#6335,3.);
#5826=VERTEX_POINT('',#6339);
#5827=LINE('',#6340,#6341);
#5828=VERTEX_POINT('',#6343);
#5829=CIRCLE('',#6344,3.);
#5830=VERTEX_POINT('',#6348);
#5831=LINE('',#6349,#6350);
#5832=CIRCLE('',#6352,3.);
#5833=VERTEX_POINT('',#6356);
#5834=CIRCLE('',#6357,3.);
#5835=VERTEX_POINT('',#6361);
#5836=CIRCLE('',#6362,1.);
#5837=VERTEX_POINT('',#6366);
#5838=VERTEX_POINT('',#6367);
#5839=CIRCLE('',#6368,0.25);
#5840=VERTEX_POINT('',#6372);
#5841=LINE('',#6373,#6374);
#5842=VERTEX_POINT('',#6376);
#5843=CIRCLE('',#6377,0.25);
#5844=LINE('',#6381,#6382);
#5845=VERTEX_POINT('',#6384);
#5846=VERTEX_POINT('',#6385);
#5847=CIRCLE('',#6386,0.25);
#5848=VERTEX_POINT('',#6390);
#5849=LINE('',#6391,#6392);
#5850=VERTEX_POINT('',#6394);
#5851=CIRCLE('',#6395,0.25);
#5852=LINE('',#6399,#6400);
#5853=VERTEX_POINT('',#6402);
#5854=VERTEX_POINT('',#6403);
#5855=CIRCLE('',#6404,0.25);
#5856=VERTEX_POINT('',#6408);
#5857=LINE('',#6409,#6410);
#5858=VERTEX_POINT('',#6412);
#5859=CIRCLE('',#6413,0.25);
#5860=LINE('',#6417,#6418);
#5861=VERTEX_POINT('',#6420);
#5862=VERTEX_POINT('',#6421);
#5863=CIRCLE('',#6422,0.25);
#5864=VERTEX_POINT('',#6426);
#5865=LINE('',#6427,#6428);
#5866=VERTEX_POINT('',#6430);
#5867=CIRCLE('',#6431,0.25);
#5868=LINE('',#6435,#6436);
#5869=VERTEX_POINT('',#6438);
#5870=LINE('',#6439,#6440);
#5871=VERTEX_POINT('',#6442);
#5872=LINE('',#6443,#6444);
#5873=LINE('',#6446,#6447);
#5874=LINE('',#6449,#6450);
#5875=LINE('',#6452,#6453);
#5876=VERTEX_POINT('',#6455);
#5877=LINE('',#6456,#6457);
#5878=VERTEX_POINT('',#6459);
#5879=LINE('',#6460,#6461);
#5880=LINE('',#6463,#6464);
#5881=LINE('',#6466,#6467);
#5882=LINE('',#6469,#6470);
#5883=LINE('',#6472,#6473);
#5884=LINE('',#6475,#6476);
#5885=LINE('',#6478,#6479);
#5886=LINE('',#6481,#6482);
#5887=LINE('',#6484,#6485);
#5888=LINE('',#6487,#6488);
#5889=VERTEX_POINT('',#6490);
#5890=CIRCLE('',#6491,1.);
#5891=VERTEX_POINT('',#6495);
#5892=LINE('',#6496,#6497);
#5893=VERTEX_POINT('',#6499);
#5894=LINE('',#6500,#6501);
#5895=LINE('',#6503,#6504);
#5896=VERTEX_POINT('',#6506);
#5897=CIRCLE('',#6507,3.05);
#5898=LINE('',#6511,#6512);
#5899=VERTEX_POINT('',#6514);
#5900=LINE('',#6515,#6516);
#5901=LINE('',#6518,#6519);
#5902=VERTEX_POINT('',#6521);
#5903=CIRCLE('',#6522,3.05);
#5904=LINE('',#6526,#6527);
#5905=VERTEX_POINT('',#6529);
#5906=LINE('',#6530,#6531);
#5907=CIRCLE('',#6533,3.05);
#5908=CIRCLE('',#6537,3.);
#5909=VERTEX_POINT('',#6541);
#5910=CIRCLE('',#6542,1.);
#5911=VERTEX_POINT('',#6546);
#5912=CIRCLE('',#6547,3.05);
#5913=VERTEX_POINT('',#6551);
#5914=VERTEX_POINT('',#6552);
#5915=CIRCLE('',#6553,3.05);
#5916=LINE('',#6557,#6558);
#5917=VERTEX_POINT('',#6560);
#5918=LINE('',#6561,#6562);
#5919=CIRCLE('',#6564,3.05);
#5920=VERTEX_POINT('',#6568);
#5921=LINE('',#6569,#6570);
#5922=LINE('',#6572,#6573);
#5923=VERTEX_POINT('',#6575);
#5924=LINE('',#6576,#6577);
#5925=LINE('',#6579,#6580);
#5926=CIRCLE('',#6582,3.);
#5927=VERTEX_POINT('',#6586);
#5928=VERTEX_POINT('',#6587);
#5929=CIRCLE('',#6588,1.);
#5930=CIRCLE('',#6592,1.);
#5931=VERTEX_POINT('',#6596);
#5932=CIRCLE('',#6597,3.);
#5933=VERTEX_POINT('',#6601);
#5934=CIRCLE('',#6602,0.8);
#5935=VERTEX_POINT('',#6606);
#5936=CIRCLE('',#6607,3.);
#5937=VERTEX_POINT('',#6611);
#5938=CIRCLE('',#6612,3.25);
#5939=VERTEX_POINT('',#6616);
#5940=CIRCLE('',#6617,3.75);
#5941=VERTEX_POINT('',#6621);
#5942=CIRCLE('',#6622,4.5);
#5943=VERTEX_POINT('',#6626);
#5944=CIRCLE('',#6627,4.5);
#5945=VERTEX_POINT('',#6631);
#5946=CIRCLE('',#6632,4.9);
#5947=VERTEX_POINT('',#6636);
#5948=CIRCLE('',#6637,5.);
#5949=VERTEX_POINT('',#6641);
#5950=CIRCLE('',#6642,5.);
#5951=VERTEX_POINT('',#6646);
#5952=VERTEX_POINT('',#6647);
#5953=B_SPLINE_CURVE_WITH_KNOTS('',3,
(#6648,#6649,#6650,#6651,#6652,#6653,#6654,#6655,#6656,#6657,#6658,#6659,#6660,#6661,
#6662,#6663,#6664,#6665,#6666,#6667,#6668,#6669,#6670,#6671,#6672,#6673,#6674,#6675,
#6676,#6677,#6678,#6679,#6680,#6681,#6682,#6683,#6684,#6685,#6686,#6687,#6688,#6689,
#6690,#6691,#6692,#6693,#6694,#6695,#6696,#6697,#6698),
.UNSPECIFIED.,.F.,.F.,
(4,1,1,1,1,1,1,1,1,1,1,1,1,1,1,1,1,1,1,1,1,1,1,1,1,1,1,1,1,1,1,1,1,1,1,1,1,1,1,1,
1,1,1,1,1,1,1,1,4),
(0.,0.0391701378194282,0.0781594911472142,0.083547255555206,0.116970730396416,0.155443926680917,
0.193747285065221,0.231569756588489,0.250419596847006,0.269075920093294,0.306113800629885,
0.342998260172432,0.37917253962974,0.414422633229251,0.41479212708816,0.449454848304397,
0.483720547158594,0.516927808153971,0.549479195623999,0.571866842515756,0.581118764103979,
0.612505894987843,0.642681518618638,0.671898087159031,0.699449894807306,0.718978860675943,
0.726292009201679,0.75127789120375,0.775110246447148,0.797343084531102,0.819121893806919,
0.839239613328411,0.850208495261135,0.858148253245457,0.875079279941667,0.891249270210232,
0.905531105175332,0.91869346384976,0.930388016370293,0.941736549486311,0.947556640248433,
0.952050070108674,0.961673921186663,0.970257349543946,0.978488819822055,0.986017621476348,
0.991930489422064,0.99318934854947,1.),
.UNSPECIFIED.);
#5954=VERTEX_POINT('',#6699);
#5955=LINE('',#6700,#6701);
#5956=VERTEX_POINT('',#6703);
#5957=CIRCLE('',#6704,3.5);
#5958=VERTEX_POINT('',#6708);
#5959=LINE('',#6709,#6710);
#5960=VERTEX_POINT('',#6712);
#5961=CIRCLE('',#6713,3.5);
#5962=VERTEX_POINT('',#6717);
#5963=LINE('',#6718,#6719);
#5964=VERTEX_POINT('',#6721);
#5965=CIRCLE('',#6722,3.5);
#5966=B_SPLINE_CURVE_WITH_KNOTS('',3,
(#6726,#6727,#6728,#6729,#6730,#6731,#6732,#6733,#6734,#6735,#6736,#6737,#6738),
.UNSPECIFIED.,.F.,.F.,
(4,1,1,1,1,1,1,1,1,1,4),
(0.,0.104013691932164,0.208026388374678,0.312039388511617,0.416053490368606,0.520067082654783,
0.624085638953008,0.728101877385461,0.818735132468776,0.916062456386426,1.),
.UNSPECIFIED.);
#5967=VERTEX_POINT('',#6739);
#5968=VERTEX_POINT('',#6740);
#5969=B_SPLINE_CURVE_WITH_KNOTS('',3,
(#6741,#6742,#6743,#6744,#6745,#6746,#6747,#6748,#6749,#6750,#6751,#6752,#6753,#6754,
#6755,#6756,#6757,#6758,#6759,#6760,#6761,#6762,#6763,#6764,#6765,#6766,#6767,#6768,
#6769,#6770,#6771,#6772,#6773,#6774,#6775,#6776,#6777,#6778,#6779,#6780,#6781,#6782,
#6783,#6784,#6785,#6786),
.UNSPECIFIED.,.F.,.F.,
(4,1,1,1,1,1,1,1,1,1,1,1,1,1,1,1,1,1,1,1,1,1,1,1,1,1,1,1,1,1,1,1,1,1,1,1,1,1,1,1,
1,1,1,4),
(0.,0.0217173574628634,0.0649768941592412,0.0861959267053155,0.107994126237125,0.150737280347502,
0.171616814456862,0.193170943748776,0.235284127777056,0.255872448469409,0.277091114186292,
0.318618953737138,0.339042524497296,0.359912572934367,0.401025648383227,0.407795197399644,
0.442016218382809,0.476181802289529,0.48295845620647,0.497822250205108,0.523895484201205,
0.54450559450667,0.56480963503624,0.605630181618636,0.626503973477795,0.646163671517965,
0.668407637481334,0.672583275294478,0.677655585991066,0.686588524535478,0.701615200362322,
0.708311561637027,0.731651280354822,0.773597981519116,0.789202160230836,0.815385806453437,
0.856539440311129,0.861353018664621,0.8961131327868,0.920161383303702,0.93137387444385,
0.946657970676991,0.984171632277202,1.),
.UNSPECIFIED.);
#5970=VERTEX_POINT('',#6787);
#5971=B_SPLINE_CURVE_WITH_KNOTS('',3,
(#6788,#6789,#6790,#6791,#6792,#6793,#6794,#6795,#6796,#6797,#6798,#6799,#6800,#6801),
.UNSPECIFIED.,.F.,.F.,
(4,1,1,1,1,1,1,1,1,1,1,4),
(0.,0.0909090909090909,0.181818181818182,0.272727272727273,0.363636363636364,0.454545454545454,
0.545454545454546,0.636363636363637,0.727272727272727,0.818181818181818,0.909090909090909,
1.),
.UNSPECIFIED.);
#5972=CIRCLE('',#6802,0.0964346208916255);
#5973=B_SPLINE_CURVE_WITH_KNOTS('',3,
(#6806,#6807,#6808,#6809,#6810,#6811,#6812,#6813),
.UNSPECIFIED.,.F.,.F.,
(4,1,1,1,1,4),
(0.,0.2,0.4,0.6,0.800000000000001,1.),
.UNSPECIFIED.);
#5974=VERTEX_POINT('',#6814);
#5975=LINE('',#6815,#6816);
#5976=LINE('',#6818,#6819);
#5977=VERTEX_POINT('',#6821);
#5978=VERTEX_POINT('',#6822);
#5979=LINE('',#6823,#6824);
#5980=VERTEX_POINT('',#6826);
#5981=B_SPLINE_CURVE_WITH_KNOTS('',3,
(#6827,#6828,#6829,#6830,#6831,#6832,#6833,#6834,#6835,#6836,#6837,#6838,#6839,#6840,
#6841,#6842,#6843,#6844,#6845,#6846,#6847,#6848,#6849),
.UNSPECIFIED.,.F.,.F.,
(4,1,1,1,1,1,1,1,1,1,1,1,1,1,1,1,1,1,1,1,4),
(0.,0.05,0.1,0.15,0.2,0.25,0.3,0.35,0.4,0.45,0.5,0.55,0.6,0.65,0.7,0.75,0.8,0.85,
0.9,0.95,1.),
.UNSPECIFIED.);
#5982=LINE('',#6850,#6851);
#5983=B_SPLINE_CURVE_WITH_KNOTS('',3,
(#6853,#6854,#6855,#6856,#6857,#6858,#6859,#6860,#6861,#6862,#6863,#6864,#6865,#6866),
.UNSPECIFIED.,.F.,.F.,
(4,1,1,1,1,1,1,1,1,1,1,4),
(0.,0.0909090909090911,0.181818181818182,0.272727272727273,0.363636363636364,0.454545454545456,
0.545454545454547,0.636363636363638,0.727272727272729,0.81818181818182,0.909090909090911,
1.),
.UNSPECIFIED.);
#5984=VERTEX_POINT('',#6867);
#5985=LINE('',#6868,#6869);
#5986=VERTEX_POINT('',#6871);
#5987=LINE('',#6872,#6873);
#5988=VERTEX_POINT('',#6875);
#5989=LINE('',#6876,#6877);
#5990=VERTEX_POINT('',#6879);
#5991=LINE('',#6880,#6881);
#5992=VERTEX_POINT('',#6883);
#5993=LINE('',#6884,#6885);
#5994=VERTEX_POINT('',#6887);
#5995=LINE('',#6888,#6889);
#5996=VERTEX_POINT('',#6891);
#5997=LINE('',#6892,#6893);
#5998=VERTEX_POINT('',#6895);
#5999=LINE('',#6896,#6897);
#6000=VERTEX_POINT('',#6899);
#6001=LINE('',#6900,#6901);
#6002=VERTEX_POINT('',#6903);
#6003=LINE('',#6904,#6905);
#6004=VERTEX_POINT('',#6907);
#6005=LINE('',#6908,#6909);
#6006=VERTEX_POINT('',#6911);
#6007=LINE('',#6912,#6913);
#6008=VERTEX_POINT('',#6915);
#6009=LINE('',#6916,#6917);
#6010=VERTEX_POINT('',#6919);
#6011=LINE('',#6920,#6921);
#6012=VERTEX_POINT('',#6923);
#6013=LINE('',#6924,#6925);
#6014=VERTEX_POINT('',#6927);
#6015=LINE('',#6928,#6929);
#6016=VERTEX_POINT('',#6931);
#6017=LINE('',#6932,#6933);
#6018=VERTEX_POINT('',#6935);
#6019=LINE('',#6936,#6937);
#6020=VERTEX_POINT('',#6939);
#6021=LINE('',#6940,#6941);
#6022=VERTEX_POINT('',#6943);
#6023=LINE('',#6944,#6945);
#6024=VERTEX_POINT('',#6947);
#6025=LINE('',#6948,#6949);
#6026=VERTEX_POINT('',#6951);
#6027=LINE('',#6952,#6953);
#6028=VERTEX_POINT('',#6955);
#6029=LINE('',#6956,#6957);
#6030=VERTEX_POINT('',#6959);
#6031=LINE('',#6960,#6961);
#6032=VERTEX_POINT('',#6963);
#6033=LINE('',#6964,#6965);
#6034=LINE('',#6967,#6968);
#6035=VERTEX_POINT('',#6970);
#6036=LINE('',#6971,#6972);
#6037=B_SPLINE_CURVE_WITH_KNOTS('',3,
(#6974,#6975,#6976,#6977,#6978,#6979,#6980,#6981,#6982,#6983,#6984,#6985,#6986,#6987,
#6988,#6989,#6990,#6991,#6992,#6993,#6994,#6995,#6996),
.UNSPECIFIED.,.F.,.F.,
(4,1,1,1,1,1,1,1,1,1,1,1,1,1,1,1,1,1,1,1,4),
(0.,0.0500000000000001,0.1,0.15,0.2,0.25,0.3,0.35,0.4,0.45,0.5,0.55,0.6,0.65,0.7,
0.75,0.8,0.85,0.9,0.95,1.),
.UNSPECIFIED.);
#6038=VERTEX_POINT('',#6997);
#6039=LINE('',#6998,#6999);
#6040=VERTEX_POINT('',#7001);
#6041=LINE('',#7002,#7003);
#6042=VERTEX_POINT('',#7005);
#6043=LINE('',#7006,#7007);
#6044=VERTEX_POINT('',#7009);
#6045=LINE('',#7010,#7011);
#6046=VERTEX_POINT('',#7013);
#6047=LINE('',#7014,#7015);
#6048=VERTEX_POINT('',#7017);
#6049=LINE('',#7018,#7019);
#6050=VERTEX_POINT('',#7021);
#6051=LINE('',#7022,#7023);
#6052=VERTEX_POINT('',#7025);
#6053=LINE('',#7026,#7027);
#6054=VERTEX_POINT('',#7029);
#6055=LINE('',#7030,#7031);
#6056=VERTEX_POINT('',#7033);
#6057=LINE('',#7034,#7035);
#6058=VERTEX_POINT('',#7037);
#6059=LINE('',#7038,#7039);
#6060=VERTEX_POINT('',#7041);
#6061=LINE('',#7042,#7043);
#6062=VERTEX_POINT('',#7045);
#6063=LINE('',#7046,#7047);
#6064=VERTEX_POINT('',#7049);
#6065=LINE('',#7050,#7051);
#6066=VERTEX_POINT('',#7053);
#6067=LINE('',#7054,#7055);
#6068=VERTEX_POINT('',#7057);
#6069=LINE('',#7058,#7059);
#6070=VERTEX_POINT('',#7061);
#6071=LINE('',#7062,#7063);
#6072=VERTEX_POINT('',#7065);
#6073=LINE('',#7066,#7067);
#6074=VERTEX_POINT('',#7069);
#6075=LINE('',#7070,#7071);
#6076=VERTEX_POINT('',#7073);
#6077=LINE('',#7074,#7075);
#6078=VERTEX_POINT('',#7077);
#6079=LINE('',#7078,#7079);
#6080=VERTEX_POINT('',#7081);
#6081=LINE('',#7082,#7083);
#6082=LINE('',#7085,#7086);
#6083=VERTEX_POINT('',#7088);
#6084=LINE('',#7089,#7090);
#6085=LINE('',#7092,#7093);
#6086=B_SPLINE_CURVE_WITH_KNOTS('',3,
(#7095,#7096,#7097,#7098,#7099,#7100),
.UNSPECIFIED.,.F.,.F.,
(4,1,1,4),
(0.,0.333333333333333,0.666666666666667,1.),
.UNSPECIFIED.);
#6087=B_SPLINE_CURVE_WITH_KNOTS('',3,
(#7101,#7102,#7103,#7104,#7105,#7106,#7107),
.UNSPECIFIED.,.F.,.F.,
(4,1,1,1,4),
(0.,0.46644522488766,0.499912895394393,0.966535094383565,1.),
.UNSPECIFIED.);
#6088=B_SPLINE_CURVE_WITH_KNOTS('',3,
(#7108,#7109,#7110,#7111,#7112,#7113,#7114),
.UNSPECIFIED.,.F.,.F.,
(4,1,1,1,4),
(0.,0.464172964920729,0.500094683239206,0.964074017880078,1.),
.UNSPECIFIED.);
#6089=VERTEX_POINT('',#7115);
#6090=B_SPLINE_CURVE_WITH_KNOTS('',3,
(#7116,#7117,#7118,#7119,#7120,#7121,#7122),
.UNSPECIFIED.,.F.,.F.,
(4,1,1,1,4),
(0.,0.466445224887629,0.499912895394363,0.966535094383566,1.),
.UNSPECIFIED.);
#6091=VERTEX_POINT('',#7123);
#6092=B_SPLINE_CURVE_WITH_KNOTS('',3,
(#7124,#7125,#7126,#7127,#7128,#7129,#7130,#7131,#7132,#7133,#7134,#7135,#7136,#7137,
#7138,#7139,#7140,#7141,#7142,#7143,#7144,#7145,#7146,#7147),
.UNSPECIFIED.,.F.,.F.,
(4,1,1,1,1,1,1,1,1,1,1,1,1,1,1,1,1,1,1,1,1,4),
(0.,0.0476190476190475,0.095238095238095,0.142857142857142,0.19047619047619,0.238095238095237,
0.285714285714285,0.333333333333332,0.38095238095238,0.428571428571427,0.476190476190475,
0.523809523809522,0.57142857142857,0.619047619047617,0.666666666666665,0.714285714285712,
0.76190476190476,0.809523809523807,0.857142857142855,0.904761904761902,0.95238095238095,
1.),
.UNSPECIFIED.);
#6093=B_SPLINE_CURVE_WITH_KNOTS('',3,
(#7148,#7149,#7150,#7151,#7152,#7153,#7154),
.UNSPECIFIED.,.F.,.F.,
(4,1,1,1,4),
(0.,0.466492242527363,0.499917673675249,0.966577181431014,1.),
.UNSPECIFIED.);
#6094=VERTEX_POINT('',#7155);
#6095=B_SPLINE_CURVE_WITH_KNOTS('',3,
(#7156,#7157,#7158,#7159,#7160,#7161,#7162),
.UNSPECIFIED.,.F.,.F.,
(4,1,1,1,4),
(0.,0.464184510513479,0.500099797772255,0.964080195562065,1.),
.UNSPECIFIED.);
#6096=B_SPLINE_CURVE_WITH_KNOTS('',3,
(#7163,#7164,#7165,#7166,#7167,#7168,#7169,#7170,#7171,#7172,#7173,#7174,#7175,#7176,
#7177,#7178,#7179,#7180,#7181,#7182,#7183,#7184,#7185,#7186,#7187,#7188,#7189,#7190,
#7191,#7192,#7193,#7194,#7195,#7196,#7197,#7198,#7199,#7200,#7201,#7202,#7203,#7204,
#7205,#7206,#7207,#7208),
.UNSPECIFIED.,.F.,.F.,
(4,1,1,1,1,1,1,1,1,1,1,1,1,1,1,1,1,1,1,1,1,1,1,1,1,1,1,1,1,1,1,1,1,1,1,1,1,1,1,1,
1,1,1,4),
(0.,0.0218286193103259,0.0653781740253066,0.0868774530608456,0.10877700595035,0.151970614160661,
0.173136648848816,0.194902567545725,0.237536798335956,0.258359087376397,0.27985724232516,
0.321863795277742,0.342415645197383,0.363573272077722,0.405016379465143,0.425428602225332,
0.446243684171588,0.487312761820341,0.494093358191643,0.502170379780831,0.528272689197468,
0.562436863770251,0.569185049873902,0.610075210935432,0.630735564651719,0.650889434198582,
0.691484137118441,0.71266701151801,0.713775484098419,0.717933139961618,0.72325243318044,
0.732955430201953,0.747373069629366,0.776187484922064,0.794279774029341,0.817938814140127,
0.859536741759314,0.874637459756287,0.900516401699377,0.939936492845658,0.943108415190762,
0.975938066939361,0.996387480831845,1.),
.UNSPECIFIED.);
#6097=B_SPLINE_CURVE_WITH_KNOTS('',3,
(#7209,#7210,#7211,#7212,#7213,#7214,#7215,#7216,#7217,#7218,#7219,#7220,#7221,#7222,
#7223,#7224,#7225,#7226,#7227,#7228,#7229,#7230,#7231),
.UNSPECIFIED.,.F.,.F.,
(4,1,1,1,1,1,1,1,1,1,1,1,1,1,1,1,1,1,1,1,4),
(0.,0.05,0.1,0.15,0.2,0.25,0.3,0.35,0.4,0.45,0.5,0.55,0.6,0.65,0.7,0.75,0.8,0.85,
0.9,0.95,1.),
.UNSPECIFIED.);
#6098=B_SPLINE_CURVE_WITH_KNOTS('',3,
(#7232,#7233,#7234,#7235,#7236,#7237,#7238,#7239,#7240,#7241,#7242,#7243,#7244,#7245,
#7246,#7247,#7248,#7249,#7250,#7251,#7252,#7253,#7254),
.UNSPECIFIED.,.F.,.F.,
(4,1,1,1,1,1,1,1,1,1,1,1,1,1,1,1,1,1,1,1,4),
(0.,0.05,0.1,0.15,0.2,0.25,0.3,0.35,0.4,0.45,0.5,0.55,0.6,0.65,0.7,0.75,0.8,0.85,
0.9,0.95,1.),
.UNSPECIFIED.);
#6099=VERTEX_POINT('',#7255);
#6100=B_SPLINE_CURVE_WITH_KNOTS('',3,
(#7256,#7257,#7258,#7259,#7260,#7261,#7262),
.UNSPECIFIED.,.F.,.F.,
(4,1,1,1,4),
(0.,0.464184510513484,0.500099797772252,0.96408019556206,1.),
.UNSPECIFIED.);
#6101=VERTEX_POINT('',#7263);
#6102=B_SPLINE_CURVE_WITH_KNOTS('',3,
(#7264,#7265,#7266,#7267,#7268,#7269,#7270),
.UNSPECIFIED.,.F.,.F.,
(4,1,1,1,4),
(0.,0.466492242527372,0.499917673675266,0.966577181431014,1.),
.UNSPECIFIED.);
#6103=B_SPLINE_CURVE_WITH_KNOTS('',3,
(#7271,#7272,#7273,#7274,#7275,#7276,#7277,#7278,#7279,#7280,#7281,#7282,#7283,#7284,
#7285,#7286,#7287,#7288,#7289,#7290,#7291,#7292,#7293,#7294,#7295,#7296,#7297,#7298,
#7299,#7300,#7301,#7302,#7303,#7304,#7305,#7306,#7307,#7308,#7309,#7310,#7311,#7312,
#7313,#7314,#7315,#7316),
.UNSPECIFIED.,.F.,.F.,
(4,1,1,1,1,1,1,1,1,1,1,1,1,1,1,1,1,1,1,1,1,1,1,1,1,1,1,1,1,1,1,1,1,1,1,1,1,1,1,1,
1,1,1,4),
(0.,0.0218286193103289,0.0653781740253017,0.0868774530608419,0.108777005950349,0.151970614160661,
0.173136648848817,0.194902567545725,0.237536798335948,0.258359087376395,0.27985724232516,
0.321863795277743,0.34241564519738,0.363573272077721,0.405016379465144,0.425428602225333,
0.446243684171588,0.487312761820341,0.494093358191645,0.502170379780833,0.528272689197469,
0.562436863770251,0.569185049873903,0.610075210935427,0.630735564651721,0.650889434198586,
0.691484137118446,0.712667011518013,0.713775484098425,0.717933139961617,0.72325243318043,
0.732955430201951,0.747373069629363,0.77618748492205,0.79427977402934,0.817938814140123,
0.859536741759299,0.8746374597563,0.900516401699343,0.939936492845584,0.943108415190774,
0.975938066939216,0.996387480831746,1.),
.UNSPECIFIED.);
#6104=B_SPLINE_CURVE_WITH_KNOTS('',3,
(#7317,#7318,#7319,#7320,#7321,#7322,#7323,#7324,#7325,#7326,#7327,#7328,#7329,#7330,
#7331,#7332,#7333,#7334,#7335,#7336,#7337,#7338,#7339),
.UNSPECIFIED.,.F.,.F.,
(4,1,1,1,1,1,1,1,1,1,1,1,1,1,1,1,1,1,1,1,4),
(0.,0.0499999999999993,0.0999999999999986,0.149999999999998,0.199999999999997,0.249999999999997,
0.299999999999996,0.349999999999995,0.399999999999995,0.449999999999994,0.499999999999993,
0.549999999999993,0.599999999999992,0.649999999999991,0.699999999999991,0.74999999999999,
0.799999999999989,0.849999999999989,0.899999999999988,0.949999999999987,1.),
.UNSPECIFIED.);
#6105=B_SPLINE_CURVE_WITH_KNOTS('',3,
(#7340,#7341,#7342,#7343,#7344,#7345,#7346,#7347,#7348,#7349,#7350,#7351,#7352,#7353,
#7354,#7355,#7356,#7357,#7358,#7359,#7360,#7361,#7362),
.UNSPECIFIED.,.F.,.F.,
(4,1,1,1,1,1,1,1,1,1,1,1,1,1,1,1,1,1,1,1,4),
(0.,0.0499999999999993,0.0999999999999986,0.149999999999998,0.199999999999997,0.249999999999997,
0.299999999999996,0.349999999999995,0.399999999999995,0.449999999999994,0.499999999999993,
0.549999999999993,0.599999999999992,0.649999999999991,0.699999999999991,0.74999999999999,
0.799999999999989,0.849999999999989,0.899999999999988,0.949999999999987,1.),
.UNSPECIFIED.);
#6106=VERTEX_POINT('',#7363);
#6107=B_SPLINE_CURVE_WITH_KNOTS('',3,
(#7364,#7365,#7366,#7367,#7368,#7369,#7370),
.UNSPECIFIED.,.F.,.F.,
(4,1,1,1,4),
(0.,0.466445224887654,0.499912895394366,0.96653509438358,1.),
.UNSPECIFIED.);
#6108=VERTEX_POINT('',#7371);
#6109=B_SPLINE_CURVE_WITH_KNOTS('',3,
(#7372,#7373,#7374,#7375,#7376,#7377,#7378),
.UNSPECIFIED.,.F.,.F.,
(4,1,1,1,4),
(0.,0.466492242527362,0.499917673675242,0.966577181431028,1.),
.UNSPECIFIED.);
#6110=B_SPLINE_CURVE_WITH_KNOTS('',3,
(#7379,#7380,#7381,#7382,#7383,#7384,#7385,#7386,#7387,#7388,#7389,#7390,#7391,#7392,
#7393,#7394,#7395,#7396,#7397,#7398,#7399,#7400,#7401,#7402,#7403,#7404,#7405,#7406,
#7407,#7408,#7409,#7410,#7411,#7412,#7413,#7414,#7415,#7416,#7417,#7418,#7419,#7420,
#7421,#7422,#7423,#7424),
.UNSPECIFIED.,.F.,.F.,
(4,1,1,1,1,1,1,1,1,1,1,1,1,1,1,1,1,1,1,1,1,1,1,1,1,1,1,1,1,1,1,1,1,1,1,1,1,1,1,1,
1,1,1,4),
(0.,0.0218286193103196,0.0653781740253022,0.0868774530608387,0.108777005950355,0.151970614160661,
0.173136648848815,0.194902567545726,0.237536798335962,0.258359087376394,0.279857242325154,
0.321863795277734,0.342415645197384,0.363573272077721,0.405016379465144,0.425428602225332,
0.446243684171588,0.487312761820343,0.494093358191644,0.502170379780834,0.528272689197467,
0.562436863770253,0.569185049873905,0.610075210935426,0.630735564651723,0.650889434198576,
0.691484137118434,0.712667011518005,0.713775484098409,0.717933139961608,0.723252433180438,
0.732955430201951,0.747373069629366,0.776187484922072,0.794279774029338,0.817938814140138,
0.859536741759322,0.874637459756303,0.900516401699412,0.939936492845704,0.943108415190763,
0.975938066939481,0.996387480831921,1.),
.UNSPECIFIED.);
#6111=B_SPLINE_CURVE_WITH_KNOTS('',3,
(#7425,#7426,#7427,#7428,#7429,#7430,#7431,#7432,#7433,#7434,#7435,#7436,#7437,#7438,
#7439,#7440,#7441,#7442,#7443,#7444,#7445,#7446,#7447),
.UNSPECIFIED.,.F.,.F.,
(4,1,1,1,1,1,1,1,1,1,1,1,1,1,1,1,1,1,1,1,4),
(0.,0.0500000000000007,0.100000000000001,0.150000000000002,0.200000000000003,0.250000000000003,
0.300000000000004,0.350000000000005,0.400000000000005,0.450000000000006,0.500000000000007,
0.550000000000007,0.600000000000008,0.650000000000009,0.700000000000009,0.75000000000001,
0.800000000000011,0.850000000000011,0.900000000000012,0.950000000000013,1.),
.UNSPECIFIED.);
#6112=B_SPLINE_CURVE_WITH_KNOTS('',3,
(#7448,#7449,#7450,#7451,#7452,#7453,#7454,#7455,#7456,#7457,#7458,#7459,#7460,#7461,
#7462,#7463,#7464,#7465,#7466,#7467,#7468,#7469,#7470),
.UNSPECIFIED.,.F.,.F.,
(4,1,1,1,1,1,1,1,1,1,1,1,1,1,1,1,1,1,1,1,4),
(0.,0.0499999999999993,0.0999999999999986,0.149999999999998,0.199999999999997,0.249999999999997,
0.299999999999996,0.349999999999995,0.399999999999995,0.449999999999994,0.499999999999993,
0.549999999999993,0.599999999999992,0.649999999999991,0.699999999999991,0.74999999999999,
0.799999999999989,0.849999999999989,0.899999999999988,0.949999999999987,1.),
.UNSPECIFIED.);
#6113=VERTEX_POINT('',#7471);
#6114=B_SPLINE_CURVE_WITH_KNOTS('',3,
(#7472,#7473,#7474,#7475,#7476,#7477,#7478),
.UNSPECIFIED.,.F.,.F.,
(4,1,1,1,4),
(0.,0.464184510513452,0.500099797772209,0.964080195562052,1.),
.UNSPECIFIED.);
#6115=VERTEX_POINT('',#7479);
#6116=B_SPLINE_CURVE_WITH_KNOTS('',3,
(#7480,#7481,#7482,#7483,#7484,#7485,#7486),
.UNSPECIFIED.,.F.,.F.,
(4,1,1,1,4),
(0.,0.466492242527353,0.499917673675232,0.96657718143102,1.),
.UNSPECIFIED.);
#6117=B_SPLINE_CURVE_WITH_KNOTS('',3,
(#7487,#7488,#7489,#7490,#7491,#7492,#7493,#7494,#7495,#7496,#7497,#7498,#7499,#7500,
#7501,#7502,#7503,#7504,#7505,#7506,#7507,#7508,#7509,#7510,#7511,#7512,#7513,#7514,
#7515,#7516,#7517,#7518,#7519,#7520,#7521,#7522,#7523,#7524,#7525,#7526,#7527,#7528,
#7529,#7530,#7531,#7532),
.UNSPECIFIED.,.F.,.F.,
(4,1,1,1,1,1,1,1,1,1,1,1,1,1,1,1,1,1,1,1,1,1,1,1,1,1,1,1,1,1,1,1,1,1,1,1,1,1,1,1,
1,1,1,4),
(0.,0.0218286193103267,0.0653781740253054,0.0868774530608486,0.108777005950357,0.151970614160658,
0.173136648848807,0.194902567545725,0.237536798335963,0.258359087376393,0.279857242325153,
0.321863795277735,0.342415645197379,0.363573272077725,0.405016379465147,0.425428602225336,
0.446243684171592,0.487312761820342,0.494093358191646,0.502170379780834,0.528272689197463,
0.562436863770254,0.569185049873905,0.610075210935431,0.630735564651723,0.65088943419858,
0.691484137118444,0.712667011518017,0.713775484098424,0.717933139961624,0.723252433180451,
0.732955430201986,0.747373069629396,0.776187484922073,0.79427977402935,0.817938814140134,
0.859536741759329,0.874637459756311,0.900516401699418,0.939936492845719,0.943108415190799,
0.97593806693946,0.99638748083192,1.),
.UNSPECIFIED.);
#6118=B_SPLINE_CURVE_WITH_KNOTS('',3,
(#7533,#7534,#7535,#7536,#7537,#7538,#7539,#7540,#7541,#7542,#7543,#7544,#7545,#7546,
#7547,#7548,#7549,#7550,#7551,#7552,#7553,#7554,#7555),
.UNSPECIFIED.,.F.,.F.,
(4,1,1,1,1,1,1,1,1,1,1,1,1,1,1,1,1,1,1,1,4),
(0.,0.0500000000000007,0.100000000000001,0.150000000000002,0.200000000000003,0.250000000000003,
0.300000000000004,0.350000000000005,0.400000000000005,0.450000000000006,0.500000000000007,
0.550000000000007,0.600000000000008,0.650000000000009,0.700000000000009,0.75000000000001,
0.800000000000009,0.850000000000008,0.900000000000008,0.950000000000007,1.),
.UNSPECIFIED.);
#6119=B_SPLINE_CURVE_WITH_KNOTS('',3,
(#7556,#7557,#7558,#7559,#7560,#7561,#7562,#7563,#7564,#7565,#7566,#7567,#7568,#7569,
#7570,#7571,#7572,#7573,#7574,#7575,#7576,#7577,#7578),
.UNSPECIFIED.,.F.,.F.,
(4,1,1,1,1,1,1,1,1,1,1,1,1,1,1,1,1,1,1,1,4),
(0.,0.0500000000000007,0.100000000000001,0.150000000000002,0.200000000000003,0.250000000000003,
0.300000000000004,0.350000000000005,0.400000000000005,0.450000000000006,0.500000000000007,
0.550000000000007,0.600000000000008,0.650000000000009,0.700000000000009,0.75000000000001,
0.800000000000009,0.850000000000008,0.900000000000008,0.950000000000007,1.),
.UNSPECIFIED.);
#6120=VERTEX_POINT('',#7579);
#6121=B_SPLINE_CURVE_WITH_KNOTS('',3,
(#7580,#7581,#7582,#7583,#7584,#7585,#7586),
.UNSPECIFIED.,.F.,.F.,
(4,1,1,1,4),
(0.,0.464184510513456,0.500099797772239,0.964080195562079,1.),
.UNSPECIFIED.);
#6122=VERTEX_POINT('',#7587);
#6123=B_SPLINE_CURVE_WITH_KNOTS('',3,
(#7588,#7589,#7590,#7591,#7592,#7593,#7594),
.UNSPECIFIED.,.F.,.F.,
(4,1,1,1,4),
(0.,0.46649224252737,0.499917673675256,0.966577181431026,1.),
.UNSPECIFIED.);
#6124=B_SPLINE_CURVE_WITH_KNOTS('',3,
(#7595,#7596,#7597,#7598,#7599,#7600,#7601,#7602,#7603,#7604,#7605,#7606,#7607,#7608,
#7609,#7610,#7611,#7612,#7613,#7614,#7615,#7616,#7617,#7618,#7619,#7620,#7621,#7622,
#7623,#7624,#7625,#7626,#7627,#7628,#7629,#7630,#7631,#7632,#7633,#7634,#7635,#7636,
#7637,#7638,#7639,#7640),
.UNSPECIFIED.,.F.,.F.,
(4,1,1,1,1,1,1,1,1,1,1,1,1,1,1,1,1,1,1,1,1,1,1,1,1,1,1,1,1,1,1,1,1,1,1,1,1,1,1,1,
1,1,1,4),
(0.,0.0218286193103257,0.0653781740253068,0.086877453060832,0.108777005950347,0.151970614160662,
0.173136648848826,0.194902567545726,0.237536798335967,0.258359087376392,0.279857242325157,
0.321863795277737,0.342415645197383,0.36357327207772,0.405016379465144,0.425428602225337,
0.446243684171593,0.487312761820346,0.494093358191642,0.50217037978083,0.528272689197466,
0.562436863770255,0.569185049873903,0.610075210935434,0.630735564651725,0.65088943419858,
0.691484137118455,0.712667011518028,0.713775484098435,0.717933139961624,0.723252433180449,
0.732955430201976,0.74737306962938,0.776187484922058,0.794279774029375,0.817938814140124,
0.859536741759299,0.874637459756345,0.900516401699364,0.939936492845605,0.943108415190811,
0.975938066939243,0.996387480831767,1.),
.UNSPECIFIED.);
#6125=CIRCLE('',#7641,3.5);
#6126=VERTEX_POINT('',#7645);
#6127=B_SPLINE_CURVE_WITH_KNOTS('',3,
(#7646,#7647,#7648,#7649,#7650,#7651,#7652,#7653,#7654,#7655,#7656,#7657,#7658,#7659),
.UNSPECIFIED.,.F.,.F.,
(4,1,1,1,1,1,1,1,1,1,1,4),
(0.,0.0909090909090936,0.181818181818187,0.272727272727281,0.363636363636374,0.454545454545468,
0.545454545454562,0.636363636363655,0.727272727272749,0.818181818181843,0.909090909090936,
1.),
.UNSPECIFIED.);
#6128=VERTEX_POINT('',#7660);
#6129=LINE('',#7661,#7662);
#6130=B_SPLINE_CURVE_WITH_KNOTS('',3,
(#7664,#7665,#7666,#7667,#7668,#7669,#7670,#7671,#7672,#7673,#7674,#7675,#7676,#7677),
.UNSPECIFIED.,.F.,.F.,
(4,1,1,1,1,1,1,1,1,1,1,4),
(0.,0.0909090909090936,0.181818181818187,0.272727272727281,0.363636363636374,0.454545454545468,
0.545454545454562,0.636363636363655,0.727272727272749,0.818181818181843,0.909090909090936,
1.),
.UNSPECIFIED.);
#6131=B_SPLINE_CURVE_WITH_KNOTS('',3,
(#7678,#7679,#7680,#7681,#7682,#7683,#7684,#7685,#7686,#7687,#7688,#7689,#7690,#7691,
#7692,#7693,#7694,#7695,#7696,#7697,#7698,#7699,#7700),
.UNSPECIFIED.,.F.,.F.,
(4,1,1,1,1,1,1,1,1,1,1,1,1,1,1,1,1,1,1,1,4),
(0.,0.0499999999999993,0.0999999999999985,0.149999999999998,0.199999999999997,0.249999999999996,
0.299999999999995,0.349999999999995,0.399999999999994,0.449999999999993,0.499999999999993,
0.549999999999992,0.599999999999991,0.64999999999999,0.69999999999999,0.749999999999989,
0.799999999999988,0.849999999999987,0.899999999999986,0.949999999999986,1.),
.UNSPECIFIED.);
#6132=VERTEX_POINT('',#7701);
#6133=B_SPLINE_CURVE_WITH_KNOTS('',3,
(#7702,#7703,#7704,#7705,#7706,#7707,#7708),
.UNSPECIFIED.,.F.,.F.,
(4,1,1,1,4),
(0.,0.464184510513514,0.500099797772234,0.964080195562056,1.),
.UNSPECIFIED.);
#6134=VERTEX_POINT('',#7709);
#6135=B_SPLINE_CURVE_WITH_KNOTS('',3,
(#7710,#7711,#7712,#7713,#7714,#7715,#7716),
.UNSPECIFIED.,.F.,.F.,
(4,1,1,1,4),
(0.,0.46649224252737,0.499917673675365,0.966577181430953,1.),
.UNSPECIFIED.);
#6136=B_SPLINE_CURVE_WITH_KNOTS('',3,
(#7717,#7718,#7719,#7720,#7721,#7722,#7723,#7724,#7725,#7726,#7727,#7728,#7729,#7730,
#7731,#7732,#7733,#7734,#7735,#7736,#7737,#7738,#7739,#7740,#7741,#7742,#7743,#7744,
#7745,#7746,#7747,#7748,#7749,#7750,#7751,#7752,#7753,#7754,#7755,#7756,#7757,#7758,
#7759,#7760,#7761,#7762),
.UNSPECIFIED.,.F.,.F.,
(4,1,1,1,1,1,1,1,1,1,1,1,1,1,1,1,1,1,1,1,1,1,1,1,1,1,1,1,1,1,1,1,1,1,1,1,1,1,1,1,
1,1,1,4),
(0.,0.0218286193103236,0.0653781740252911,0.086877453060849,0.108777005950346,0.15197061416065,
0.173136648848802,0.194902567545718,0.237536798335941,0.258359087376384,0.27985724232515,
0.321863795277724,0.342415645197381,0.36357327207771,0.405016379465151,0.425428602225326,
0.446243684171586,0.487312761820341,0.494093358191636,0.502170379780824,0.528272689197456,
0.562436863770244,0.569185049873899,0.610075210935417,0.630735564651713,0.650889434198577,
0.691484137118418,0.712667011518012,0.713775484098402,0.717933139961601,0.723252433180422,
0.732955430201947,0.747373069629363,0.776187484922085,0.794279774029339,0.817938814140145,
0.859536741759367,0.874637459756327,0.900516401699466,0.939936492845857,0.943108415190793,
0.975938066939754,0.996387480832117,1.),
.UNSPECIFIED.);
#6137=CIRCLE('',#7763,3.5);
#6138=VERTEX_POINT('',#7767);
#6139=CIRCLE('',#7768,2.);
#6140=VERTEX_POINT('',#7772);
#6141=VERTEX_POINT('',#7773);
#6142=LINE('',#7774,#7775);
#6143=VERTEX_POINT('',#7777);
#6144=LINE('',#7778,#7779);
#6145=VERTEX_POINT('',#7781);
#6146=LINE('',#7782,#7783);
#6147=LINE('',#7785,#7786);
#6148=VERTEX_POINT('',#7788);
#6149=VERTEX_POINT('',#7789);
#6150=LINE('',#7790,#7791);
#6151=VERTEX_POINT('',#7793);
#6152=LINE('',#7794,#7795);
#6153=VERTEX_POINT('',#7797);
#6154=LINE('',#7798,#7799);
#6155=LINE('',#7801,#7802);
#6156=B_SPLINE_CURVE_WITH_KNOTS('',3,
(#7804,#7805,#7806,#7807,#7808,#7809,#7810,#7811,#7812,#7813,#7814,#7815,#7816,#7817,
#7818,#7819,#7820,#7821,#7822,#7823,#7824,#7825,#7826),
.UNSPECIFIED.,.F.,.F.,
(4,1,1,1,1,1,1,1,1,1,1,1,1,1,1,1,1,1,1,1,4),
(0.,0.0499999999999993,0.0999999999999985,0.149999999999998,0.199999999999997,0.249999999999996,
0.299999999999995,0.349999999999995,0.399999999999994,0.449999999999993,0.499999999999993,
0.549999999999992,0.599999999999991,0.64999999999999,0.69999999999999,0.749999999999989,
0.799999999999988,0.849999999999987,0.899999999999986,0.949999999999986,1.),
.UNSPECIFIED.);
#6157=VERTEX_POINT('',#7827);
#6158=B_SPLINE_CURVE_WITH_KNOTS('',3,
(#7828,#7829,#7830,#7831,#7832,#7833,#7834),
.UNSPECIFIED.,.F.,.F.,
(4,1,1,1,4),
(0.,0.464172964920741,0.500094683239266,0.964074017880077,1.),
.UNSPECIFIED.);
#6159=VERTEX_POINT('',#7835);
#6160=B_SPLINE_CURVE_WITH_KNOTS('',3,
(#7836,#7837,#7838,#7839,#7840,#7841,#7842,#7843,#7844,#7845,#7846,#7847,#7848,#7849,
#7850,#7851,#7852,#7853,#7854,#7855,#7856,#7857,#7858,#7859,#7860,#7861,#7862,#7863,
#7864,#7865,#7866,#7867,#7868,#7869,#7870,#7871,#7872,#7873,#7874,#7875,#7876,#7877,
#7878,#7879,#7880,#7881),
.UNSPECIFIED.,.F.,.F.,
(4,1,1,1,1,1,1,1,1,1,1,1,1,1,1,1,1,1,1,1,1,1,1,1,1,1,1,1,1,1,1,1,1,1,1,1,1,1,1,1,
1,1,1,4),
(0.,0.0217173574628502,0.0649768941592308,0.0861959267053255,0.10799412623711,0.1507372803475,
0.171616814456859,0.193170943748778,0.235284127777049,0.255872448469413,0.277091114186285,
0.318618953737135,0.339042524497286,0.359912572934354,0.401025648383224,0.407795197399636,
0.442016218382808,0.476181802289525,0.482958456206464,0.49782225020509,0.523895484201198,
0.544505594506664,0.564809635036233,0.605630181618638,0.626503973477792,0.646163671517949,
0.668407637481331,0.672583275294458,0.677655585991065,0.686588524535484,0.701615200362332,
0.708311561637034,0.731651280354816,0.773597981519114,0.789202160230805,0.81538580645342,
0.856539440311108,0.861353018664595,0.896113132786763,0.920161383303693,0.931373874443845,
0.946657970677014,0.984171632277195,1.),
.UNSPECIFIED.);
#6161=B_SPLINE_CURVE_WITH_KNOTS('',3,
(#7882,#7883,#7884,#7885,#7886,#7887,#7888),
.UNSPECIFIED.,.F.,.F.,
(4,1,1,1,4),
(0.,0.46644522488767,0.499912895394347,0.966535094383598,1.),
.UNSPECIFIED.);
#6162=B_SPLINE_CURVE_WITH_KNOTS('',3,
(#7889,#7890,#7891,#7892,#7893,#7894,#7895,#7896,#7897,#7898,#7899,#7900,#7901,#7902,
#7903,#7904,#7905,#7906,#7907,#7908,#7909,#7910,#7911),
.UNSPECIFIED.,.F.,.F.,
(4,1,1,1,1,1,1,1,1,1,1,1,1,1,1,1,1,1,1,1,4),
(0.,0.0499999999999991,0.0999999999999982,0.149999999999997,0.199999999999996,0.249999999999996,
0.299999999999995,0.349999999999994,0.399999999999993,0.449999999999992,0.499999999999991,
0.54999999999999,0.599999999999989,0.649999999999988,0.699999999999988,0.749999999999987,
0.799999999999986,0.849999999999985,0.899999999999984,0.949999999999983,1.),
.UNSPECIFIED.);
#6163=B_SPLINE_CURVE_WITH_KNOTS('',3,
(#7912,#7913,#7914,#7915,#7916,#7917,#7918,#7919,#7920,#7921,#7922,#7923,#7924,#7925,
#7926,#7927,#7928,#7929,#7930,#7931,#7932,#7933,#7934),
.UNSPECIFIED.,.F.,.F.,
(4,1,1,1,1,1,1,1,1,1,1,1,1,1,1,1,1,1,1,1,4),
(0.,0.0499999999999993,0.0999999999999985,0.149999999999998,0.199999999999997,0.249999999999996,
0.299999999999995,0.349999999999995,0.399999999999994,0.449999999999993,0.499999999999993,
0.549999999999992,0.599999999999991,0.64999999999999,0.69999999999999,0.749999999999989,
0.799999999999988,0.849999999999987,0.899999999999986,0.949999999999986,1.),
.UNSPECIFIED.);
#6164=VERTEX_POINT('',#7935);
#6165=B_SPLINE_CURVE_WITH_KNOTS('',3,
(#7936,#7937,#7938,#7939,#7940,#7941,#7942),
.UNSPECIFIED.,.F.,.F.,
(4,1,1,1,4),
(0.,0.464172964920733,0.500094683239205,0.964074017880084,1.),
.UNSPECIFIED.);
#6166=VERTEX_POINT('',#7943);
#6167=B_SPLINE_CURVE_WITH_KNOTS('',3,
(#7944,#7945,#7946,#7947,#7948,#7949,#7950,#7951,#7952,#7953,#7954,#7955,#7956,#7957,
#7958,#7959,#7960,#7961,#7962,#7963,#7964,#7965,#7966,#7967,#7968,#7969,#7970,#7971,
#7972,#7973,#7974,#7975,#7976,#7977,#7978,#7979,#7980,#7981,#7982,#7983,#7984,#7985,
#7986,#7987,#7988,#7989),
.UNSPECIFIED.,.F.,.F.,
(4,1,1,1,1,1,1,1,1,1,1,1,1,1,1,1,1,1,1,1,1,1,1,1,1,1,1,1,1,1,1,1,1,1,1,1,1,1,1,1,
1,1,1,4),
(0.,0.02171735746286,0.0649768941592478,0.0861959267053184,0.107994126237133,0.150737280347514,
0.171616814456868,0.193170943748778,0.235284127777062,0.255872448469413,0.277091114186292,
0.318618953737134,0.3390425244973,0.359912572934367,0.401025648383228,0.407795197399644,
0.442016218382814,0.47618180228953,0.482958456206471,0.49782225020511,0.523895484201204,
0.544505594506669,0.564809635036239,0.605630181618644,0.626503973477794,0.646163671517975,
0.668407637481345,0.672583275294495,0.677655585991092,0.686588524535511,0.701615200362355,
0.708311561637026,0.73165128035482,0.773597981519099,0.789202160230836,0.81538580645343,
0.856539440311151,0.861353018664616,0.896113132786814,0.920161383303697,0.931373874443837,
0.946657970676993,0.984171632277207,1.),
.UNSPECIFIED.);
#6168=B_SPLINE_CURVE_WITH_KNOTS('',3,
(#7990,#7991,#7992,#7993,#7994,#7995,#7996),
.UNSPECIFIED.,.F.,.F.,
(4,1,1,1,4),
(0.,0.466445224887647,0.499912895394408,0.966535094383547,1.),
.UNSPECIFIED.);
#6169=B_SPLINE_CURVE_WITH_KNOTS('',3,
(#7997,#7998,#7999,#8000,#8001,#8002,#8003,#8004,#8005,#8006,#8007,#8008,#8009,#8010,
#8011,#8012,#8013,#8014,#8015,#8016,#8017,#8018,#8019),
.UNSPECIFIED.,.F.,.F.,
(4,1,1,1,1,1,1,1,1,1,1,1,1,1,1,1,1,1,1,1,4),
(0.,0.0499999999999993,0.0999999999999985,0.149999999999998,0.199999999999997,0.249999999999996,
0.299999999999995,0.349999999999995,0.399999999999994,0.449999999999993,0.499999999999993,
0.549999999999992,0.599999999999991,0.64999999999999,0.69999999999999,0.749999999999989,
0.799999999999988,0.849999999999987,0.899999999999986,0.949999999999986,1.),
.UNSPECIFIED.);
#6170=B_SPLINE_CURVE_WITH_KNOTS('',3,
(#8020,#8021,#8022,#8023,#8024,#8025,#8026,#8027,#8028,#8029,#8030,#8031,#8032,#8033,
#8034,#8035,#8036,#8037,#8038,#8039,#8040,#8041,#8042),
.UNSPECIFIED.,.F.,.F.,
(4,1,1,1,1,1,1,1,1,1,1,1,1,1,1,1,1,1,1,1,4),
(0.,0.0499999999999993,0.0999999999999985,0.149999999999998,0.199999999999997,0.249999999999996,
0.299999999999995,0.349999999999995,0.399999999999994,0.449999999999993,0.499999999999993,
0.549999999999992,0.599999999999991,0.64999999999999,0.69999999999999,0.749999999999989,
0.799999999999988,0.849999999999987,0.899999999999986,0.949999999999986,1.),
.UNSPECIFIED.);
#6171=VERTEX_POINT('',#8043);
#6172=B_SPLINE_CURVE_WITH_KNOTS('',3,
(#8044,#8045,#8046,#8047,#8048,#8049,#8050),
.UNSPECIFIED.,.F.,.F.,
(4,1,1,1,4),
(0.,0.46417296492074,0.500094683239199,0.964074017880078,1.),
.UNSPECIFIED.);
#6173=VERTEX_POINT('',#8051);
#6174=B_SPLINE_CURVE_WITH_KNOTS('',3,
(#8052,#8053,#8054,#8055,#8056,#8057,#8058,#8059,#8060,#8061,#8062,#8063,#8064,#8065,
#8066,#8067,#8068,#8069,#8070,#8071,#8072,#8073,#8074,#8075,#8076,#8077,#8078,#8079,
#8080,#8081,#8082,#8083,#8084,#8085,#8086,#8087,#8088,#8089,#8090,#8091,#8092,#8093,
#8094,#8095,#8096,#8097),
.UNSPECIFIED.,.F.,.F.,
(4,1,1,1,1,1,1,1,1,1,1,1,1,1,1,1,1,1,1,1,1,1,1,1,1,1,1,1,1,1,1,1,1,1,1,1,1,1,1,1,
1,1,1,4),
(0.,0.0217173574628712,0.0649768941592443,0.0861959267053111,0.107994126237122,0.150737280347503,
0.171616814456863,0.193170943748779,0.235284127777064,0.255872448469408,0.27709111418629,
0.318618953737139,0.339042524497297,0.359912572934367,0.401025648383227,0.40779519739964,
0.442016218382808,0.476181802289529,0.48295845620647,0.497822250205111,0.523895484201209,
0.544505594506671,0.564809635036237,0.605630181618636,0.6265039734778,0.646163671517967,
0.668407637481345,0.672583275294488,0.677655585991073,0.686588524535502,0.701615200362332,
0.708311561637036,0.731651280354832,0.773597981519111,0.78920216023085,0.815385806453442,
0.856539440311145,0.861353018664632,0.896113132786816,0.920161383303695,0.931373874443851,
0.946657970676992,0.984171632277211,1.),
.UNSPECIFIED.);
#6175=B_SPLINE_CURVE_WITH_KNOTS('',3,
(#8098,#8099,#8100,#8101,#8102,#8103,#8104),
.UNSPECIFIED.,.F.,.F.,
(4,1,1,1,4),
(0.,0.466445224887583,0.499912895394329,0.966535094383541,1.),
.UNSPECIFIED.);
#6176=B_SPLINE_CURVE_WITH_KNOTS('',3,
(#8105,#8106,#8107,#8108,#8109,#8110,#8111,#8112,#8113,#8114,#8115,#8116,#8117,#8118,
#8119,#8120,#8121,#8122,#8123,#8124,#8125,#8126,#8127),
.UNSPECIFIED.,.F.,.F.,
(4,1,1,1,1,1,1,1,1,1,1,1,1,1,1,1,1,1,1,1,4),
(0.,0.0499999999999993,0.0999999999999985,0.149999999999998,0.199999999999997,0.249999999999996,
0.299999999999995,0.349999999999995,0.399999999999994,0.449999999999993,0.499999999999993,
0.549999999999992,0.599999999999991,0.64999999999999,0.69999999999999,0.749999999999989,
0.799999999999988,0.849999999999987,0.899999999999986,0.949999999999986,1.),
.UNSPECIFIED.);
#6177=B_SPLINE_CURVE_WITH_KNOTS('',3,
(#8128,#8129,#8130,#8131,#8132,#8133,#8134,#8135,#8136,#8137,#8138,#8139,#8140,#8141,
#8142,#8143,#8144,#8145,#8146,#8147,#8148,#8149,#8150),
.UNSPECIFIED.,.F.,.F.,
(4,1,1,1,1,1,1,1,1,1,1,1,1,1,1,1,1,1,1,1,4),
(0.,0.0499999999999993,0.0999999999999985,0.149999999999998,0.199999999999997,0.249999999999996,
0.299999999999995,0.349999999999995,0.399999999999994,0.449999999999993,0.499999999999993,
0.549999999999992,0.599999999999991,0.64999999999999,0.69999999999999,0.749999999999989,
0.799999999999988,0.849999999999987,0.899999999999986,0.949999999999986,1.),
.UNSPECIFIED.);
#6178=VERTEX_POINT('',#8151);
#6179=B_SPLINE_CURVE_WITH_KNOTS('',3,
(#8152,#8153,#8154,#8155,#8156,#8157,#8158),
.UNSPECIFIED.,.F.,.F.,
(4,1,1,1,4),
(0.,0.464172964920731,0.500094683239206,0.964074017880089,1.),
.UNSPECIFIED.);
#6180=VERTEX_POINT('',#8159);
#6181=B_SPLINE_CURVE_WITH_KNOTS('',3,
(#8160,#8161,#8162,#8163,#8164,#8165,#8166,#8167,#8168,#8169,#8170,#8171,#8172,#8173,
#8174,#8175,#8176,#8177,#8178,#8179,#8180,#8181,#8182,#8183,#8184,#8185,#8186,#8187,
#8188,#8189,#8190,#8191,#8192,#8193,#8194,#8195,#8196,#8197,#8198,#8199,#8200,#8201,
#8202,#8203,#8204,#8205),
.UNSPECIFIED.,.F.,.F.,
(4,1,1,1,1,1,1,1,1,1,1,1,1,1,1,1,1,1,1,1,1,1,1,1,1,1,1,1,1,1,1,1,1,1,1,1,1,1,1,1,
1,1,1,4),
(0.,0.0217173574628666,0.0649768941592434,0.0861959267053104,0.107994126237125,0.150737280347504,
0.171616814456865,0.193170943748778,0.235284127777063,0.255872448469414,0.277091114186295,
0.318618953737138,0.339042524497301,0.359912572934367,0.401025648383228,0.407795197399642,
0.442016218382808,0.476181802289531,0.482958456206471,0.497822250205107,0.523895484201206,
0.544505594506672,0.564809635036242,0.605630181618636,0.626503973477799,0.646163671517964,
0.668407637481338,0.672583275294489,0.677655585991078,0.686588524535491,0.701615200362332,
0.70831156163704,0.731651280354825,0.773597981519111,0.789202160230843,0.81538580645344,
0.856539440311127,0.861353018664632,0.896113132786806,0.920161383303699,0.93137387444385,
0.94665797067698,0.984171632277194,1.),
.UNSPECIFIED.);
#6182=B_SPLINE_CURVE_WITH_KNOTS('',3,
(#8206,#8207,#8208,#8209,#8210,#8211,#8212),
.UNSPECIFIED.,.F.,.F.,
(4,1,1,1,4),
(0.,0.466445224887652,0.499912895394407,0.966535094383547,1.),
.UNSPECIFIED.);
#6183=B_SPLINE_CURVE_WITH_KNOTS('',3,
(#8213,#8214,#8215,#8216,#8217,#8218,#8219,#8220,#8221,#8222,#8223,#8224,#8225,#8226,
#8227,#8228,#8229,#8230,#8231,#8232,#8233,#8234,#8235),
.UNSPECIFIED.,.F.,.F.,
(4,1,1,1,1,1,1,1,1,1,1,1,1,1,1,1,1,1,1,1,4),
(0.,0.05,0.1,0.15,0.2,0.25,0.3,0.35,0.4,0.45,0.5,0.55,0.6,0.649999999999999,0.699999999999998,
0.749999999999998,0.799999999999997,0.849999999999996,0.899999999999995,0.949999999999995,
1.),
.UNSPECIFIED.);
#6184=B_SPLINE_CURVE_WITH_KNOTS('',3,
(#8236,#8237,#8238,#8239,#8240,#8241,#8242,#8243,#8244,#8245,#8246,#8247,#8248,#8249,
#8250,#8251,#8252,#8253,#8254,#8255,#8256,#8257,#8258),
.UNSPECIFIED.,.F.,.F.,
(4,1,1,1,1,1,1,1,1,1,1,1,1,1,1,1,1,1,1,1,4),
(0.,0.05,0.1,0.15,0.2,0.25,0.3,0.35,0.4,0.45,0.5,0.55,0.6,0.649999999999999,0.699999999999998,
0.749999999999998,0.799999999999997,0.849999999999996,0.899999999999995,0.949999999999995,
1.),
.UNSPECIFIED.);
#6185=VERTEX_POINT('',#8259);
#6186=B_SPLINE_CURVE_WITH_KNOTS('',3,
(#8260,#8261,#8262,#8263,#8264,#8265,#8266),
.UNSPECIFIED.,.F.,.F.,
(4,1,1,1,4),
(0.,0.464172964920728,0.500094683239194,0.96407401788009,1.),
.UNSPECIFIED.);
#6187=VERTEX_POINT('',#8267);
#6188=B_SPLINE_CURVE_WITH_KNOTS('',3,
(#8268,#8269,#8270,#8271,#8272,#8273,#8274,#8275,#8276,#8277,#8278,#8279,#8280,#8281,
#8282,#8283,#8284,#8285,#8286,#8287,#8288,#8289,#8290,#8291,#8292,#8293,#8294,#8295,
#8296,#8297,#8298,#8299,#8300,#8301,#8302,#8303,#8304,#8305,#8306,#8307,#8308,#8309,
#8310,#8311,#8312,#8313),
.UNSPECIFIED.,.F.,.F.,
(4,1,1,1,1,1,1,1,1,1,1,1,1,1,1,1,1,1,1,1,1,1,1,1,1,1,1,1,1,1,1,1,1,1,1,1,1,1,1,1,
1,1,1,4),
(0.,0.0217173574628607,0.0649768941592396,0.0861959267053214,0.10799412623713,0.150737280347503,
0.171616814456865,0.193170943748775,0.23528412777706,0.255872448469412,0.277091114186293,
0.318618953737138,0.339042524497298,0.359912572934367,0.401025648383229,0.407795197399645,
0.44201621838281,0.476181802289531,0.48295845620647,0.497822250205104,0.523895484201205,
0.54450559450667,0.564809635036243,0.605630181618639,0.626503973477795,0.646163671517963,
0.668407637481337,0.672583275294482,0.67765558599107,0.686588524535482,0.701615200362328,
0.708311561637018,0.731651280354811,0.773597981519108,0.789202160230832,0.815385806453427,
0.856539440311098,0.861353018664613,0.896113132786745,0.920161383303666,0.93137387444384,
0.946657970676997,0.9841716322772,1.),
.UNSPECIFIED.);
#6189=B_SPLINE_CURVE_WITH_KNOTS('',3,
(#8314,#8315,#8316,#8317,#8318,#8319,#8320),
.UNSPECIFIED.,.F.,.F.,
(4,1,1,1,4),
(0.,0.466445224887343,0.499912895394059,0.966535094383562,1.),
.UNSPECIFIED.);
#6190=B_SPLINE_CURVE_WITH_KNOTS('',3,
(#8321,#8322,#8323,#8324,#8325,#8326,#8327,#8328,#8329,#8330,#8331,#8332,#8333,#8334,
#8335,#8336,#8337,#8338,#8339,#8340,#8341,#8342,#8343),
.UNSPECIFIED.,.F.,.F.,
(4,1,1,1,1,1,1,1,1,1,1,1,1,1,1,1,1,1,1,1,4),
(0.,0.05,0.1,0.15,0.2,0.25,0.3,0.35,0.4,0.45,0.5,0.55,0.6,0.65,0.7,0.75,0.8,0.85,
0.9,0.95,1.),
.UNSPECIFIED.);
#6191=B_SPLINE_CURVE_WITH_KNOTS('',3,
(#8344,#8345,#8346,#8347,#8348,#8349,#8350,#8351,#8352,#8353,#8354,#8355,#8356,#8357,
#8358,#8359,#8360,#8361,#8362,#8363,#8364,#8365,#8366),
.UNSPECIFIED.,.F.,.F.,
(4,1,1,1,1,1,1,1,1,1,1,1,1,1,1,1,1,1,1,1,4),
(0.,0.05,0.1,0.15,0.2,0.25,0.3,0.35,0.4,0.45,0.5,0.55,0.6,0.65,0.7,0.75,0.8,0.85,
0.9,0.95,1.),
.UNSPECIFIED.);
#6192=VERTEX_POINT('',#8367);
#6193=B_SPLINE_CURVE_WITH_KNOTS('',3,
(#8368,#8369,#8370,#8371,#8372,#8373,#8374),
.UNSPECIFIED.,.F.,.F.,
(4,1,1,1,4),
(0.,0.464172964920729,0.500094683239211,0.964074017880087,1.),
.UNSPECIFIED.);
#6194=VERTEX_POINT('',#8375);
#6195=B_SPLINE_CURVE_WITH_KNOTS('',3,
(#8376,#8377,#8378,#8379,#8380,#8381,#8382,#8383,#8384,#8385,#8386,#8387,#8388,#8389,
#8390,#8391,#8392,#8393,#8394,#8395,#8396,#8397,#8398,#8399,#8400,#8401,#8402,#8403,
#8404,#8405,#8406,#8407,#8408,#8409,#8410,#8411,#8412,#8413,#8414,#8415,#8416,#8417,
#8418,#8419,#8420,#8421),
.UNSPECIFIED.,.F.,.F.,
(4,1,1,1,1,1,1,1,1,1,1,1,1,1,1,1,1,1,1,1,1,1,1,1,1,1,1,1,1,1,1,1,1,1,1,1,1,1,1,1,
1,1,1,4),
(0.,0.0217173574628657,0.0649768941592422,0.0861959267053181,0.107994126237129,0.150737280347504,
0.171616814456865,0.193170943748777,0.23528412777706,0.255872448469413,0.277091114186292,
0.318618953737136,0.339042524497298,0.359912572934369,0.401025648383229,0.407795197399645,
0.44201621838281,0.476181802289531,0.482958456206471,0.497822250205108,0.523895484201206,
0.544505594506672,0.564809635036243,0.605630181618637,0.626503973477798,0.646163671517965,
0.668407637481337,0.672583275294476,0.67765558599107,0.686588524535479,0.701615200362322,
0.708311561637029,0.731651280354824,0.773597981519115,0.789202160230841,0.815385806453438,
0.856539440311134,0.861353018664627,0.896113132786804,0.920161383303707,0.931373874443855,
0.946657970677001,0.984171632277209,1.),
.UNSPECIFIED.);
#6196=B_SPLINE_CURVE_WITH_KNOTS('',3,
(#8422,#8423,#8424,#8425,#8426,#8427,#8428),
.UNSPECIFIED.,.F.,.F.,
(4,1,1,1,4),
(0.,0.466445224887348,0.499912895394066,0.966535094383563,1.),
.UNSPECIFIED.);
#6197=VERTEX_POINT('',#8429);
#6198=B_SPLINE_CURVE_WITH_KNOTS('',3,
(#8430,#8431,#8432,#8433,#8434,#8435,#8436),
.UNSPECIFIED.,.F.,.F.,
(4,1,1,1,4),
(0.,0.466492242527368,0.499917673675254,0.966577181431014,1.),
.UNSPECIFIED.);
#6199=B_SPLINE_CURVE_WITH_KNOTS('',3,
(#8437,#8438,#8439,#8440,#8441,#8442,#8443,#8444,#8445,#8446,#8447,#8448,#8449,#8450,
#8451,#8452,#8453,#8454,#8455,#8456,#8457,#8458,#8459,#8460),
.UNSPECIFIED.,.F.,.F.,
(4,1,1,1,1,1,1,1,1,1,1,1,1,1,1,1,1,1,1,1,1,4),
(0.,0.0476190476190477,0.0952380952380953,0.142857142857143,0.190476190476191,0.238095238095238,
0.285714285714286,0.333333333333334,0.380952380952381,0.428571428571429,0.476190476190477,
0.523809523809524,0.571428571428572,0.61904761904762,0.666666666666667,0.714285714285715,
0.761904761904763,0.80952380952381,0.857142857142858,0.904761904761905,0.952380952380953,
1.),
.UNSPECIFIED.);
#6200=VERTEX_POINT('',#8461);
#6201=B_SPLINE_CURVE_WITH_KNOTS('',3,
(#8462,#8463,#8464,#8465,#8466,#8467,#8468),
.UNSPECIFIED.,.F.,.F.,
(4,1,1,1,4),
(0.,0.464184510513477,0.500099797772245,0.964080195562068,1.),
.UNSPECIFIED.);
#6202=B_SPLINE_CURVE_WITH_KNOTS('',3,
(#8469,#8470,#8471,#8472,#8473,#8474,#8475,#8476,#8477,#8478,#8479,#8480,#8481,#8482,
#8483,#8484,#8485,#8486,#8487,#8488,#8489,#8490,#8491,#8492,#8493,#8494,#8495,#8496,
#8497,#8498,#8499,#8500,#8501,#8502,#8503,#8504,#8505,#8506,#8507,#8508,#8509,#8510,
#8511,#8512,#8513,#8514),
.UNSPECIFIED.,.F.,.F.,
(4,1,1,1,1,1,1,1,1,1,1,1,1,1,1,1,1,1,1,1,1,1,1,1,1,1,1,1,1,1,1,1,1,1,1,1,1,1,1,1,
1,1,1,4),
(0.,0.0218286193103256,0.0653781740253063,0.08687745306084,0.108777005950347,0.151970614160658,
0.173136648848815,0.194902567545722,0.237536798335953,0.258359087376394,0.279857242325158,
0.321863795277741,0.342415645197381,0.363573272077719,0.405016379465141,0.425428602225329,
0.446243684171587,0.48731276182034,0.494093358191642,0.502170379780831,0.528272689197468,
0.562436863770248,0.5691850498739,0.610075210935429,0.630735564651717,0.65088943419858,
0.691484137118441,0.712667011518009,0.713775484098417,0.717933139961616,0.723252433180432,
0.73295543020195,0.747373069629355,0.776187484922053,0.794279774029335,0.817938814140129,
0.859536741759306,0.874637459756284,0.900516401699366,0.939936492845634,0.94310841519076,
0.975938066939304,0.996387480831814,1.),
.UNSPECIFIED.);
#6203=VERTEX_POINT('',#8515);
#6204=B_SPLINE_CURVE_WITH_KNOTS('',3,
(#8516,#8517,#8518,#8519,#8520,#8521,#8522),
.UNSPECIFIED.,.F.,.F.,
(4,1,1,1,4),
(0.,0.464184510513481,0.500099797772252,0.964080195562064,1.),
.UNSPECIFIED.);
#6205=VERTEX_POINT('',#8523);
#6206=B_SPLINE_CURVE_WITH_KNOTS('',3,
(#8524,#8525,#8526,#8527,#8528,#8529,#8530),
.UNSPECIFIED.,.F.,.F.,
(4,1,1,1,4),
(0.,0.466492242527369,0.499917673675259,0.966577181431014,1.),
.UNSPECIFIED.);
#6207=B_SPLINE_CURVE_WITH_KNOTS('',3,
(#8531,#8532,#8533,#8534,#8535,#8536,#8537,#8538,#8539,#8540,#8541,#8542,#8543,#8544,
#8545,#8546,#8547,#8548,#8549,#8550,#8551,#8552,#8553,#8554,#8555,#8556,#8557,#8558,
#8559,#8560,#8561,#8562,#8563,#8564,#8565,#8566,#8567,#8568,#8569,#8570,#8571,#8572,
#8573,#8574,#8575,#8576),
.UNSPECIFIED.,.F.,.F.,
(4,1,1,1,1,1,1,1,1,1,1,1,1,1,1,1,1,1,1,1,1,1,1,1,1,1,1,1,1,1,1,1,1,1,1,1,1,1,1,1,
1,1,1,4),
(0.,0.021828619310326,0.0653781740253044,0.0868774530608368,0.108777005950345,0.151970614160659,
0.17313664884881,0.194902567545724,0.237536798335952,0.258359087376393,0.279857242325161,
0.321863795277741,0.342415645197382,0.363573272077717,0.405016379465142,0.425428602225332,
0.446243684171586,0.48731276182034,0.49409335819164,0.502170379780832,0.52827268919747,
0.56243686377025,0.569185049873901,0.610075210935427,0.630735564651717,0.65088943419858,
0.691484137118439,0.712667011518007,0.713775484098415,0.717933139961613,0.72325243318043,
0.732955430201939,0.747373069629356,0.776187484922059,0.794279774029334,0.817938814140119,
0.859536741759292,0.874637459756281,0.90051640169935,0.93993649284559,0.943108415190756,
0.975938066939217,0.996387480831751,1.),
.UNSPECIFIED.);
#6208=VERTEX_POINT('',#8577);
#6209=B_SPLINE_CURVE_WITH_KNOTS('',3,
(#8578,#8579,#8580,#8581,#8582,#8583,#8584),
.UNSPECIFIED.,.F.,.F.,
(4,1,1,1,4),
(0.,0.464184510513489,0.500099797772245,0.964080195562072,1.),
.UNSPECIFIED.);
#6210=VERTEX_POINT('',#8585);
#6211=B_SPLINE_CURVE_WITH_KNOTS('',3,
(#8586,#8587,#8588,#8589,#8590,#8591,#8592),
.UNSPECIFIED.,.F.,.F.,
(4,1,1,1,4),
(0.,0.466492242527369,0.499917673675269,0.96657718143101,1.),
.UNSPECIFIED.);
#6212=B_SPLINE_CURVE_WITH_KNOTS('',3,
(#8593,#8594,#8595,#8596,#8597,#8598,#8599,#8600,#8601,#8602,#8603,#8604,#8605,#8606,
#8607,#8608,#8609,#8610,#8611,#8612,#8613,#8614,#8615,#8616,#8617,#8618,#8619,#8620,
#8621,#8622,#8623,#8624,#8625,#8626,#8627,#8628,#8629,#8630,#8631,#8632,#8633,#8634,
#8635,#8636,#8637,#8638),
.UNSPECIFIED.,.F.,.F.,
(4,1,1,1,1,1,1,1,1,1,1,1,1,1,1,1,1,1,1,1,1,1,1,1,1,1,1,1,1,1,1,1,1,1,1,1,1,1,1,1,
1,1,1,4),
(0.,0.0218286193103153,0.0653781740252934,0.0868774530608335,0.108777005950334,0.151970614160646,
0.173136648848801,0.194902567545709,0.237536798335941,0.258359087376383,0.279857242325146,
0.321863795277731,0.342415645197376,0.363573272077709,0.405016379465134,0.425428602225322,
0.446243684171579,0.487312761820335,0.494093358191636,0.502170379780824,0.528272689197462,
0.562436863770245,0.569185049873895,0.610075210935426,0.630735564651713,0.650889434198577,
0.691484137118444,0.712667011518004,0.713775484098424,0.71793313996161,0.723252433180432,
0.73295543020195,0.747373069629348,0.776187484922047,0.79427977402934,0.817938814140134,
0.859536741759325,0.874637459756299,0.900516401699385,0.939936492845664,0.943108415190765,
0.975938066939399,0.996387480831861,1.),
.UNSPECIFIED.);
#6213=VERTEX_POINT('',#8639);
#6214=B_SPLINE_CURVE_WITH_KNOTS('',3,
(#8640,#8641,#8642,#8643,#8644,#8645,#8646),
.UNSPECIFIED.,.F.,.F.,
(4,1,1,1,4),
(0.,0.464184510513471,0.500099797772226,0.964080195562059,1.),
.UNSPECIFIED.);
#6215=VERTEX_POINT('',#8647);
#6216=B_SPLINE_CURVE_WITH_KNOTS('',3,
(#8648,#8649,#8650,#8651,#8652,#8653,#8654),
.UNSPECIFIED.,.F.,.F.,
(4,1,1,1,4),
(0.,0.466492242527371,0.499917673675235,0.966577181431028,1.),
.UNSPECIFIED.);
#6217=B_SPLINE_CURVE_WITH_KNOTS('',3,
(#8655,#8656,#8657,#8658,#8659,#8660,#8661,#8662,#8663,#8664,#8665,#8666,#8667,#8668,
#8669,#8670,#8671,#8672,#8673,#8674,#8675,#8676,#8677,#8678,#8679,#8680,#8681,#8682,
#8683,#8684,#8685,#8686,#8687,#8688,#8689,#8690,#8691,#8692,#8693,#8694,#8695,#8696,
#8697,#8698,#8699,#8700),
.UNSPECIFIED.,.F.,.F.,
(4,1,1,1,1,1,1,1,1,1,1,1,1,1,1,1,1,1,1,1,1,1,1,1,1,1,1,1,1,1,1,1,1,1,1,1,1,1,1,1,
1,1,1,4),
(0.,0.0218286193103214,0.0653781740253152,0.0868774530608507,0.108777005950356,0.151970614160676,
0.173136648848827,0.194902567545729,0.237536798335951,0.258359087376397,0.279857242325158,
0.321863795277742,0.342415645197386,0.363573272077725,0.405016379465144,0.425428602225336,
0.446243684171592,0.487312761820344,0.494093358191648,0.502170379780836,0.528272689197473,
0.562436863770256,0.569185049873906,0.610075210935428,0.630735564651723,0.650889434198587,
0.691484137118447,0.712667011518017,0.713775484098425,0.717933139961629,0.723252433180463,
0.732955430201999,0.747373069629408,0.776187484922091,0.794279774029352,0.817938814140127,
0.859536741759319,0.874637459756319,0.900516401699405,0.939936492845685,0.943108415190796,
0.975938066939419,0.996387480831894,1.),
.UNSPECIFIED.);
#6218=VERTEX_POINT('',#8701);
#6219=B_SPLINE_CURVE_WITH_KNOTS('',3,
(#8702,#8703,#8704,#8705,#8706,#8707,#8708),
.UNSPECIFIED.,.F.,.F.,
(4,1,1,1,4),
(0.,0.464184510513463,0.50009979777223,0.964080195562068,1.),
.UNSPECIFIED.);
#6220=VERTEX_POINT('',#8709);
#6221=B_SPLINE_CURVE_WITH_KNOTS('',3,
(#8710,#8711,#8712,#8713,#8714,#8715,#8716),
.UNSPECIFIED.,.F.,.F.,
(4,1,1,1,4),
(0.,0.466492242527384,0.499917673675268,0.966577181431025,1.),
.UNSPECIFIED.);
#6222=B_SPLINE_CURVE_WITH_KNOTS('',3,
(#8717,#8718,#8719,#8720,#8721,#8722,#8723,#8724,#8725,#8726,#8727,#8728,#8729,#8730,
#8731,#8732,#8733,#8734,#8735,#8736,#8737,#8738,#8739,#8740,#8741,#8742,#8743,#8744,
#8745,#8746,#8747,#8748,#8749,#8750,#8751,#8752,#8753,#8754,#8755,#8756,#8757,#8758,
#8759,#8760,#8761,#8762),
.UNSPECIFIED.,.F.,.F.,
(4,1,1,1,1,1,1,1,1,1,1,1,1,1,1,1,1,1,1,1,1,1,1,1,1,1,1,1,1,1,1,1,1,1,1,1,1,1,1,1,
1,1,1,4),
(0.,0.0218286193103357,0.0653781740253127,0.0868774530608339,0.108777005950347,0.151970614160662,
0.17313664884882,0.194902567545728,0.23753679833597,0.2583590873764,0.279857242325153,
0.321863795277742,0.342415645197388,0.363573272077725,0.405016379465142,0.425428602225333,
0.446243684171592,0.487312761820346,0.494093358191645,0.502170379780836,0.528272689197476,
0.562436863770253,0.569185049873907,0.610075210935443,0.630735564651729,0.650889434198593,
0.691484137118471,0.712667011518023,0.713775484098458,0.717933139961661,0.723252433180511,
0.732955430202102,0.747373069629487,0.776187484922086,0.794279774029349,0.817938814140112,
0.859536741759292,0.874637459756325,0.900516401699353,0.939936492845591,0.943108415190786,
0.97593806693923,0.996387480831758,1.),
.UNSPECIFIED.);
#6223=VERTEX_POINT('',#8763);
#6224=B_SPLINE_CURVE_WITH_KNOTS('',3,
(#8764,#8765,#8766,#8767,#8768,#8769,#8770),
.UNSPECIFIED.,.F.,.F.,
(4,1,1,1,4),
(0.,0.464184510513458,0.500099797772179,0.964080195562075,1.),
.UNSPECIFIED.);
#6225=VERTEX_POINT('',#8771);
#6226=B_SPLINE_CURVE_WITH_KNOTS('',3,
(#8772,#8773,#8774,#8775,#8776,#8777,#8778),
.UNSPECIFIED.,.F.,.F.,
(4,1,1,1,4),
(0.,0.46649224252735,0.499917673675276,0.966577181431025,1.),
.UNSPECIFIED.);
#6227=B_SPLINE_CURVE_WITH_KNOTS('',3,
(#8779,#8780,#8781,#8782,#8783,#8784,#8785,#8786,#8787,#8788,#8789,#8790,#8791,#8792,
#8793,#8794,#8795,#8796,#8797,#8798,#8799,#8800,#8801,#8802,#8803,#8804,#8805,#8806,
#8807,#8808,#8809,#8810,#8811,#8812,#8813,#8814,#8815,#8816,#8817,#8818,#8819,#8820,
#8821,#8822,#8823,#8824),
.UNSPECIFIED.,.F.,.F.,
(4,1,1,1,1,1,1,1,1,1,1,1,1,1,1,1,1,1,1,1,1,1,1,1,1,1,1,1,1,1,1,1,1,1,1,1,1,1,1,1,
1,1,1,4),
(0.,0.0218286193103316,0.0653781740253178,0.0868774530608397,0.108777005950349,0.151970614160681,
0.173136648848805,0.194902567545731,0.237536798335972,0.258359087376393,0.279857242325162,
0.321863795277768,0.342415645197401,0.363573272077738,0.405016379465155,0.42542860222534,
0.446243684171606,0.487312761820352,0.494093358191656,0.502170379780844,0.528272689197475,
0.562436863770262,0.569185049873911,0.610075210935428,0.630735564651721,0.650889434198591,
0.69148413711843,0.712667011518013,0.713775484098417,0.717933139961603,0.723252433180432,
0.732955430201925,0.747373069629356,0.776187484922075,0.794279774029334,0.817938814140114,
0.859536741759295,0.874637459756275,0.900516401699363,0.939936492845601,0.94310841519075,
0.975938066939167,0.996387480831708,1.),
.UNSPECIFIED.);
#6228=VERTEX_POINT('',#8825);
#6229=B_SPLINE_CURVE_WITH_KNOTS('',3,
(#8826,#8827,#8828,#8829,#8830,#8831,#8832),
.UNSPECIFIED.,.F.,.F.,
(4,1,1,1,4),
(0.,0.464172964920689,0.500094683239162,0.964074017880092,1.),
.UNSPECIFIED.);
#6230=VERTEX_POINT('',#8833);
#6231=B_SPLINE_CURVE_WITH_KNOTS('',3,
(#8834,#8835,#8836,#8837,#8838,#8839,#8840,#8841,#8842,#8843,#8844,#8845,#8846,#8847,
#8848,#8849,#8850,#8851,#8852,#8853,#8854,#8855,#8856,#8857,#8858,#8859,#8860,#8861,
#8862,#8863,#8864,#8865,#8866,#8867,#8868,#8869,#8870,#8871,#8872,#8873,#8874,#8875,
#8876,#8877,#8878,#8879),
.UNSPECIFIED.,.F.,.F.,
(4,1,1,1,1,1,1,1,1,1,1,1,1,1,1,1,1,1,1,1,1,1,1,1,1,1,1,1,1,1,1,1,1,1,1,1,1,1,1,1,
1,1,1,4),
(0.,0.0217173574628632,0.0649768941592593,0.0861959267053184,0.107994126237135,0.150737280347513,
0.171616814456851,0.193170943748785,0.23528412777707,0.255872448469432,0.277091114186303,
0.318618953737146,0.339042524497307,0.359912572934383,0.40102564838324,0.407795197399661,
0.442016218382827,0.476181802289543,0.482958456206477,0.497822250205107,0.523895484201197,
0.544505594506684,0.564809635036241,0.605630181618632,0.626503973477817,0.64616367151795,
0.6684076374813,0.672583275294451,0.677655585991017,0.686588524535377,0.701615200362241,
0.708311561637043,0.731651280354834,0.773597981519137,0.789202160230868,0.815385806453462,
0.856539440311171,0.861353018664642,0.896113132786842,0.920161383303734,0.931373874443853,
0.946657970676985,0.984171632277206,1.),
.UNSPECIFIED.);
#6232=B_SPLINE_CURVE_WITH_KNOTS('',3,
(#8880,#8881,#8882,#8883,#8884,#8885,#8886),
.UNSPECIFIED.,.F.,.F.,
(4,1,1,1,4),
(0.,0.466445224887642,0.499912895394347,0.966535094383583,1.),
.UNSPECIFIED.);
#6233=VERTEX_POINT('',#8887);
#6234=B_SPLINE_CURVE_WITH_KNOTS('',3,
(#8888,#8889,#8890,#8891,#8892,#8893,#8894),
.UNSPECIFIED.,.F.,.F.,
(4,1,1,1,4),
(0.,0.464172964920721,0.500094683239206,0.964074017880104,1.),
.UNSPECIFIED.);
#6235=VERTEX_POINT('',#8895);
#6236=B_SPLINE_CURVE_WITH_KNOTS('',3,
(#8896,#8897,#8898,#8899,#8900,#8901,#8902,#8903,#8904,#8905,#8906,#8907,#8908,#8909,
#8910,#8911,#8912,#8913,#8914,#8915,#8916,#8917,#8918,#8919,#8920,#8921,#8922,#8923,
#8924,#8925,#8926,#8927,#8928,#8929,#8930,#8931,#8932,#8933,#8934,#8935,#8936,#8937,
#8938,#8939,#8940,#8941),
.UNSPECIFIED.,.F.,.F.,
(4,1,1,1,1,1,1,1,1,1,1,1,1,1,1,1,1,1,1,1,1,1,1,1,1,1,1,1,1,1,1,1,1,1,1,1,1,1,1,1,
1,1,1,4),
(0.,0.0217173574628551,0.0649768941592539,0.0861959267053152,0.107994126237134,0.150737280347499,
0.171616814456868,0.193170943748771,0.235284127777061,0.255872448469409,0.277091114186291,
0.318618953737141,0.3390425244973,0.359912572934373,0.401025648383228,0.407795197399646,
0.442016218382814,0.476181802289529,0.482958456206471,0.497822250205102,0.523895484201202,
0.544505594506669,0.564809635036245,0.605630181618648,0.626503973477791,0.646163671517973,
0.668407637481333,0.672583275294488,0.677655585991063,0.686588524535491,0.701615200362325,
0.708311561637013,0.731651280354828,0.773597981519117,0.789202160230827,0.815385806453443,
0.856539440311131,0.861353018664606,0.896113132786825,0.920161383303711,0.931373874443849,
0.946657970676997,0.984171632277209,1.),
.UNSPECIFIED.);
#6237=B_SPLINE_CURVE_WITH_KNOTS('',3,
(#8942,#8943,#8944,#8945,#8946,#8947,#8948),
.UNSPECIFIED.,.F.,.F.,
(4,1,1,1,4),
(0.,0.466445224887656,0.499912895394408,0.966535094383547,1.),
.UNSPECIFIED.);
#6238=VERTEX_POINT('',#8949);
#6239=B_SPLINE_CURVE_WITH_KNOTS('',3,
(#8950,#8951,#8952,#8953,#8954,#8955,#8956),
.UNSPECIFIED.,.F.,.F.,
(4,1,1,1,4),
(0.,0.464172964920748,0.500094683239203,0.964074017880093,1.),
.UNSPECIFIED.);
#6240=VERTEX_POINT('',#8957);
#6241=B_SPLINE_CURVE_WITH_KNOTS('',3,
(#8958,#8959,#8960,#8961,#8962,#8963,#8964,#8965,#8966,#8967,#8968,#8969,#8970,#8971,
#8972,#8973,#8974,#8975,#8976,#8977,#8978,#8979,#8980,#8981,#8982,#8983,#8984,#8985,
#8986,#8987,#8988,#8989,#8990,#8991,#8992,#8993,#8994,#8995,#8996,#8997,#8998,#8999,
#9000,#9001,#9002,#9003),
.UNSPECIFIED.,.F.,.F.,
(4,1,1,1,1,1,1,1,1,1,1,1,1,1,1,1,1,1,1,1,1,1,1,1,1,1,1,1,1,1,1,1,1,1,1,1,1,1,1,1,
1,1,1,4),
(0.,0.0217173574628604,0.0649768941592337,0.0861959267053186,0.107994126237133,0.150737280347495,
0.171616814456863,0.193170943748778,0.235284127777065,0.25587244846941,0.277091114186293,
0.318618953737137,0.339042524497299,0.359912572934369,0.401025648383228,0.407795197399642,
0.442016218382813,0.476181802289532,0.482958456206472,0.497822250205111,0.523895484201203,
0.544505594506673,0.564809635036242,0.605630181618641,0.626503973477807,0.646163671517973,
0.668407637481352,0.672583275294484,0.677655585991077,0.6865885245355,0.70161520036233,
0.708311561637046,0.731651280354823,0.773597981519104,0.789202160230851,0.815385806453444,
0.85653944031114,0.861353018664626,0.896113132786826,0.920161383303713,0.931373874443869,
0.946657970676988,0.984171632277207,1.),
.UNSPECIFIED.);
#6242=B_SPLINE_CURVE_WITH_KNOTS('',3,
(#9004,#9005,#9006,#9007,#9008,#9009,#9010),
.UNSPECIFIED.,.F.,.F.,
(4,1,1,1,4),
(0.,0.466445224887646,0.499912895394405,0.966535094383546,1.),
.UNSPECIFIED.);
#6243=VERTEX_POINT('',#9011);
#6244=B_SPLINE_CURVE_WITH_KNOTS('',3,
(#9012,#9013,#9014,#9015,#9016,#9017,#9018),
.UNSPECIFIED.,.F.,.F.,
(4,1,1,1,4),
(0.,0.464172964920743,0.500094683239204,0.964074017880069,1.),
.UNSPECIFIED.);
#6245=VERTEX_POINT('',#9019);
#6246=B_SPLINE_CURVE_WITH_KNOTS('',3,
(#9020,#9021,#9022,#9023,#9024,#9025,#9026,#9027,#9028,#9029,#9030,#9031,#9032,#9033,
#9034,#9035,#9036,#9037,#9038,#9039,#9040,#9041,#9042,#9043,#9044,#9045,#9046,#9047,
#9048,#9049,#9050,#9051,#9052,#9053,#9054,#9055,#9056,#9057,#9058,#9059,#9060,#9061,
#9062,#9063,#9064,#9065),
.UNSPECIFIED.,.F.,.F.,
(4,1,1,1,1,1,1,1,1,1,1,1,1,1,1,1,1,1,1,1,1,1,1,1,1,1,1,1,1,1,1,1,1,1,1,1,1,1,1,1,
1,1,1,4),
(0.,0.0217173574628624,0.0649768941592421,0.0861959267053226,0.107994126237127,0.15073728034751,
0.171616814456865,0.193170943748776,0.235284127777061,0.255872448469418,0.277091114186296,
0.31861895373714,0.339042524497298,0.35991257293437,0.401025648383229,0.407795197399644,
0.442016218382812,0.47618180228953,0.48295845620647,0.497822250205106,0.523895484201201,
0.54450559450667,0.564809635036244,0.605630181618633,0.626503973477794,0.646163671517958,
0.668407637481329,0.67258327529447,0.677655585991057,0.68658852453546,0.70161520036231,
0.708311561637023,0.73165128035483,0.773597981519117,0.789202160230835,0.815385806453438,
0.856539440311128,0.861353018664623,0.896113132786825,0.920161383303711,0.93137387444385,
0.946657970676992,0.98417163227721,1.),
.UNSPECIFIED.);
#6247=B_SPLINE_CURVE_WITH_KNOTS('',3,
(#9066,#9067,#9068,#9069,#9070,#9071,#9072),
.UNSPECIFIED.,.F.,.F.,
(4,1,1,1,4),
(0.,0.466445224887559,0.499912895394262,0.966535094383591,1.),
.UNSPECIFIED.);
#6248=VERTEX_POINT('',#9073);
#6249=B_SPLINE_CURVE_WITH_KNOTS('',3,
(#9074,#9075,#9076,#9077,#9078,#9079,#9080),
.UNSPECIFIED.,.F.,.F.,
(4,1,1,1,4),
(0.,0.464172964920728,0.500094683239202,0.964074017880095,1.),
.UNSPECIFIED.);
#6250=B_SPLINE_CURVE_WITH_KNOTS('',3,
(#9081,#9082,#9083,#9084,#9085,#9086,#9087,#9088,#9089,#9090,#9091,#9092,#9093,#9094,
#9095,#9096,#9097,#9098,#9099,#9100,#9101,#9102,#9103,#9104,#9105,#9106,#9107,#9108,
#9109,#9110,#9111,#9112,#9113,#9114,#9115,#9116,#9117,#9118,#9119,#9120,#9121,#9122,
#9123,#9124,#9125,#9126),
.UNSPECIFIED.,.F.,.F.,
(4,1,1,1,1,1,1,1,1,1,1,1,1,1,1,1,1,1,1,1,1,1,1,1,1,1,1,1,1,1,1,1,1,1,1,1,1,1,1,1,
1,1,1,4),
(0.,0.0217173574628642,0.0649768941592375,0.0861959267053142,0.107994126237125,0.1507372803475,
0.171616814456862,0.193170943748775,0.23528412777706,0.255872448469408,0.277091114186291,
0.318618953737137,0.339042524497295,0.359912572934366,0.401025648383226,0.407795197399641,
0.442016218382808,0.476181802289527,0.482958456206469,0.497822250205108,0.523895484201204,
0.54450559450667,0.56480963503624,0.605630181618635,0.626503973477797,0.64616367151796,
0.668407637481331,0.672583275294475,0.677655585991065,0.686588524535478,0.701615200362325,
0.708311561637026,0.731651280354816,0.773597981519115,0.789202160230842,0.815385806453437,
0.856539440311136,0.861353018664627,0.896113132786804,0.920161383303705,0.931373874443854,
0.946657970676988,0.984171632277196,1.),
.UNSPECIFIED.);
#6251=B_SPLINE_CURVE_WITH_KNOTS('',3,
(#9127,#9128,#9129,#9130,#9131,#9132,#9133,#9134,#9135,#9136,#9137,#9138,#9139,#9140,
#9141,#9142,#9143,#9144,#9145,#9146,#9147,#9148,#9149,#9150),
.UNSPECIFIED.,.F.,.F.,
(4,1,1,1,1,1,1,1,1,1,1,1,1,1,1,1,1,1,1,1,1,4),
(0.,0.0476190476190475,0.095238095238095,0.142857142857142,0.19047619047619,0.238095238095237,
0.285714285714285,0.333333333333332,0.38095238095238,0.428571428571427,0.476190476190475,
0.523809523809522,0.57142857142857,0.619047619047617,0.666666666666665,0.714285714285712,
0.76190476190476,0.809523809523807,0.857142857142855,0.904761904761902,0.95238095238095,
1.),
.UNSPECIFIED.);
#6252=B_SPLINE_CURVE_WITH_KNOTS('',3,
(#9151,#9152,#9153,#9154,#9155,#9156,#9157,#9158,#9159,#9160,#9161,#9162,#9163,#9164,
#9165,#9166,#9167,#9168,#9169,#9170,#9171,#9172,#9173,#9174),
.UNSPECIFIED.,.F.,.F.,
(4,1,1,1,1,1,1,1,1,1,1,1,1,1,1,1,1,1,1,1,1,4),
(0.,0.0476190476190479,0.0952380952380957,0.142857142857144,0.190476190476191,0.238095238095239,
0.285714285714287,0.333333333333335,0.380952380952383,0.428571428571431,0.476190476190479,
0.523809523809526,0.571428571428574,0.619047619047622,0.66666666666667,0.714285714285718,
0.761904761904766,0.809523809523814,0.857142857142862,0.904761904761909,0.952380952380957,
1.),
.UNSPECIFIED.);
#6253=B_SPLINE_CURVE_WITH_KNOTS('',3,
(#9175,#9176,#9177,#9178,#9179,#9180,#9181,#9182,#9183,#9184,#9185,#9186,#9187,#9188,
#9189,#9190,#9191,#9192,#9193,#9194,#9195,#9196,#9197,#9198),
.UNSPECIFIED.,.F.,.F.,
(4,1,1,1,1,1,1,1,1,1,1,1,1,1,1,1,1,1,1,1,1,4),
(0.,0.0476190476190478,0.0952380952380956,0.142857142857143,0.190476190476191,0.238095238095239,
0.285714285714287,0.333333333333335,0.380952380952382,0.42857142857143,0.476190476190478,
0.523809523809526,0.571428571428573,0.619047619047621,0.666666666666669,0.714285714285717,
0.761904761904765,0.809523809523813,0.85714285714286,0.904761904761908,0.952380952380956,
1.),
.UNSPECIFIED.);
#6254=B_SPLINE_CURVE_WITH_KNOTS('',3,
(#9199,#9200,#9201,#9202,#9203,#9204,#9205,#9206,#9207,#9208,#9209,#9210,#9211,#9212,
#9213,#9214,#9215,#9216,#9217,#9218,#9219,#9220,#9221,#9222),
.UNSPECIFIED.,.F.,.F.,
(4,1,1,1,1,1,1,1,1,1,1,1,1,1,1,1,1,1,1,1,1,4),
(0.,0.0476190476190471,0.0952380952380943,0.142857142857141,0.190476190476189,0.238095238095236,
0.285714285714283,0.33333333333333,0.380952380952377,0.428571428571424,0.476190476190471,
0.523809523809518,0.571428571428566,0.619047619047613,0.66666666666666,0.714285714285707,
0.761904761904754,0.809523809523801,0.857142857142848,0.904761904761896,0.952380952380943,
1.),
.UNSPECIFIED.);
#6255=B_SPLINE_CURVE_WITH_KNOTS('',3,
(#9223,#9224,#9225,#9226,#9227,#9228,#9229,#9230,#9231,#9232,#9233,#9234,#9235,#9236,
#9237,#9238,#9239,#9240,#9241,#9242,#9243,#9244,#9245,#9246),
.UNSPECIFIED.,.F.,.F.,
(4,1,1,1,1,1,1,1,1,1,1,1,1,1,1,1,1,1,1,1,1,4),
(0.,0.0476190476190471,0.0952380952380943,0.142857142857141,0.190476190476189,0.238095238095236,
0.285714285714283,0.33333333333333,0.380952380952377,0.428571428571424,0.476190476190471,
0.523809523809518,0.571428571428566,0.619047619047613,0.66666666666666,0.714285714285707,
0.761904761904754,0.809523809523801,0.857142857142848,0.904761904761896,0.952380952380943,
1.),
.UNSPECIFIED.);
#6256=B_SPLINE_CURVE_WITH_KNOTS('',3,
(#9247,#9248,#9249,#9250,#9251,#9252,#9253,#9254,#9255,#9256,#9257,#9258,#9259,#9260,
#9261,#9262,#9263,#9264,#9265,#9266,#9267,#9268,#9269,#9270),
.UNSPECIFIED.,.F.,.F.,
(4,1,1,1,1,1,1,1,1,1,1,1,1,1,1,1,1,1,1,1,1,4),
(0.,0.0476190476190471,0.0952380952380943,0.142857142857141,0.190476190476189,0.238095238095236,
0.285714285714283,0.33333333333333,0.380952380952377,0.428571428571424,0.476190476190471,
0.523809523809518,0.571428571428566,0.619047619047613,0.66666666666666,0.714285714285707,
0.761904761904754,0.809523809523801,0.857142857142848,0.904761904761896,0.952380952380943,
1.),
.UNSPECIFIED.);
#6257=B_SPLINE_CURVE_WITH_KNOTS('',3,
(#9271,#9272,#9273,#9274,#9275,#9276,#9277,#9278,#9279,#9280,#9281,#9282,#9283,#9284,
#9285,#9286,#9287,#9288,#9289,#9290,#9291,#9292,#9293,#9294),
.UNSPECIFIED.,.F.,.F.,
(4,1,1,1,1,1,1,1,1,1,1,1,1,1,1,1,1,1,1,1,1,4),
(0.,0.047619047619047,0.095238095238094,0.142857142857141,0.190476190476188,0.238095238095235,
0.285714285714282,0.333333333333329,0.380952380952376,0.428571428571423,0.47619047619047,
0.523809523809517,0.571428571428564,0.619047619047611,0.666666666666658,0.714285714285705,
0.761904761904752,0.809523809523799,0.857142857142846,0.904761904761893,0.95238095238094,
1.),
.UNSPECIFIED.);
#6258=B_SPLINE_CURVE_WITH_KNOTS('',3,
(#9295,#9296,#9297,#9298,#9299,#9300,#9301,#9302,#9303,#9304,#9305,#9306,#9307,#9308,
#9309,#9310,#9311,#9312,#9313,#9314,#9315,#9316,#9317,#9318),
.UNSPECIFIED.,.F.,.F.,
(4,1,1,1,1,1,1,1,1,1,1,1,1,1,1,1,1,1,1,1,1,4),
(0.,0.0476190476190472,0.0952380952380944,0.142857142857142,0.190476190476189,0.238095238095236,
0.285714285714283,0.33333333333333,0.380952380952378,0.428571428571425,0.476190476190472,
0.523809523809519,0.571428571428566,0.619047619047614,0.666666666666661,0.714285714285708,
0.761904761904757,0.809523809523805,0.857142857142854,0.904761904761903,0.952380952380951,
1.),
.UNSPECIFIED.);
#6259=B_SPLINE_CURVE_WITH_KNOTS('',3,
(#9319,#9320,#9321,#9322,#9323,#9324,#9325,#9326,#9327,#9328,#9329,#9330,#9331,#9332,
#9333,#9334,#9335,#9336,#9337,#9338,#9339,#9340,#9341,#9342),
.UNSPECIFIED.,.F.,.F.,
(4,1,1,1,1,1,1,1,1,1,1,1,1,1,1,1,1,1,1,1,1,4),
(0.,0.0476190476190472,0.0952380952380944,0.142857142857142,0.190476190476189,0.238095238095236,
0.285714285714283,0.33333333333333,0.380952380952378,0.428571428571425,0.476190476190472,
0.523809523809519,0.571428571428566,0.619047619047614,0.666666666666661,0.714285714285708,
0.761904761904757,0.809523809523805,0.857142857142854,0.904761904761903,0.952380952380951,
1.),
.UNSPECIFIED.);
#6260=VERTEX_POINT('',#9343);
#6261=B_SPLINE_CURVE_WITH_KNOTS('',3,
(#9344,#9345,#9346,#9347,#9348,#9349,#9350,#9351,#9352,#9353,#9354,#9355,#9356,#9357),
.UNSPECIFIED.,.F.,.F.,
(4,1,1,1,1,1,1,1,1,1,1,4),
(0.,0.0909090909090888,0.181818181818178,0.272727272727266,0.363636363636355,0.454545454545444,
0.545454545454533,0.636363636363621,0.72727272727271,0.818181818181799,0.909090909090888,
1.),
.UNSPECIFIED.);
#6262=LINE('',#9358,#9359);
#6263=VERTEX_POINT('',#9361);
#6264=CIRCLE('',#9362,0.0964346208916255);
#6265=LINE('',#9366,#9367);
#6266=B_SPLINE_CURVE_WITH_KNOTS('',3,
(#9369,#9370,#9371,#9372,#9373,#9374,#9375,#9376,#9377,#9378,#9379,#9380,#9381,#9382),
.UNSPECIFIED.,.F.,.F.,
(4,1,1,1,1,1,1,1,1,1,1,4),
(0.,0.0909090909090888,0.181818181818178,0.272727272727266,0.363636363636355,0.454545454545444,
0.545454545454533,0.636363636363621,0.72727272727271,0.818181818181799,0.909090909090888,
1.),
.UNSPECIFIED.);
#6267=VERTEX_POINT('',#9383);
#6268=VERTEX_POINT('',#9384);
#6269=CIRCLE('',#9385,1.);
#6270=CIRCLE('',#9389,1.);
#6271=VERTEX_POINT('',#9393);
#6272=VERTEX_POINT('',#9394);
#6273=LINE('',#9395,#9396);
#6274=LINE('',#9398,#9399);
#6275=LINE('',#9401,#9402);
#6276=VERTEX_POINT('',#9404);
#6277=LINE('',#9405,#9406);
#6278=CIRCLE('',#9408,1.);
#6279=VERTEX_POINT('',#9412);
#6280=CIRCLE('',#9413,0.5);
#6281=VERTEX_POINT('',#9417);
#6282=LINE('',#9418,#9419);
#6283=LINE('',#9421,#9422);
#6284=CIRCLE('',#9424,1.);
#6285=VERTEX_POINT('',#9428);
#6286=CIRCLE('',#9429,0.5);
#6287=VERTEX_POINT('',#9433);
#6288=VERTEX_POINT('',#9434);
#6289=CIRCLE('',#9435,1.);
#6290=LINE('',#9439,#9440);
#6291=LINE('',#9442,#9443);
#6292=VERTEX_POINT('',#9445);
#6293=CIRCLE('',#9446,0.5);
#6294=VERTEX_POINT('',#9450);
#6295=LINE('',#9451,#9452);
#6296=LINE('',#9454,#9455);
#6297=VERTEX_POINT('',#9457);
#6298=LINE('',#9458,#9459);
#6299=CIRCLE('',#9461,1.);
#6300=VERTEX_POINT('',#9465);
#6301=CIRCLE('',#9466,0.5);
#6302=LINE('',#9470,#9471);
#6303=B_SPLINE_CURVE_WITH_KNOTS('',3,
(#9473,#9474,#9475,#9476,#9477,#9478,#9479,#9480,#9481,#9482,#9483,#9484,#9485,#9486,
#9487,#9488,#9489,#9490,#9491,#9492,#9493,#9494,#9495,#9496),
.UNSPECIFIED.,.F.,.F.,
(4,1,1,1,1,1,1,1,1,1,1,1,1,1,1,1,1,1,1,1,1,4),
(0.,0.0476190476190486,0.0952380952380972,0.142857142857146,0.190476190476194,0.238095238095243,
0.285714285714292,0.33333333333334,0.380952380952389,0.428571428571437,0.476190476190486,
0.523809523809535,0.571428571428583,0.619047619047632,0.66666666666668,0.714285714285729,
0.761904761904778,0.809523809523826,0.857142857142875,0.904761904761923,0.952380952380972,
1.),
.UNSPECIFIED.);
#6304=B_SPLINE_CURVE_WITH_KNOTS('',3,
(#9497,#9498,#9499,#9500,#9501,#9502,#9503,#9504,#9505,#9506,#9507,#9508,#9509,#9510,
#9511,#9512,#9513,#9514,#9515,#9516,#9517,#9518,#9519,#9520),
.UNSPECIFIED.,.F.,.F.,
(4,1,1,1,1,1,1,1,1,1,1,1,1,1,1,1,1,1,1,1,1,4),
(0.,0.0476190476190486,0.0952380952380972,0.142857142857146,0.190476190476194,0.238095238095243,
0.285714285714292,0.33333333333334,0.380952380952389,0.428571428571437,0.476190476190486,
0.523809523809535,0.571428571428583,0.619047619047632,0.66666666666668,0.714285714285729,
0.761904761904778,0.809523809523826,0.857142857142875,0.904761904761923,0.952380952380972,
1.),
.UNSPECIFIED.);
#6305=B_SPLINE_CURVE_WITH_KNOTS('',3,
(#9521,#9522,#9523,#9524,#9525,#9526,#9527,#9528,#9529,#9530,#9531,#9532,#9533,#9534,
#9535,#9536,#9537,#9538,#9539,#9540,#9541,#9542,#9543,#9544),
.UNSPECIFIED.,.F.,.F.,
(4,1,1,1,1,1,1,1,1,1,1,1,1,1,1,1,1,1,1,1,1,4),
(0.,0.0476190476190471,0.0952380952380943,0.142857142857141,0.190476190476189,0.238095238095236,
0.285714285714283,0.33333333333333,0.380952380952377,0.428571428571424,0.476190476190471,
0.523809523809518,0.571428571428566,0.619047619047613,0.66666666666666,0.714285714285707,
0.761904761904754,0.809523809523801,0.857142857142848,0.904761904761896,0.952380952380943,
1.),
.UNSPECIFIED.);
#6306=B_SPLINE_CURVE_WITH_KNOTS('',3,
(#9545,#9546,#9547,#9548,#9549,#9550,#9551,#9552,#9553,#9554,#9555,#9556,#9557,#9558,
#9559,#9560,#9561,#9562,#9563,#9564,#9565,#9566,#9567,#9568),
.UNSPECIFIED.,.F.,.F.,
(4,1,1,1,1,1,1,1,1,1,1,1,1,1,1,1,1,1,1,1,1,4),
(0.,0.0476190476190471,0.0952380952380943,0.142857142857141,0.190476190476189,0.238095238095236,
0.285714285714283,0.33333333333333,0.380952380952377,0.428571428571424,0.476190476190471,
0.523809523809518,0.571428571428566,0.619047619047613,0.66666666666666,0.714285714285707,
0.761904761904754,0.809523809523801,0.857142857142848,0.904761904761896,0.952380952380943,
1.),
.UNSPECIFIED.);
#6307=B_SPLINE_CURVE_WITH_KNOTS('',3,
(#9569,#9570,#9571,#9572,#9573,#9574,#9575,#9576,#9577,#9578,#9579,#9580,#9581,#9582,
#9583,#9584,#9585,#9586,#9587,#9588,#9589,#9590,#9591,#9592),
.UNSPECIFIED.,.F.,.F.,
(4,1,1,1,1,1,1,1,1,1,1,1,1,1,1,1,1,1,1,1,1,4),
(0.,0.0476190476190471,0.0952380952380941,0.142857142857141,0.190476190476188,0.238095238095235,
0.285714285714282,0.333333333333329,0.380952380952376,0.428571428571424,0.476190476190471,
0.523809523809518,0.571428571428565,0.619047619047612,0.666666666666659,0.714285714285706,
0.761904761904753,0.8095238095238,0.857142857142847,0.904761904761894,0.952380952380941,
1.),
.UNSPECIFIED.);
#6308=B_SPLINE_CURVE_WITH_KNOTS('',3,
(#9593,#9594,#9595,#9596,#9597,#9598,#9599,#9600,#9601,#9602,#9603,#9604,#9605,#9606,
#9607,#9608,#9609,#9610,#9611,#9612,#9613,#9614,#9615,#9616),
.UNSPECIFIED.,.F.,.F.,
(4,1,1,1,1,1,1,1,1,1,1,1,1,1,1,1,1,1,1,1,1,4),
(0.,0.0476190476190471,0.0952380952380941,0.142857142857141,0.190476190476188,0.238095238095235,
0.285714285714282,0.333333333333329,0.380952380952376,0.428571428571424,0.476190476190471,
0.523809523809518,0.571428571428565,0.619047619047612,0.666666666666659,0.714285714285706,
0.761904761904753,0.8095238095238,0.857142857142847,0.904761904761894,0.952380952380941,
1.),
.UNSPECIFIED.);
#6309=B_SPLINE_CURVE_WITH_KNOTS('',3,
(#9617,#9618,#9619,#9620,#9621,#9622,#9623,#9624,#9625,#9626,#9627,#9628,#9629,#9630,
#9631,#9632,#9633,#9634,#9635,#9636,#9637,#9638,#9639,#9640),
.UNSPECIFIED.,.F.,.F.,
(4,1,1,1,1,1,1,1,1,1,1,1,1,1,1,1,1,1,1,1,1,4),
(0.,0.0476190476190479,0.0952380952380959,0.142857142857144,0.190476190476192,0.23809523809524,
0.285714285714288,0.333333333333336,0.380952380952384,0.428571428571431,0.476190476190479,
0.523809523809527,0.571428571428575,0.619047619047623,0.666666666666671,0.714285714285718,
0.761904761904766,0.809523809523813,0.85714285714286,0.904761904761907,0.952380952380954,
1.),
.UNSPECIFIED.);
#6310=B_SPLINE_CURVE_WITH_KNOTS('',3,
(#9641,#9642,#9643,#9644,#9645,#9646,#9647,#9648,#9649,#9650,#9651,#9652,#9653,#9654,
#9655,#9656,#9657,#9658,#9659,#9660,#9661,#9662,#9663,#9664),
.UNSPECIFIED.,.F.,.F.,
(4,1,1,1,1,1,1,1,1,1,1,1,1,1,1,1,1,1,1,1,1,4),
(0.,0.0476190476190479,0.0952380952380957,0.142857142857144,0.190476190476191,0.238095238095239,
0.285714285714287,0.333333333333335,0.380952380952383,0.428571428571431,0.476190476190479,
0.523809523809526,0.571428571428574,0.619047619047622,0.66666666666667,0.714285714285717,
0.761904761904764,0.809523809523812,0.857142857142859,0.904761904761906,0.952380952380953,
1.),
.UNSPECIFIED.);
#6311=B_SPLINE_CURVE_WITH_KNOTS('',3,
(#9665,#9666,#9667,#9668,#9669,#9670,#9671,#9672,#9673,#9674,#9675,#9676,#9677,#9678,
#9679,#9680,#9681,#9682,#9683,#9684,#9685,#9686,#9687,#9688),
.UNSPECIFIED.,.F.,.F.,
(4,1,1,1,1,1,1,1,1,1,1,1,1,1,1,1,1,1,1,1,1,4),
(0.,0.0476190476190478,0.0952380952380956,0.142857142857143,0.190476190476191,0.238095238095239,
0.285714285714287,0.333333333333335,0.380952380952383,0.42857142857143,0.476190476190478,
0.523809523809526,0.571428571428574,0.619047619047622,0.66666666666667,0.714285714285717,
0.761904761904765,0.809523809523813,0.857142857142861,0.904761904761909,0.952380952380956,
1.),
.UNSPECIFIED.);
#6312=B_SPLINE_CURVE_WITH_KNOTS('',3,
(#9689,#9690,#9691,#9692,#9693,#9694,#9695,#9696,#9697,#9698,#9699,#9700,#9701,#9702,
#9703,#9704,#9705,#9706,#9707,#9708,#9709,#9710,#9711,#9712),
.UNSPECIFIED.,.F.,.F.,
(4,1,1,1,1,1,1,1,1,1,1,1,1,1,1,1,1,1,1,1,1,4),
(0.,0.0476190476190479,0.0952380952380957,0.142857142857144,0.190476190476191,0.238095238095239,
0.285714285714287,0.333333333333335,0.380952380952383,0.428571428571431,0.476190476190479,
0.523809523809526,0.571428571428574,0.619047619047622,0.66666666666667,0.714285714285718,
0.761904761904766,0.809523809523814,0.857142857142862,0.904761904761909,0.952380952380957,
1.),
.UNSPECIFIED.);
#6313=B_SPLINE_CURVE_WITH_KNOTS('',3,
(#9713,#9714,#9715,#9716,#9717,#9718,#9719,#9720,#9721,#9722,#9723,#9724,#9725,#9726,
#9727,#9728,#9729,#9730,#9731,#9732,#9733,#9734,#9735,#9736),
.UNSPECIFIED.,.F.,.F.,
(4,1,1,1,1,1,1,1,1,1,1,1,1,1,1,1,1,1,1,1,1,4),
(0.,0.0476190476190477,0.0952380952380953,0.142857142857143,0.190476190476191,0.238095238095238,
0.285714285714286,0.333333333333334,0.380952380952381,0.428571428571429,0.476190476190477,
0.523809523809524,0.571428571428572,0.61904761904762,0.666666666666667,0.714285714285715,
0.761904761904763,0.80952380952381,0.857142857142858,0.904761904761905,0.952380952380953,
1.),
.UNSPECIFIED.);
#6314=VERTEX_POINT('',#9737);
#6315=VERTEX_POINT('',#9738);
#6316=CIRCLE('',#9739,1.);
#6317=CIRCLE('',#9743,1.);
#6318=VERTEX_POINT('',#9747);
#6319=CIRCLE('',#9748,0.8);
#6320=CARTESIAN_POINT('',(2.82842712474619,-5.5,0.999999999999998));
#6321=CARTESIAN_POINT('',(2.82842712474619,-5.,0.999999999999998));
#6322=CARTESIAN_POINT('',(2.82842712474619,-5.5,0.999999999999998));
#6323=VECTOR('',#6324,1.);
#6324=DIRECTION('',(0.,1.,0.));
#6325=CARTESIAN_POINT('',(2.82842712474619,-5.5,-0.999999999999998));
#6326=AXIS2_PLACEMENT_3D('',#6327,#6328,#6329);
#6327=CARTESIAN_POINT('',(0.,-5.5,-3.36777869765522E-16));
#6328=DIRECTION('',(0.,1.,6.12323399573677E-17));
#6329=DIRECTION('',(0.942809041582064,-2.04107799857892E-17,0.333333333333333));
#6330=CARTESIAN_POINT('',(2.82842712474619,-5.,-1.));
#6331=CARTESIAN_POINT('',(2.82842712474619,-5.5,-0.999999999999999));
#6332=VECTOR('',#6333,1.);
#6333=DIRECTION('',(0.,1.,0.));
#6334=CARTESIAN_POINT('',(-2.82842712474619,-5.,-1.));
#6335=AXIS2_PLACEMENT_3D('',#6336,#6337,#6338);
#6336=CARTESIAN_POINT('',(0.,-5.,-3.06161699786838E-16));
#6337=DIRECTION('',(0.,1.,6.12323399573677E-17));
#6338=DIRECTION('',(0.942809041582064,2.04107799857892E-17,-0.333333333333333));
#6339=CARTESIAN_POINT('',(-2.82842712474619,-0.0999999999999996,-1.));
#6340=CARTESIAN_POINT('',(-2.82842712474619,-5.,-1.));
#6341=VECTOR('',#6342,1.);
#6342=DIRECTION('',(0.,1.,9.06304509898087E-17));
#6343=CARTESIAN_POINT('',(-2.82842712474619,-0.0999999999999997,0.999999999999999));
#6344=AXIS2_PLACEMENT_3D('',#6345,#6346,#6347);
#6345=CARTESIAN_POINT('',(0.,-0.0999999999999996,-6.12323399573678E-18));
#6346=DIRECTION('',(0.,-1.,-6.12323399573677E-17));
#6347=DIRECTION('',(-0.942809041582063,-2.04107799857892E-17,0.333333333333333));
#6348=CARTESIAN_POINT('',(-2.82842712474619,-5.,0.999999999999999));
#6349=CARTESIAN_POINT('',(-2.82842712474619,-5.,0.999999999999999));
#6350=VECTOR('',#6351,1.);
#6351=DIRECTION('',(0.,1.,6.79728382423565E-17));
#6352=AXIS2_PLACEMENT_3D('',#6353,#6354,#6355);
#6353=CARTESIAN_POINT('',(0.,-5.,-3.06161699786838E-16));
#6354=DIRECTION('',(0.,1.,6.12323399573677E-17));
#6355=DIRECTION('',(-0.942809041582063,-2.04107799857892E-17,0.333333333333333));
#6356=CARTESIAN_POINT('',(2.82842712474619,-6.,-0.999999999999998));
#6357=AXIS2_PLACEMENT_3D('',#6358,#6359,#6360);
#6358=CARTESIAN_POINT('',(0.,-6.,-3.67394039744206E-16));
#6359=DIRECTION('',(0.,1.,6.12323399573677E-17));
#6360=DIRECTION('',(1.,0.,0.));
#6361=CARTESIAN_POINT('',(1.83697019872103E-16,-6.,-1.));
#6362=AXIS2_PLACEMENT_3D('',#6363,#6364,#6365);
#6363=CARTESIAN_POINT('',(0.,-6.,-3.67394039744206E-16));
#6364=DIRECTION('',(0.,1.,6.12323399573677E-17));
#6365=DIRECTION('',(6.12323399573677E-17,6.12323399573677E-17,-1.));
#6366=CARTESIAN_POINT('',(1.25,-5.5,1.5));
#6367=CARTESIAN_POINT('',(1.5,-5.5,1.25));
#6368=AXIS2_PLACEMENT_3D('',#6369,#6370,#6371);
#6369=CARTESIAN_POINT('',(1.25,-5.5,1.25));
#6370=DIRECTION('',(0.,1.,6.12323399573677E-17));
#6371=DIRECTION('',(0.,-6.12323399573677E-17,1.));
#6372=CARTESIAN_POINT('',(1.5,-5.,1.25));
#6373=CARTESIAN_POINT('',(1.5,-5.5,1.25));
#6374=VECTOR('',#6375,1.);
#6375=DIRECTION('',(0.,1.,0.));
#6376=CARTESIAN_POINT('',(1.25,-5.,1.5));
#6377=AXIS2_PLACEMENT_3D('',#6378,#6379,#6380);
#6378=CARTESIAN_POINT('',(1.25,-5.,1.25));
#6379=DIRECTION('',(0.,1.,6.12323399573677E-17));
#6380=DIRECTION('',(0.,-6.12323399573677E-17,1.));
#6381=CARTESIAN_POINT('',(1.25,-5.5,1.5));
#6382=VECTOR('',#6383,1.);
#6383=DIRECTION('',(0.,1.,0.));
#6384=CARTESIAN_POINT('',(-1.5,-5.5,1.25));
#6385=CARTESIAN_POINT('',(-1.25,-5.5,1.5));
#6386=AXIS2_PLACEMENT_3D('',#6387,#6388,#6389);
#6387=CARTESIAN_POINT('',(-1.25,-5.5,1.25));
#6388=DIRECTION('',(0.,1.,6.12323399573677E-17));
#6389=DIRECTION('',(-1.,0.,0.));
#6390=CARTESIAN_POINT('',(-1.25,-5.,1.5));
#6391=CARTESIAN_POINT('',(-1.25,-5.5,1.5));
#6392=VECTOR('',#6393,1.);
#6393=DIRECTION('',(0.,1.,0.));
#6394=CARTESIAN_POINT('',(-1.5,-5.,1.25));
#6395=AXIS2_PLACEMENT_3D('',#6396,#6397,#6398);
#6396=CARTESIAN_POINT('',(-1.25,-5.,1.25));
#6397=DIRECTION('',(0.,1.,6.12323399573677E-17));
#6398=DIRECTION('',(-1.,-5.43852429378757E-32,8.88178419700126E-16));
#6399=CARTESIAN_POINT('',(-1.5,-5.5,1.25));
#6400=VECTOR('',#6401,1.);
#6401=DIRECTION('',(0.,1.,0.));
#6402=CARTESIAN_POINT('',(-1.25,-5.5,-1.5));
#6403=CARTESIAN_POINT('',(-1.5,-5.5,-1.25));
#6404=AXIS2_PLACEMENT_3D('',#6405,#6406,#6407);
#6405=CARTESIAN_POINT('',(-1.25,-5.5,-1.25));
#6406=DIRECTION('',(0.,1.,6.12323399573677E-17));
#6407=DIRECTION('',(0.,6.12323399573677E-17,-1.));
#6408=CARTESIAN_POINT('',(-1.5,-5.,-1.25));
#6409=CARTESIAN_POINT('',(-1.5,-5.5,-1.25));
#6410=VECTOR('',#6411,1.);
#6411=DIRECTION('',(0.,1.,0.));
#6412=CARTESIAN_POINT('',(-1.25,-5.,-1.5));
#6413=AXIS2_PLACEMENT_3D('',#6414,#6415,#6416);
#6414=CARTESIAN_POINT('',(-1.25,-5.,-1.25));
#6415=DIRECTION('',(0.,1.,6.12323399573677E-17));
#6416=DIRECTION('',(0.,6.12323399573677E-17,-1.));
#6417=CARTESIAN_POINT('',(-1.25,-5.5,-1.5));
#6418=VECTOR('',#6419,1.);
#6419=DIRECTION('',(0.,1.,4.44089209850063E-16));
#6420=CARTESIAN_POINT('',(1.5,-5.5,-1.25));
#6421=CARTESIAN_POINT('',(1.25,-5.5,-1.5));
#6422=AXIS2_PLACEMENT_3D('',#6423,#6424,#6425);
#6423=CARTESIAN_POINT('',(1.25,-5.5,-1.25));
#6424=DIRECTION('',(0.,1.,6.12323399573677E-17));
#6425=DIRECTION('',(1.,0.,0.));
#6426=CARTESIAN_POINT('',(1.25,-5.,-1.5));
#6427=CARTESIAN_POINT('',(1.25,-5.5,-1.5));
#6428=VECTOR('',#6429,1.);
#6429=DIRECTION('',(0.,1.,0.));
#6430=CARTESIAN_POINT('',(1.5,-5.,-1.25));
#6431=AXIS2_PLACEMENT_3D('',#6432,#6433,#6434);
#6432=CARTESIAN_POINT('',(1.25,-5.,-1.25));
#6433=DIRECTION('',(0.,1.,6.12323399573677E-17));
#6434=DIRECTION('',(1.,-1.08770485875751E-31,1.77635683940025E-15));
#6435=CARTESIAN_POINT('',(1.5,-5.5,-1.25));
#6436=VECTOR('',#6437,1.);
#6437=DIRECTION('',(0.,1.,0.));
#6438=CARTESIAN_POINT('',(1.5,-5.5,-1.));
#6439=CARTESIAN_POINT('',(1.5,-5.5,-1.));
#6440=VECTOR('',#6441,1.);
#6441=DIRECTION('',(0.,0.,-1.));
#6442=CARTESIAN_POINT('',(1.5,-5.,-1.));
#6443=CARTESIAN_POINT('',(1.5,-5.,-1.25));
#6444=VECTOR('',#6445,1.);
#6445=DIRECTION('',(0.,0.,1.));
#6446=CARTESIAN_POINT('',(1.5,-5.5,-1.));
#6447=VECTOR('',#6448,1.);
#6448=DIRECTION('',(0.,1.,0.));
#6449=CARTESIAN_POINT('',(2.82842712474619,-5.5,-0.999999999999999));
#6450=VECTOR('',#6451,1.);
#6451=DIRECTION('',(-1.,0.,-3.34297005516889E-16));
#6452=CARTESIAN_POINT('',(1.5,-5.,-1.));
#6453=VECTOR('',#6454,1.);
#6454=DIRECTION('',(1.,0.,3.34297005516889E-16));
#6455=CARTESIAN_POINT('',(1.5,-5.5,1.));
#6456=CARTESIAN_POINT('',(1.5,-5.5,1.));
#6457=VECTOR('',#6458,1.);
#6458=DIRECTION('',(1.,0.,8.35742513792223E-17));
#6459=CARTESIAN_POINT('',(1.5,-5.,1.));
#6460=CARTESIAN_POINT('',(2.82842712474619,-5.,1.));
#6461=VECTOR('',#6462,1.);
#6462=DIRECTION('',(-1.,0.,-8.35742513792223E-17));
#6463=CARTESIAN_POINT('',(1.5,-5.5,1.));
#6464=VECTOR('',#6465,1.);
#6465=DIRECTION('',(0.,1.,0.));
#6466=CARTESIAN_POINT('',(1.5,-5.5,1.25));
#6467=VECTOR('',#6468,1.);
#6468=DIRECTION('',(0.,0.,-1.));
#6469=CARTESIAN_POINT('',(1.5,-5.,0.999999999999999));
#6470=VECTOR('',#6471,1.);
#6471=DIRECTION('',(0.,0.,1.));
#6472=CARTESIAN_POINT('',(-1.25,-5.5,1.5));
#6473=VECTOR('',#6474,1.);
#6474=DIRECTION('',(1.,0.,1.77635683940025E-16));
#6475=CARTESIAN_POINT('',(1.25,-5.,1.5));
#6476=VECTOR('',#6477,1.);
#6477=DIRECTION('',(-1.,0.,-1.77635683940025E-16));
#6478=CARTESIAN_POINT('',(-1.5,-5.5,-1.25));
#6479=VECTOR('',#6480,1.);
#6480=DIRECTION('',(-1.77635683940025E-16,0.,1.));
#6481=CARTESIAN_POINT('',(-1.5,-5.,1.25));
#6482=VECTOR('',#6483,1.);
#6483=DIRECTION('',(8.88178419700125E-17,0.,-1.));
#6484=CARTESIAN_POINT('',(1.25,-5.5,-1.5));
#6485=VECTOR('',#6486,1.);
#6486=DIRECTION('',(-1.,0.,-1.77635683940025E-16));
#6487=CARTESIAN_POINT('',(-1.25,-5.,-1.5));
#6488=VECTOR('',#6489,1.);
#6489=DIRECTION('',(1.,0.,1.77635683940025E-16));
#6490=CARTESIAN_POINT('',(1.83697019872103E-16,-5.5,-1.));
#6491=AXIS2_PLACEMENT_3D('',#6492,#6493,#6494);
#6492=CARTESIAN_POINT('',(0.,-5.5,-3.36777869765522E-16));
#6493=DIRECTION('',(0.,1.,6.12323399573677E-17));
#6494=DIRECTION('',(6.12323399573677E-17,6.12323399573677E-17,-1.));
#6495=CARTESIAN_POINT('',(-2.88140590684478,-5.,-0.999999999999999));
#6496=CARTESIAN_POINT('',(-2.82842712474619,-5.,-1.));
#6497=VECTOR('',#6498,1.);
#6498=DIRECTION('',(-1.,0.,0.));
#6499=CARTESIAN_POINT('',(-2.88140590684478,-0.0999999999999996,-1.));
#6500=CARTESIAN_POINT('',(-2.88140590684478,-5.,-1.));
#6501=VECTOR('',#6502,1.);
#6502=DIRECTION('',(0.,1.,4.53152254949043E-17));
#6503=CARTESIAN_POINT('',(-2.82842712474619,-0.0999999999999996,-1.));
#6504=VECTOR('',#6505,1.);
#6505=DIRECTION('',(-1.,0.,0.));
#6506=CARTESIAN_POINT('',(-2.88140590684478,-0.0999999999999997,0.999999999999999));
#6507=AXIS2_PLACEMENT_3D('',#6508,#6509,#6510);
#6508=CARTESIAN_POINT('',(0.,-0.0999999999999996,-6.12323399573678E-18));
#6509=DIRECTION('',(0.,1.,6.12323399573677E-17));
#6510=DIRECTION('',(-0.94472324814583,2.00761770352025E-17,-0.327868852459016));
#6511=CARTESIAN_POINT('',(-2.88140590684478,-0.0999999999999997,1.));
#6512=VECTOR('',#6513,1.);
#6513=DIRECTION('',(1.,0.,0.));
#6514=CARTESIAN_POINT('',(-2.88140590684478,-5.,0.999999999999998));
#6515=CARTESIAN_POINT('',(-2.88140590684478,-5.,1.));
#6516=VECTOR('',#6517,1.);
#6517=DIRECTION('',(1.,0.,0.));
#6518=CARTESIAN_POINT('',(-2.88140590684478,-5.,0.999999999999999));
#6519=VECTOR('',#6520,1.);
#6520=DIRECTION('',(0.,1.,6.79728382423565E-17));
#6521=CARTESIAN_POINT('',(2.88140590684478,-5.,0.999999999999999));
#6522=AXIS2_PLACEMENT_3D('',#6523,#6524,#6525);
#6523=CARTESIAN_POINT('',(0.,-5.,-3.06161699786838E-16));
#6524=DIRECTION('',(0.,1.,6.12323399573677E-17));
#6525=DIRECTION('',(-0.94472324814583,-2.00761770352025E-17,0.327868852459016));
#6526=CARTESIAN_POINT('',(2.82842712474619,-5.,0.999999999999999));
#6527=VECTOR('',#6528,1.);
#6528=DIRECTION('',(1.,0.,0.));
#6529=CARTESIAN_POINT('',(2.88140590684478,-5.,-1.));
#6530=CARTESIAN_POINT('',(2.88140590684478,-5.,-1.));
#6531=VECTOR('',#6532,1.);
#6532=DIRECTION('',(-1.,0.,0.));
#6533=AXIS2_PLACEMENT_3D('',#6534,#6535,#6536);
#6534=CARTESIAN_POINT('',(0.,-5.,-3.06161699786838E-16));
#6535=DIRECTION('',(0.,1.,6.12323399573677E-17));
#6536=DIRECTION('',(0.94472324814583,2.00761770352025E-17,-0.327868852459016));
#6537=AXIS2_PLACEMENT_3D('',#6538,#6539,#6540);
#6538=CARTESIAN_POINT('',(-3.74939945665464E-32,-5.,-3.06161699786838E-16));
#6539=DIRECTION('',(0.,-1.,-6.12323399573677E-17));
#6540=DIRECTION('',(0.942809041582063,2.04107799857893E-17,-0.333333333333334));
#6541=CARTESIAN_POINT('',(1.83697019872103E-16,-5.,-1.));
#6542=AXIS2_PLACEMENT_3D('',#6543,#6544,#6545);
#6543=CARTESIAN_POINT('',(0.,-5.,-3.06161699786838E-16));
#6544=DIRECTION('',(0.,1.,6.12323399573677E-17));
#6545=DIRECTION('',(6.12323399573677E-17,6.12323399573677E-17,-1.));
#6546=CARTESIAN_POINT('',(3.05,-2.28713366855933E-32,3.73517273739943E-16));
#6547=AXIS2_PLACEMENT_3D('',#6548,#6549,#6550);
#6548=CARTESIAN_POINT('',(0.,0.,0.));
#6549=DIRECTION('',(0.,1.,6.12323399573677E-17));
#6550=DIRECTION('',(1.,0.,0.));
#6551=CARTESIAN_POINT('',(2.88140590684478,-0.0999999999999997,0.999999999999999));
#6552=CARTESIAN_POINT('',(3.05,-0.0999999999999996,3.67394039744206E-16));
#6553=AXIS2_PLACEMENT_3D('',#6554,#6555,#6556);
#6554=CARTESIAN_POINT('',(0.,-0.0999999999999996,-6.12323399573678E-18));
#6555=DIRECTION('',(0.,1.,6.12323399573677E-17));
#6556=DIRECTION('',(0.94472324814583,-2.00761770352025E-17,0.327868852459016));
#6557=CARTESIAN_POINT('',(2.88140590684478,-5.,0.999999999999999));
#6558=VECTOR('',#6559,1.);
#6559=DIRECTION('',(0.,1.,6.79728382423565E-17));
#6560=CARTESIAN_POINT('',(2.88140590684478,-0.0999999999999996,-1.));
#6561=CARTESIAN_POINT('',(2.88140590684478,-5.,-1.));
#6562=VECTOR('',#6563,1.);
#6563=DIRECTION('',(0.,1.,4.53152254949043E-17));
#6564=AXIS2_PLACEMENT_3D('',#6565,#6566,#6567);
#6565=CARTESIAN_POINT('',(0.,-0.0999999999999996,-6.12323399573678E-18));
#6566=DIRECTION('',(0.,1.,6.12323399573677E-17));
#6567=DIRECTION('',(1.,0.,0.));
#6568=CARTESIAN_POINT('',(2.82842712474619,-0.0999999999999997,0.999999999999998));
#6569=CARTESIAN_POINT('',(2.82842712474619,-0.0999999999999997,0.999999999999999));
#6570=VECTOR('',#6571,1.);
#6571=DIRECTION('',(1.,0.,0.));
#6572=CARTESIAN_POINT('',(2.82842712474619,-5.,0.999999999999998));
#6573=VECTOR('',#6574,1.);
#6574=DIRECTION('',(0.,1.,6.79728382423565E-17));
#6575=CARTESIAN_POINT('',(2.82842712474619,-0.0999999999999996,-1.));
#6576=CARTESIAN_POINT('',(2.82842712474619,-5.,-1.));
#6577=VECTOR('',#6578,1.);
#6578=DIRECTION('',(0.,1.,4.53152254949043E-17));
#6579=CARTESIAN_POINT('',(2.88140590684478,-0.0999999999999996,-1.));
#6580=VECTOR('',#6581,1.);
#6581=DIRECTION('',(-1.,0.,0.));
#6582=AXIS2_PLACEMENT_3D('',#6583,#6584,#6585);
#6583=CARTESIAN_POINT('',(-3.74939945665464E-32,-0.0999999999999996,-6.12323399573678E-18));
#6584=DIRECTION('',(0.,-1.,-6.12323399573677E-17));
#6585=DIRECTION('',(0.942809041582063,2.04107799857893E-17,-0.333333333333334));
#6586=CARTESIAN_POINT('',(1.,1.50955071633301,1.22464679914735E-16));
#6587=CARTESIAN_POINT('',(1.83697019872103E-16,1.50955071633301,-1.));
#6588=AXIS2_PLACEMENT_3D('',#6589,#6590,#6591);
#6589=CARTESIAN_POINT('',(0.,1.50955071633301,9.24333226453907E-17));
#6590=DIRECTION('',(0.,1.,6.12323399573677E-17));
#6591=DIRECTION('',(6.12323399573677E-17,6.12323399573677E-17,-1.));
#6592=AXIS2_PLACEMENT_3D('',#6593,#6594,#6595);
#6593=CARTESIAN_POINT('',(0.,1.50955071633301,9.24333226453907E-17));
#6594=DIRECTION('',(0.,1.,6.12323399573677E-17));
#6595=DIRECTION('',(1.,-1.49975978266186E-32,2.44929359829471E-16));
#6596=CARTESIAN_POINT('',(3.,3.44169137633798E-16,3.67394039744206E-16));
#6597=AXIS2_PLACEMENT_3D('',#6598,#6599,#6600);
#6598=CARTESIAN_POINT('',(0.,0.,0.));
#6599=DIRECTION('',(0.,1.,6.12323399573677E-17));
#6600=DIRECTION('',(1.,0.,0.));
#6601=CARTESIAN_POINT('',(0.8,1.60955071633301,9.79717439317883E-17));
#6602=AXIS2_PLACEMENT_3D('',#6603,#6604,#6605);
#6603=CARTESIAN_POINT('',(0.,1.60955071633301,0.));
#6604=DIRECTION('',(0.,1.,0.));
#6605=DIRECTION('',(1.,0.,1.22464679914735E-16));
#6606=CARTESIAN_POINT('',(3.,3.75,5.97015314584335E-16));
#6607=AXIS2_PLACEMENT_3D('',#6608,#6609,#6610);
#6608=CARTESIAN_POINT('',(0.,3.75,2.29621274840129E-16));
#6609=DIRECTION('',(0.,1.,6.12323399573677E-17));
#6610=DIRECTION('',(1.,0.,0.));
#6611=CARTESIAN_POINT('',(3.25,4.,6.4293956955236E-16));
#6612=AXIS2_PLACEMENT_3D('',#6613,#6614,#6615);
#6613=CARTESIAN_POINT('',(0.,4.,2.44929359829471E-16));
#6614=DIRECTION('',(0.,1.,6.12323399573677E-17));
#6615=DIRECTION('',(1.,0.,0.));
#6616=CARTESIAN_POINT('',(3.75,4.,7.04171909509728E-16));
#6617=AXIS2_PLACEMENT_3D('',#6618,#6619,#6620);
#6618=CARTESIAN_POINT('',(0.,4.,2.44929359829471E-16));
#6619=DIRECTION('',(0.,1.,6.12323399573677E-17));
#6620=DIRECTION('',(1.,0.,0.));
#6621=CARTESIAN_POINT('',(4.5,3.25,7.50096164477754E-16));
#6622=AXIS2_PLACEMENT_3D('',#6623,#6624,#6625);
#6623=CARTESIAN_POINT('',(0.,3.25,1.99005104861445E-16));
#6624=DIRECTION('',(0.,1.,6.12323399573677E-17));
#6625=DIRECTION('',(1.,0.,0.));
#6626=CARTESIAN_POINT('',(4.5,3.1,7.40911313484149E-16));
#6627=AXIS2_PLACEMENT_3D('',#6628,#6629,#6630);
#6628=CARTESIAN_POINT('',(0.,3.1,1.8982025386784E-16));
#6629=DIRECTION('',(0.,1.,6.12323399573677E-17));
#6630=DIRECTION('',(1.,0.,0.));
#6631=CARTESIAN_POINT('',(4.9,3.1,7.89897185450043E-16));
#6632=AXIS2_PLACEMENT_3D('',#6633,#6634,#6635);
#6633=CARTESIAN_POINT('',(0.,3.1,1.8982025386784E-16));
#6634=DIRECTION('',(0.,1.,6.12323399573677E-17));
#6635=DIRECTION('',(1.,0.,0.));
#6636=CARTESIAN_POINT('',(5.,3.,7.9602041944578E-16));
#6637=AXIS2_PLACEMENT_3D('',#6638,#6639,#6640);
#6638=CARTESIAN_POINT('',(0.,3.,1.83697019872103E-16));
#6639=DIRECTION('',(0.,1.,6.12323399573677E-17));
#6640=DIRECTION('',(1.,0.,0.));
#6641=CARTESIAN_POINT('',(5.,-3.74939945665464E-32,6.12323399573677E-16));
#6642=AXIS2_PLACEMENT_3D('',#6643,#6644,#6645);
#6643=CARTESIAN_POINT('',(0.,0.,0.));
#6644=DIRECTION('',(0.,1.,6.12323399573677E-17));
#6645=DIRECTION('',(1.,0.,0.));
#6646=CARTESIAN_POINT('',(3.75,2.82206879291612E-9,4.59242549680257E-16));
#6647=CARTESIAN_POINT('',(2.76889017679754,-1.45716771982052E-16,2.40923858889733));
#6648=CARTESIAN_POINT('',(3.75,1.41103441787085E-9,4.59242549593856E-16));
#6649=CARTESIAN_POINT('',(3.75000015643733,2.92990517774259E-10,0.0348697008999335));
#6650=CARTESIAN_POINT('',(3.74898217290209,-3.12696256045945E-10,0.104463700711068));
#6651=CARTESIAN_POINT('',(3.74572158303135,1.86436038715728E-10,0.178819683649547));
#6652=CARTESIAN_POINT('',(3.74153638018641,-7.53032285799427E-11,0.248006492171061));
#6653=CARTESIAN_POINT('',(3.73638097419115,-9.91408345955988E-11,0.316682427603873));
#6654=CARTESIAN_POINT('',(3.72639567724261,9.14290751464569E-11,0.414399603189628));
#6655=CARTESIAN_POINT('',(3.71309118870715,-6.38287496002467E-11,0.515696274592125));
#6656=CARTESIAN_POINT('',(3.69967069136657,7.4615303144421E-11,0.5993092031611));
#6657=CARTESIAN_POINT('',(3.68761719354331,-1.45122277206577E-10,0.665382762163862));
#6658=CARTESIAN_POINT('',(3.67476801912675,1.59053889926669E-10,0.730595174363779));
#6659=CARTESIAN_POINT('',(3.6571145313927,-1.43626263025738E-10,0.811240295057938));
#6660=CARTESIAN_POINT('',(3.63345545290424,1.63356822309895E-10,0.906522757303864));
#6661=CARTESIAN_POINT('',(3.60760263494178,-1.17831568644707E-11,0.999573331392423));
#6662=CARTESIAN_POINT('',(3.58880459516147,-3.89315873688628E-10,1.0607591631203));
#6663=CARTESIAN_POINT('',(3.56959621359971,5.6583307723678E-10,1.12039173308238));
#6664=CARTESIAN_POINT('',(3.54987520021897,-4.62349096988829E-10,1.17893181110571));
#6665=CARTESIAN_POINT('',(3.51855663199387,3.07660932892524E-10,1.26439990513147));
#6666=CARTESIAN_POINT('',(3.48573830568979,-1.56033790698405E-10,1.34726489502266));
#6667=CARTESIAN_POINT('',(3.45498287293554,1.09950815538345E-10,1.41952295495635));
#6668=CARTESIAN_POINT('',(3.43147520967539,-3.31710844876531E-10,1.4716481580323));
#6669=CARTESIAN_POINT('',(3.40776782896347,4.20804272620722E-10,1.52253640202184));
#6670=CARTESIAN_POINT('',(3.38022857931544,-4.87555247240597E-10,1.57928516454219));
#6671=CARTESIAN_POINT('',(3.34317832213427,4.2624171126793E-10,1.65115793428758));
#6672=CARTESIAN_POINT('',(3.30608228022264,-3.82773851423127E-10,1.71914484609258));
#6673=CARTESIAN_POINT('',(3.27217760288175,8.77911981430913E-11,1.77806017126284));
#6674=CARTESIAN_POINT('',(3.24720581907771,-4.42331637277862E-10,1.81960104917835));
#6675=CARTESIAN_POINT('',(3.2229763078559,6.07657338105518E-10,1.85892311408091));
#6676=CARTESIAN_POINT('',(3.1961666009626,2.80989227729859E-11,1.90116804683184));
#6677=CARTESIAN_POINT('',(3.16113746942097,3.93460604038511E-10,1.95395716136684));
#6678=CARTESIAN_POINT('',(3.12669521134341,-3.42384764559331E-10,2.00371910019369));
#6679=CARTESIAN_POINT('',(3.09322879943663,-4.44111407751955E-10,2.05014879200092));
#6680=CARTESIAN_POINT('',(3.06492926269363,2.55272049081141E-10,2.08790280159184));
#6681=CARTESIAN_POINT('',(3.04364782415333,3.68145852846072E-11,2.11546468029532));
#6682=CARTESIAN_POINT('',(3.02388546596996,-2.75658020718427E-10,2.14059534726591));
#6683=CARTESIAN_POINT('',(3.00092470786769,4.60175030632331E-10,2.16909186000483));
#6684=CARTESIAN_POINT('',(2.9739011814872,-1.12050347779394E-10,2.20152672753939));
#6685=CARTESIAN_POINT('',(2.94857067632166,4.62227335380903E-11,2.23096756595704));
#6686=CARTESIAN_POINT('',(2.92544947532561,-6.08629932369882E-12,2.25703321879873));
#6687=CARTESIAN_POINT('',(2.90371173607005,-1.26693396223851E-11,2.28082874347553));
#6688=CARTESIAN_POINT('',(2.88610352081201,4.40007933505927E-11,2.29954676626422));
#6689=CARTESIAN_POINT('',(2.8727218101454,-7.18754044068584E-11,2.31343484101999));
#6690=CARTESIAN_POINT('',(2.86030887280452,4.19766650091823E-11,2.32612176526819));
#6691=CARTESIAN_POINT('',(2.84601888132911,-2.96433817631444E-11,2.34040948549338));
#6692=CARTESIAN_POINT('',(2.82910544518445,5.80721910959107E-11,2.3567808927588));
#6693=CARTESIAN_POINT('',(2.81326237428112,-1.39966385514598E-11,2.3715876734215));
#6694=CARTESIAN_POINT('',(2.79888952812497,2.88601041159261E-12,2.38449144636929));
#6695=CARTESIAN_POINT('',(2.78894288626315,-1.12165970878806E-13,2.39303623545569));
#6696=CARTESIAN_POINT('',(2.77935378446233,7.98388283315356E-14,2.40102412153453));
#6697=CARTESIAN_POINT('',(2.77372736408368,3.64840223093517E-14,2.40553278201466));
#6698=CARTESIAN_POINT('',(2.76889017679754,-1.43150597195957E-16,2.40923858889733));
#6699=CARTESIAN_POINT('',(3.5,2.62457961965825E-32,-4.28626379701574E-16));
#6700=CARTESIAN_POINT('',(3.5,-2.62457961965825E-32,4.28626379701573E-16));
#6701=VECTOR('',#6702,1.);
#6702=DIRECTION('',(1.,-7.4987989133093E-33,1.22464679914735E-16));
#6703=CARTESIAN_POINT('',(1.29903810567666,1.99005104861445E-16,-3.25));
#6704=AXIS2_PLACEMENT_3D('',#6705,#6706,#6707);
#6705=CARTESIAN_POINT('',(0.,0.,0.));
#6706=DIRECTION('',(0.,-1.,-6.12323399573677E-17));
#6707=DIRECTION('',(0.371153744479046,5.68586013889842E-17,-0.928571428571428));
#6708=CARTESIAN_POINT('',(-1.29903810567666,1.99005104861445E-16,-3.25));
#6709=CARTESIAN_POINT('',(1.29903810567666,1.99005104861445E-16,-3.25));
#6710=VECTOR('',#6711,1.);
#6711=DIRECTION('',(-1.,0.,0.));
#6712=CARTESIAN_POINT('',(-1.29903810567666,-1.99005104861445E-16,3.25));
#6713=AXIS2_PLACEMENT_3D('',#6714,#6715,#6716);
#6714=CARTESIAN_POINT('',(0.,0.,0.));
#6715=DIRECTION('',(0.,-1.,-6.12323399573677E-17));
#6716=DIRECTION('',(-0.371153744479045,-5.68586013889843E-17,0.928571428571429));
#6717=CARTESIAN_POINT('',(1.29903810567666,-1.99005104861445E-16,3.25));
#6718=CARTESIAN_POINT('',(-1.29903810567666,-1.99005104861445E-16,3.25));
#6719=VECTOR('',#6720,1.);
#6720=DIRECTION('',(1.,0.,0.));
#6721=CARTESIAN_POINT('',(2.05724838302366,-1.73383012707991E-16,2.83155948031232));
#6722=AXIS2_PLACEMENT_3D('',#6723,#6724,#6725);
#6723=CARTESIAN_POINT('',(0.,0.,0.));
#6724=DIRECTION('',(0.,-1.,-6.12323399573677E-17));
#6725=DIRECTION('',(0.587785252292473,-4.95380036308546E-17,0.809016994374947));
#6726=CARTESIAN_POINT('',(2.76889017679754,-1.43150597195957E-16,2.40923858889733));
#6727=CARTESIAN_POINT('',(2.74604241825511,-1.48310241677564E-16,2.42670181172863));
#6728=CARTESIAN_POINT('',(2.69992789112637,-1.58615534442238E-16,2.46108100860285));
#6729=CARTESIAN_POINT('',(2.62953438801437,-1.7402218684354E-16,2.51097050120916));
#6730=CARTESIAN_POINT('',(2.55795482348276,-1.89368116678572E-16,2.55914238162008));
#6731=CARTESIAN_POINT('',(2.48522541540851,-2.04643997194924E-16,2.60555980057564));
#6732=CARTESIAN_POINT('',(2.41138188495177,-2.19840737648981E-16,2.65018727751176));
#6733=CARTESIAN_POINT('',(2.33646406060006,-2.34948550469685E-16,2.69298803518134));
#6734=CARTESIAN_POINT('',(2.26376882346414,-2.49314175307294E-16,2.732171070647));
#6735=CARTESIAN_POINT('',(2.19183366321195,-2.63262973893235E-16,2.76881498709999));
#6736=CARTESIAN_POINT('',(2.12409344023961,-2.76160391872433E-16,2.80142157810004));
#6737=CARTESIAN_POINT('',(2.07847038784582,-2.84694786248095E-16,2.82216800030421));
#6738=CARTESIAN_POINT('',(2.05724838302364,-2.88632223478677E-16,2.8315594803123));
#6739=CARTESIAN_POINT('',(1.29903810410492,-0.0653823759404734,3.43273701198933));
#6740=CARTESIAN_POINT('',(1.29903810410492,-0.255321500566205,3.43273701198933));
#6741=CARTESIAN_POINT('',(1.29903810489079,-0.255321500535842,3.43273701169193));
#6742=CARTESIAN_POINT('',(1.29903810530831,-0.255019989299796,3.43472021265443));
#6743=CARTESIAN_POINT('',(1.29903810603206,-0.253952520276302,3.44063162878862));
#6744=CARTESIAN_POINT('',(1.29903810562121,-0.251884919298199,3.44834427612059));
#6745=CARTESIAN_POINT('',(1.29903810568711,-0.249176589213251,3.45585395182716));
#6746=CARTESIAN_POINT('',(1.29903810567061,-0.246066261114906,3.46315370831112));
#6747=CARTESIAN_POINT('',(1.2990381056776,-0.24235211637566,3.47013840629196));
#6748=CARTESIAN_POINT('',(1.29903810567648,-0.238065938867507,3.47674807685881));
#6749=CARTESIAN_POINT('',(1.29903810567676,-0.233434545048874,3.48305106238312));
#6750=CARTESIAN_POINT('',(1.29903810567664,-0.228273825451128,3.48890636698073));
#6751=CARTESIAN_POINT('',(1.29903810567666,-0.222641394993531,3.494248467589));
#6752=CARTESIAN_POINT('',(1.29903810567666,-0.216737831239148,3.4992078235768));
#6753=CARTESIAN_POINT('',(1.29903810567666,-0.210409780130131,3.50360427945902));
#6754=CARTESIAN_POINT('',(1.29903810567667,-0.203742460029942,3.50737868721804));
#6755=CARTESIAN_POINT('',(1.29903810567663,-0.196888080643973,3.51071753430127));
#6756=CARTESIAN_POINT('',(1.29903810567682,-0.190925479900654,3.51295971861153));
#6757=CARTESIAN_POINT('',(1.29903810567646,-0.183642423290773,3.51510599489124));
#6758=CARTESIAN_POINT('',(1.29903810568162,-0.176856451850802,3.51665155119036));
#6759=CARTESIAN_POINT('',(1.29903810566499,-0.169945414561009,3.51747725015707));
#6760=CARTESIAN_POINT('',(1.29903810568735,-0.16479262325568,3.51776619232703));
#6761=CARTESIAN_POINT('',(1.299038105539,-0.160380315885683,3.51786680382396));
#6762=CARTESIAN_POINT('',(1.2990381065201,-0.154688655352983,3.51763909596234));
#6763=CARTESIAN_POINT('',(1.29903810330744,-0.14852939205663,3.51695073859906));
#6764=CARTESIAN_POINT('',(1.29903810706137,-0.141081550752634,3.5156456316269));
#6765=CARTESIAN_POINT('',(1.29903810544851,-0.133751376042302,3.5136495442177));
#6766=CARTESIAN_POINT('',(1.29903810571729,-0.126700976885346,3.51101386863001));
#6767=CARTESIAN_POINT('',(1.29903810566398,-0.121392739231736,3.50865910381909));
#6768=CARTESIAN_POINT('',(1.29903810567723,-0.117609003831388,3.50669519084688));
#6769=CARTESIAN_POINT('',(1.29903810567659,-0.115077366992186,3.50525591665582));
#6770=CARTESIAN_POINT('',(1.2990381056767,-0.113626982271295,3.50440556128104));
#6771=CARTESIAN_POINT('',(1.29903810567664,-0.111338608880172,3.50300120779742));
#6772=CARTESIAN_POINT('',(1.29903810567666,-0.108974138774183,3.50143606502598));
#6773=CARTESIAN_POINT('',(1.29903810567666,-0.105571914780218,3.4990298679733));
#6774=CARTESIAN_POINT('',(1.29903810567666,-0.100303360849215,3.49495734480203));
#6775=CARTESIAN_POINT('',(1.29903810567666,-0.094817309835693,3.48985446820009));
#6776=CARTESIAN_POINT('',(1.29903810567666,-0.0895779166575375,3.48415085184804));
#6777=CARTESIAN_POINT('',(1.29903810567665,-0.0847143604076594,3.47821523477746));
#6778=CARTESIAN_POINT('',(1.29903810567671,-0.0809609347958696,3.47268773202216));
#6779=CARTESIAN_POINT('',(1.2990381056766,-0.0771468905177375,3.46627147299326));
#6780=CARTESIAN_POINT('',(1.29903810567865,-0.0744038773534826,3.46106126576688));
#6781=CARTESIAN_POINT('',(1.29903810567294,-0.0718290612472951,3.45511745072043));
#6782=CARTESIAN_POINT('',(1.29903810568351,-0.0701662672552162,3.45074892280716));
#6783=CARTESIAN_POINT('',(1.29903810561601,-0.0682482936741021,3.44514813919637));
#6784=CARTESIAN_POINT('',(1.29903810612083,-0.0665974142904137,3.43901398355843));
#6785=CARTESIAN_POINT('',(1.29903810529263,-0.0656382420363093,3.43417711954151));
#6786=CARTESIAN_POINT('',(1.29903810489079,-0.0653823759101103,3.43273701169194));
#6787=CARTESIAN_POINT('',(3.6703110752902,-0.0949695623128659,4.49483471022923E-16));
#6788=CARTESIAN_POINT('',(3.6703110752902,-0.0949695623128658,4.49483471022923E-16));
#6789=CARTESIAN_POINT('',(3.6703110752902,-0.0998287119569064,0.134469646309763));
#6790=CARTESIAN_POINT('',(3.65551644660856,-0.109547011244988,0.403408560715215));
#6791=CARTESIAN_POINT('',(3.58920843775799,-0.124124460177109,0.801948758499464));
#6792=CARTESIAN_POINT('',(3.47958459160012,-0.138701909109231,1.19081067362821));
#6793=CARTESIAN_POINT('',(3.32796788746037,-0.153279358041353,1.56530148602501));
#6794=CARTESIAN_POINT('',(3.13618808950055,-0.167856806973475,1.92090168039662));
#6795=CARTESIAN_POINT('',(2.90655966367857,-0.182434255905596,2.2533197553726));
#6796=CARTESIAN_POINT('',(2.64185384893619,-0.197011704837718,2.5585439693272));
#6797=CARTESIAN_POINT('',(2.34526520177853,-0.21158915376984,2.83289077160673));
#6798=CARTESIAN_POINT('',(2.02037308476808,-0.226166602701962,3.07304923801697));
#6799=CARTESIAN_POINT('',(1.67109831451065,-0.240744051634083,3.27612108773832));
#6800=CARTESIAN_POINT('',(1.42480371971835,-0.250462350922164,3.38514399035748));
#6801=CARTESIAN_POINT('',(1.29903810410492,-0.255321500566205,3.43273701198933));
#6802=AXIS2_PLACEMENT_3D('',#6803,#6804,#6805);
#6803=CARTESIAN_POINT('',(3.65356537910837,-1.38777878078145E-17,4.47432714700065E-16));
#6804=DIRECTION('',(-1.22464679914735E-16,-3.08148791101958E-33,1.));
#6805=DIRECTION('',(0.173648177666929,-0.984807753012208,2.12657684957576E-17));
#6806=CARTESIAN_POINT('',(2.76889017679754,-1.38777878078145E-16,2.40923858889733));
#6807=CARTESIAN_POINT('',(2.68971111262804,-0.00435882506269836,2.50023751859956));
#6808=CARTESIAN_POINT('',(2.52237388295052,-0.0130764751880948,2.67442228175393));
#6809=CARTESIAN_POINT('',(2.24686819258364,-0.0261529503761895,2.9097229933586));
#6810=CARTESIAN_POINT('',(1.94953879522559,-0.0392294255642841,3.11676163009527));
#6811=CARTESIAN_POINT('',(1.63327354517048,-0.0523059007523788,3.29352729959522));
#6812=CARTESIAN_POINT('',(1.41185420517598,-0.0610235508777752,3.39004442775232));
#6813=CARTESIAN_POINT('',(1.29903810410492,-0.0653823759404734,3.43273701198933));
#6814=CARTESIAN_POINT('',(3.5,-0.125,-2.55134749822377E-18));
#6815=CARTESIAN_POINT('',(3.5,2.62457961965825E-32,-2.14313189850787E-16));
#6816=VECTOR('',#6817,1.);
#6817=DIRECTION('',(0.,-1.,-3.06161699786838E-17));
#6818=CARTESIAN_POINT('',(3.5,-0.125,4.28626379701573E-16));
#6819=VECTOR('',#6820,1.);
#6820=DIRECTION('',(0.984807753012208,0.173648177666931,1.2060416625019E-16));
#6821=CARTESIAN_POINT('',(1.29903810567666,-0.282900950698468,3.25));
#6822=CARTESIAN_POINT('',(1.29903810567666,-0.86623428403175,3.25));
#6823=CARTESIAN_POINT('',(1.29903810567666,-0.282900950698468,3.25));
#6824=VECTOR('',#6825,1.);
#6825=DIRECTION('',(-3.80647894157196E-16,-1.,0.));
#6826=CARTESIAN_POINT('',(1.29903810567666,-0.550432382634866,-3.25));
#6827=CARTESIAN_POINT('',(1.29903810567666,-0.550432382634865,-3.25));
#6828=CARTESIAN_POINT('',(1.42801382702104,-0.555695747658148,-3.198447884082));
#6829=CARTESIAN_POINT('',(1.67982000536531,-0.566222477704712,-3.07997056482701));
#6830=CARTESIAN_POINT('',(2.03374805355723,-0.582012572774559,-2.8586505343078));
#6831=CARTESIAN_POINT('',(2.3588837291484,-0.597802667844406,-2.59685993660672));
#6832=CARTESIAN_POINT('',(2.65062414348789,-0.613592762914253,-2.29830495041586));
#6833=CARTESIAN_POINT('',(2.90483902018882,-0.629382857984099,-1.96721230578047));
#6834=CARTESIAN_POINT('',(3.11792938725497,-0.645172953053946,-1.60826935779949));
#6835=CARTESIAN_POINT('',(3.28687846997415,-0.660963048123793,-1.22655775003425));
#6836=CARTESIAN_POINT('',(3.40929441584008,-0.67675314319364,-0.827481466167126));
#6837=CARTESIAN_POINT('',(3.4834441523796,-0.692543238263487,-0.416690326173967));
#6838=CARTESIAN_POINT('',(3.5082779238102,-0.708333333333334,-9.0205620750794E-16));
#6839=CARTESIAN_POINT('',(3.4834441523796,-0.72412342840318,0.416690326173965));
#6840=CARTESIAN_POINT('',(3.40929441584008,-0.739913523473027,0.827481466167124));
#6841=CARTESIAN_POINT('',(3.28687846997415,-0.755703618542874,1.22655775003425));
#6842=CARTESIAN_POINT('',(3.11792938725497,-0.771493713612721,1.60826935779949));
#6843=CARTESIAN_POINT('',(2.90483902018882,-0.787283808682568,1.96721230578047));
#6844=CARTESIAN_POINT('',(2.65062414348789,-0.803073903752414,2.29830495041586));
#6845=CARTESIAN_POINT('',(2.3588837291484,-0.818863998822261,2.59685993660672));
#6846=CARTESIAN_POINT('',(2.03374805355723,-0.834654093892108,2.8586505343078));
#6847=CARTESIAN_POINT('',(1.67982000536531,-0.850444188961955,3.079970564827));
#6848=CARTESIAN_POINT('',(1.42801382702104,-0.860970919008519,3.198447884082));
#6849=CARTESIAN_POINT('',(1.29903810567666,-0.866234284031801,3.25));
#6850=CARTESIAN_POINT('',(1.29903810567666,1.99005104861445E-16,-3.25));
#6851=VECTOR('',#6852,1.);
#6852=DIRECTION('',(0.,-1.,0.));
#6853=CARTESIAN_POINT('',(3.5,-0.125,-8.64906801897818E-16));
#6854=CARTESIAN_POINT('',(3.5,-0.129784877293893,0.126269936980511));
#6855=CARTESIAN_POINT('',(3.48632028526467,-0.139354631881679,0.378809477026041));
#6856=CARTESIAN_POINT('',(3.42500170129789,-0.153709263763357,0.75318599919283));
#6857=CARTESIAN_POINT('',(3.32360169233819,-0.168063895645037,1.11874821508117));
#6858=CARTESIAN_POINT('',(3.18330690210178,-0.182418527526716,1.47121818732208));
#6859=CARTESIAN_POINT('',(3.00575914452129,-0.196773159408394,1.8064710763749));
#6860=CARTESIAN_POINT('',(2.79303618955361,-0.211127791290073,2.12058355848015));
#6861=CARTESIAN_POINT('',(2.547627450483,-0.225482423171752,2.40987969849568));
#6862=CARTESIAN_POINT('',(2.27240484155787,-0.239837055053431,2.67097398230027));
#6863=CARTESIAN_POINT('',(1.97058920553429,-0.25419168693511,2.90081091874415));
#6864=CARTESIAN_POINT('',(1.6457124855677,-0.268546318816789,3.0967008519034));
#6865=CARTESIAN_POINT('',(1.41628876144428,-0.278116073404575,3.20313444007455));
#6866=CARTESIAN_POINT('',(1.29903810567666,-0.282900950698468,3.25));
#6867=CARTESIAN_POINT('',(1.29903810567666,-0.800432382634865,-3.25));
#6868=CARTESIAN_POINT('',(1.29903810567666,-0.550432382634866,-3.25));
#6869=VECTOR('',#6870,1.);
#6870=DIRECTION('',(0.,-1.,0.));
#6871=CARTESIAN_POINT('',(1.29903810567666,-1.3837657159682,-3.25));
#6872=CARTESIAN_POINT('',(1.29903810567666,-0.800432382634865,-3.25));
#6873=VECTOR('',#6874,1.);
#6874=DIRECTION('',(0.,-1.,0.));
#6875=CARTESIAN_POINT('',(1.29903810567666,-1.6337657159682,-3.25));
#6876=CARTESIAN_POINT('',(1.29903810567666,-1.3837657159682,-3.25));
#6877=VECTOR('',#6878,1.);
#6878=DIRECTION('',(0.,-1.,0.));
#6879=CARTESIAN_POINT('',(1.29903810567666,-2.21709904930153,-3.25));
#6880=CARTESIAN_POINT('',(1.29903810567666,-1.6337657159682,-3.25));
#6881=VECTOR('',#6882,1.);
#6882=DIRECTION('',(0.,-1.,0.));
#6883=CARTESIAN_POINT('',(1.29903810567666,-2.46709904930153,-3.25));
#6884=CARTESIAN_POINT('',(1.29903810567666,-2.21709904930153,-3.25));
#6885=VECTOR('',#6886,1.);
#6886=DIRECTION('',(0.,-1.,0.));
#6887=CARTESIAN_POINT('',(1.29903810567666,-3.05043238263484,-3.25));
#6888=CARTESIAN_POINT('',(1.29903810567666,-2.46709904930153,-3.25));
#6889=VECTOR('',#6890,1.);
#6890=DIRECTION('',(0.,-1.,0.));
#6891=CARTESIAN_POINT('',(1.29903810567666,-3.30043238263487,-3.25));
#6892=CARTESIAN_POINT('',(1.29903810567666,-3.0504323826348,-3.25));
#6893=VECTOR('',#6894,1.);
#6894=DIRECTION('',(0.,-1.,0.));
#6895=CARTESIAN_POINT('',(1.29903810567666,-3.8837657159682,-3.25));
#6896=CARTESIAN_POINT('',(1.29903810567666,-3.30043238263487,-3.25));
#6897=VECTOR('',#6898,1.);
#6898=DIRECTION('',(0.,-1.,0.));
#6899=CARTESIAN_POINT('',(1.29903810567666,-4.1337657159682,-3.25));
#6900=CARTESIAN_POINT('',(1.29903810567666,-3.8837657159682,-3.25));
#6901=VECTOR('',#6902,1.);
#6902=DIRECTION('',(0.,-1.,-1.77635683940025E-15));
#6903=CARTESIAN_POINT('',(1.29903810567666,-4.71709904930153,-3.25));
#6904=CARTESIAN_POINT('',(1.29903810567666,-4.1337657159682,-3.25));
#6905=VECTOR('',#6906,1.);
#6906=DIRECTION('',(0.,-1.,0.));
#6907=CARTESIAN_POINT('',(1.29903810567666,-4.96709904930153,-3.25));
#6908=CARTESIAN_POINT('',(1.29903810567666,-4.71709904930153,-3.25));
#6909=VECTOR('',#6910,1.);
#6910=DIRECTION('',(0.,-1.,0.));
#6911=CARTESIAN_POINT('',(1.29903810567666,-8.,-3.25));
#6912=CARTESIAN_POINT('',(1.29903810567666,-4.96709904930153,-3.25));
#6913=VECTOR('',#6914,1.);
#6914=DIRECTION('',(0.,-1.,0.));
#6915=CARTESIAN_POINT('',(-1.29903810567666,-8.,-3.25));
#6916=CARTESIAN_POINT('',(1.29903810567666,-8.,-3.25));
#6917=VECTOR('',#6918,1.);
#6918=DIRECTION('',(-1.,0.,0.));
#6919=CARTESIAN_POINT('',(-1.29903810567666,-4.8662342840318,-3.25));
#6920=CARTESIAN_POINT('',(-1.29903810567666,-4.8662342840318,-3.25));
#6921=VECTOR('',#6922,1.);
#6922=DIRECTION('',(0.,-1.,0.));
#6923=CARTESIAN_POINT('',(-1.29903810567666,-4.6162342840318,-3.25));
#6924=CARTESIAN_POINT('',(-1.29903810567666,-4.6162342840318,-3.25));
#6925=VECTOR('',#6926,1.);
#6926=DIRECTION('',(0.,-1.,0.));
#6927=CARTESIAN_POINT('',(-1.29903810567666,-4.03290095069847,-3.25));
#6928=CARTESIAN_POINT('',(-1.29903810567666,-4.03290095069847,-3.25));
#6929=VECTOR('',#6930,1.);
#6930=DIRECTION('',(0.,-1.,0.));
#6931=CARTESIAN_POINT('',(-1.29903810567666,-3.78290095069847,-3.25));
#6932=CARTESIAN_POINT('',(-1.29903810567666,-3.78290095069847,-3.25));
#6933=VECTOR('',#6934,1.);
#6934=DIRECTION('',(0.,-1.,-1.77635683940026E-15));
#6935=CARTESIAN_POINT('',(-1.29903810567666,-3.19956761736514,-3.25));
#6936=CARTESIAN_POINT('',(-1.29903810567666,-3.19956761736514,-3.25));
#6937=VECTOR('',#6938,1.);
#6938=DIRECTION('',(-9.89684524808711E-15,-1.,3.80647894157197E-15));
#6939=CARTESIAN_POINT('',(-1.29903810567666,-2.94956761736502,-3.25));
#6940=CARTESIAN_POINT('',(-1.29903810567666,-2.94956761736482,-3.25));
#6941=VECTOR('',#6942,1.);
#6942=DIRECTION('',(0.,-1.,0.));
#6943=CARTESIAN_POINT('',(-1.29903810567666,-2.3662342840318,-3.25));
#6944=CARTESIAN_POINT('',(-1.29903810567666,-2.3662342840318,-3.25));
#6945=VECTOR('',#6946,1.);
#6946=DIRECTION('',(-9.8968452480871E-15,-1.,4.56777472988635E-15));
#6947=CARTESIAN_POINT('',(-1.29903810567666,-2.1162342840318,-3.25));
#6948=CARTESIAN_POINT('',(-1.29903810567666,-2.11623428403179,-3.25));
#6949=VECTOR('',#6950,1.);
#6950=DIRECTION('',(0.,-1.,0.));
#6951=CARTESIAN_POINT('',(-1.29903810567666,-1.53290095069847,-3.25));
#6952=CARTESIAN_POINT('',(-1.29903810567666,-1.53290095069847,-3.25));
#6953=VECTOR('',#6954,1.);
#6954=DIRECTION('',(0.,-1.,0.));
#6955=CARTESIAN_POINT('',(-1.29903810567666,-1.28290095069794,-3.25));
#6956=CARTESIAN_POINT('',(-1.29903810567666,-1.28290095069706,-3.25));
#6957=VECTOR('',#6958,1.);
#6958=DIRECTION('',(0.,-1.,0.));
#6959=CARTESIAN_POINT('',(-1.29903810567666,-0.699567617365135,-3.25));
#6960=CARTESIAN_POINT('',(-1.29903810567666,-0.699567617365134,-3.25));
#6961=VECTOR('',#6962,1.);
#6962=DIRECTION('',(0.,-1.,0.));
#6963=CARTESIAN_POINT('',(-1.29903810567666,-0.449567617364614,-3.25));
#6964=CARTESIAN_POINT('',(-1.29903810567666,-0.449567617363747,-3.25));
#6965=VECTOR('',#6966,1.);
#6966=DIRECTION('',(0.,-1.,0.));
#6967=CARTESIAN_POINT('',(-1.29903810567666,1.99005104861445E-16,-3.25));
#6968=VECTOR('',#6969,1.);
#6969=DIRECTION('',(0.,-1.,0.));
#6970=CARTESIAN_POINT('',(-1.29903810567666,-0.133765715968199,3.25));
#6971=CARTESIAN_POINT('',(-1.29903810567666,-1.99005104861445E-16,3.25));
#6972=VECTOR('',#6973,1.);
#6973=DIRECTION('',(1.65995153031454E-15,-1.,0.));
#6974=CARTESIAN_POINT('',(-1.29903810567666,-0.133765715968199,3.25));
#6975=CARTESIAN_POINT('',(-1.42801382702104,-0.139029080991481,3.19844788408201));
#6976=CARTESIAN_POINT('',(-1.67982000536531,-0.149555811038046,3.07997056482701));
#6977=CARTESIAN_POINT('',(-2.03374805355723,-0.165345906107892,2.8586505343078));
#6978=CARTESIAN_POINT('',(-2.3588837291484,-0.181136001177739,2.59685993660672));
#6979=CARTESIAN_POINT('',(-2.65062414348788,-0.196926096247586,2.29830495041586));
#6980=CARTESIAN_POINT('',(-2.90483902018882,-0.212716191317433,1.96721230578047));
#6981=CARTESIAN_POINT('',(-3.11792938725496,-0.22850628638728,1.60826935779949));
#6982=CARTESIAN_POINT('',(-3.28687846997415,-0.244296381457126,1.22655775003425));
#6983=CARTESIAN_POINT('',(-3.40929441584008,-0.260086476526973,0.827481466167127));
#6984=CARTESIAN_POINT('',(-3.4834441523796,-0.27587657159682,0.416690326173968));
#6985=CARTESIAN_POINT('',(-3.5082779238102,-0.291666666666667,1.97064586870965E-15));
#6986=CARTESIAN_POINT('',(-3.4834441523796,-0.307456761736514,-0.416690326173964));
#6987=CARTESIAN_POINT('',(-3.40929441584008,-0.32324685680636,-0.827481466167123));
#6988=CARTESIAN_POINT('',(-3.28687846997415,-0.339036951876207,-1.22655775003425));
#6989=CARTESIAN_POINT('',(-3.11792938725497,-0.354827046946054,-1.60826935779949));
#6990=CARTESIAN_POINT('',(-2.90483902018883,-0.370617142015901,-1.96721230578047));
#6991=CARTESIAN_POINT('',(-2.65062414348789,-0.386407237085747,-2.29830495041585));
#6992=CARTESIAN_POINT('',(-2.3588837291484,-0.402197332155594,-2.59685993660672));
#6993=CARTESIAN_POINT('',(-2.03374805355723,-0.417987427225441,-2.8586505343078));
#6994=CARTESIAN_POINT('',(-1.67982000536531,-0.433777522295288,-3.079970564827));
#6995=CARTESIAN_POINT('',(-1.42801382702104,-0.444304252341852,-3.198447884082));
#6996=CARTESIAN_POINT('',(-1.29903810567666,-0.449567617365135,-3.25));
#6997=CARTESIAN_POINT('',(-1.29903810567666,-0.383765715968199,3.25));
#6998=CARTESIAN_POINT('',(-1.29903810567666,-0.133765715968199,3.25));
#6999=VECTOR('',#7000,1.);
#7000=DIRECTION('',(0.,-1.,0.));
#7001=CARTESIAN_POINT('',(-1.29903810567666,-0.967099049301532,3.25));
#7002=CARTESIAN_POINT('',(-1.29903810567666,-0.383765715968199,3.25));
#7003=VECTOR('',#7004,1.);
#7004=DIRECTION('',(0.,-1.,0.));
#7005=CARTESIAN_POINT('',(-1.29903810567666,-1.21709904930153,3.25));
#7006=CARTESIAN_POINT('',(-1.29903810567666,-0.967099049301532,3.25));
#7007=VECTOR('',#7008,1.);
#7008=DIRECTION('',(0.,-1.,0.));
#7009=CARTESIAN_POINT('',(-1.29903810567666,-1.80043238263487,3.25));
#7010=CARTESIAN_POINT('',(-1.29903810567666,-1.21709904930153,3.25));
#7011=VECTOR('',#7012,1.);
#7012=DIRECTION('',(0.,-1.,0.));
#7013=CARTESIAN_POINT('',(-1.29903810567666,-2.05043238263487,3.25));
#7014=CARTESIAN_POINT('',(-1.29903810567666,-1.80043238263487,3.25));
#7015=VECTOR('',#7016,1.);
#7016=DIRECTION('',(0.,-1.,0.));
#7017=CARTESIAN_POINT('',(-1.29903810567666,-2.6337657159682,3.25));
#7018=CARTESIAN_POINT('',(-1.29903810567666,-2.05043238263487,3.25));
#7019=VECTOR('',#7020,1.);
#7020=DIRECTION('',(0.,-1.,0.));
#7021=CARTESIAN_POINT('',(-1.29903810567666,-2.8837657159682,3.25));
#7022=CARTESIAN_POINT('',(-1.29903810567666,-2.6337657159682,3.25));
#7023=VECTOR('',#7024,1.);
#7024=DIRECTION('',(0.,-1.,0.));
#7025=CARTESIAN_POINT('',(-1.29903810567666,-3.46709904930153,3.25));
#7026=CARTESIAN_POINT('',(-1.29903810567666,-2.8837657159682,3.25));
#7027=VECTOR('',#7028,1.);
#7028=DIRECTION('',(0.,-1.,0.));
#7029=CARTESIAN_POINT('',(-1.29903810567666,-3.71709904930153,3.25));
#7030=CARTESIAN_POINT('',(-1.29903810567666,-3.46709904930153,3.25));
#7031=VECTOR('',#7032,1.);
#7032=DIRECTION('',(0.,-1.,0.));
#7033=CARTESIAN_POINT('',(-1.29903810567666,-4.30043238263487,3.25));
#7034=CARTESIAN_POINT('',(-1.29903810567666,-3.71709904930153,3.25));
#7035=VECTOR('',#7036,1.);
#7036=DIRECTION('',(0.,-1.,0.));
#7037=CARTESIAN_POINT('',(-1.29903810567666,-4.55043238263487,3.25));
#7038=CARTESIAN_POINT('',(-1.29903810567666,-4.30043238263487,3.25));
#7039=VECTOR('',#7040,1.);
#7040=DIRECTION('',(0.,-1.,0.));
#7041=CARTESIAN_POINT('',(-1.29903810567666,-8.,3.25));
#7042=CARTESIAN_POINT('',(-1.29903810567666,-4.55043238263487,3.25));
#7043=VECTOR('',#7044,1.);
#7044=DIRECTION('',(0.,-1.,0.));
#7045=CARTESIAN_POINT('',(1.29903810567665,-8.,3.25));
#7046=CARTESIAN_POINT('',(-1.29903810567666,-8.,3.25));
#7047=VECTOR('',#7048,1.);
#7048=DIRECTION('',(1.,0.,0.));
#7049=CARTESIAN_POINT('',(1.29903810567666,-4.44956761736514,3.25));
#7050=CARTESIAN_POINT('',(1.29903810567666,-4.44956761736514,3.25));
#7051=VECTOR('',#7052,1.);
#7052=DIRECTION('',(0.,-1.,0.));
#7053=CARTESIAN_POINT('',(1.29903810567666,-4.19956761736514,3.25));
#7054=CARTESIAN_POINT('',(1.29903810567666,-4.19956761736514,3.25));
#7055=VECTOR('',#7056,1.);
#7056=DIRECTION('',(0.,-1.,0.));
#7057=CARTESIAN_POINT('',(1.29903810567666,-3.6162342840318,3.25));
#7058=CARTESIAN_POINT('',(1.29903810567666,-3.6162342840318,3.25));
#7059=VECTOR('',#7060,1.);
#7060=DIRECTION('',(0.,-1.,0.));
#7061=CARTESIAN_POINT('',(1.29903810567666,-3.3662342840318,3.25));
#7062=CARTESIAN_POINT('',(1.29903810567666,-3.3662342840318,3.25));
#7063=VECTOR('',#7064,1.);
#7064=DIRECTION('',(0.,-1.,0.));
#7065=CARTESIAN_POINT('',(1.29903810567666,-2.78290095069847,3.25));
#7066=CARTESIAN_POINT('',(1.29903810567666,-2.78290095069847,3.25));
#7067=VECTOR('',#7068,1.);
#7068=DIRECTION('',(9.8968452480871E-15,-1.,-3.80647894157196E-15));
#7069=CARTESIAN_POINT('',(1.29903810567667,-2.53290095069847,3.25));
#7070=CARTESIAN_POINT('',(1.29903810567666,-2.53290095069847,3.25));
#7071=VECTOR('',#7072,1.);
#7072=DIRECTION('',(0.,-1.,0.));
#7073=CARTESIAN_POINT('',(1.29903810567666,-1.94956761736513,3.25));
#7074=CARTESIAN_POINT('',(1.29903810567666,-1.94956761736514,3.25));
#7075=VECTOR('',#7076,1.);
#7076=DIRECTION('',(0.,-1.,0.));
#7077=CARTESIAN_POINT('',(1.29903810567666,-1.69956761736497,3.25));
#7078=CARTESIAN_POINT('',(1.29903810567666,-1.69956761736469,3.25));
#7079=VECTOR('',#7080,1.);
#7080=DIRECTION('',(0.,-1.,0.));
#7081=CARTESIAN_POINT('',(1.29903810567666,-1.1162342840318,3.25));
#7082=CARTESIAN_POINT('',(1.29903810567666,-1.1162342840318,3.25));
#7083=VECTOR('',#7084,1.);
#7084=DIRECTION('',(0.,-1.,0.));
#7085=CARTESIAN_POINT('',(1.29903810567666,-0.866234284031665,3.25));
#7086=VECTOR('',#7087,1.);
#7087=DIRECTION('',(0.,-1.,0.));
#7088=CARTESIAN_POINT('',(1.29903810567666,-0.032900950698468,3.25));
#7089=CARTESIAN_POINT('',(1.29903810567666,-0.032900950698468,3.25));
#7090=VECTOR('',#7091,1.);
#7091=DIRECTION('',(0.,-1.,0.));
#7092=CARTESIAN_POINT('',(1.29903810567666,-1.99005104861445E-16,3.25));
#7093=VECTOR('',#7094,1.);
#7094=DIRECTION('',(0.,-1.,0.));
#7095=CARTESIAN_POINT('',(2.05724838302366,-1.66533453693773E-16,2.83155948031232));
#7096=CARTESIAN_POINT('',(1.97920200712379,-0.00365566118871884,2.88826349156026));
#7097=CARTESIAN_POINT('',(1.81841785240242,-0.0109669835661562,2.99521419848074));
#7098=CARTESIAN_POINT('',(1.56481521649566,-0.0219339671323122,3.13517223114458));
#7099=CARTESIAN_POINT('',(1.3886179726857,-0.0292452895097495,3.21419456592425));
#7100=CARTESIAN_POINT('',(1.29903810567666,-0.0329009506984682,3.25));
#7101=CARTESIAN_POINT('',(1.29903810489079,-0.0653823759404734,3.43273701198933));
#7102=CARTESIAN_POINT('',(1.29903810552488,-0.0603333867460977,3.40432451479134));
#7103=CARTESIAN_POINT('',(1.29903810568059,-0.0549215003631723,3.37387352055631));
#7104=CARTESIAN_POINT('',(1.29903810567341,-0.0444567879103728,3.31499959204558));
#7105=CARTESIAN_POINT('',(1.29903810567674,-0.0386792278525092,3.28249962208204));
#7106=CARTESIAN_POINT('',(1.29903810567666,-0.033263372838892,3.25203840746607));
#7107=CARTESIAN_POINT('',(1.29903810567666,-0.0329009506984679,3.25));
#7108=CARTESIAN_POINT('',(1.29903810567666,-0.282900950698468,3.25));
#7109=CARTESIAN_POINT('',(1.29903810569733,-0.278668466708626,3.27827910140596));
#7110=CARTESIAN_POINT('',(1.29903810573639,-0.274090275975566,3.30874394348281));
#7111=CARTESIAN_POINT('',(1.29903810560042,-0.265229093580233,3.36746820111435));
#7112=CARTESIAN_POINT('',(1.2990381088187,-0.26028453304631,3.40010386774327));
#7113=CARTESIAN_POINT('',(1.29903810518925,-0.255654339978754,3.4305490637968));
#7114=CARTESIAN_POINT('',(1.29903810489079,-0.255321500566205,3.43273701198933));
#7115=CARTESIAN_POINT('',(1.29903810410493,-0.898715709273807,3.43273701198933));
#7116=CARTESIAN_POINT('',(1.29903810489079,-0.898715709273807,3.43273701198933));
#7117=CARTESIAN_POINT('',(1.29903810552487,-0.893666720079434,3.40432451479134));
#7118=CARTESIAN_POINT('',(1.29903810568059,-0.888254833696511,3.3738735205563));
#7119=CARTESIAN_POINT('',(1.29903810567342,-0.877790121243699,3.31499959204558));
#7120=CARTESIAN_POINT('',(1.29903810567673,-0.872012561186133,3.282499622082));
#7121=CARTESIAN_POINT('',(1.29903810567666,-0.866596706172182,3.25203840746607));
#7122=CARTESIAN_POINT('',(1.29903810567666,-0.866234284031733,3.25));
#7123=CARTESIAN_POINT('',(1.29903810410492,-0.578011832767128,-3.43273701198933));
#7124=CARTESIAN_POINT('',(1.29903810410492,-0.578011832767128,-3.43273701198933));
#7125=CARTESIAN_POINT('',(1.43079255855708,-0.583102370489457,-3.38287765599406));
#7126=CARTESIAN_POINT('',(1.68855360706485,-0.593283445934113,-3.26797144401823));
#7127=CARTESIAN_POINT('',(2.0528326946468,-0.608555059101097,-3.05233167487856));
#7128=CARTESIAN_POINT('',(2.38992440861982,-0.623826672268082,-2.79626751340937));
#7129=CARTESIAN_POINT('',(2.695364499989,-0.639098285435067,-2.50317017262606));
#7130=CARTESIAN_POINT('',(2.96510775283821,-0.654369898602052,-2.17692138343149));
#7131=CARTESIAN_POINT('',(3.1955817538858,-0.669641511769036,-1.82184191178848));
#7132=CARTESIAN_POINT('',(3.38373415235735,-0.684913124936021,-1.44263435525006));
#7133=CARTESIAN_POINT('',(3.52707309870927,-0.700184738103006,-1.04432085744821));
#7134=CARTESIAN_POINT('',(3.62370024238938,-0.71545635126999,-0.63217659732036));
#7135=CARTESIAN_POINT('',(3.67233587419386,-0.730727964436975,-0.211659925384798));
#7136=CARTESIAN_POINT('',(3.67233587419386,-0.745999577603959,0.211659925384768));
#7137=CARTESIAN_POINT('',(3.62370024238938,-0.761271190770944,0.63217659732033));
#7138=CARTESIAN_POINT('',(3.52707309870928,-0.776542803937929,1.04432085744818));
#7139=CARTESIAN_POINT('',(3.38373415235736,-0.791814417104913,1.44263435525003));
#7140=CARTESIAN_POINT('',(3.19558175388582,-0.807086030271898,1.82184191178845));
#7141=CARTESIAN_POINT('',(2.96510775283823,-0.822357643438883,2.17692138343146));
#7142=CARTESIAN_POINT('',(2.69536449998902,-0.837629256605867,2.50317017262603));
#7143=CARTESIAN_POINT('',(2.38992440861984,-0.852900869772852,2.79626751340935));
#7144=CARTESIAN_POINT('',(2.05283269464682,-0.868172482939837,3.05233167487854));
#7145=CARTESIAN_POINT('',(1.68855360706487,-0.883444096106822,3.26797144401823));
#7146=CARTESIAN_POINT('',(1.43079255855709,-0.893625171551478,3.38287765599406));
#7147=CARTESIAN_POINT('',(1.29903810410493,-0.898715709273807,3.43273701198933));
#7148=CARTESIAN_POINT('',(1.29903810489079,-0.578011832767128,-3.43273701198933));
#7149=CARTESIAN_POINT('',(1.29903810552491,-0.573689988411093,-3.4043269049189));
#7150=CARTESIAN_POINT('',(1.29903810568058,-0.569074332333414,-3.3738787458329));
#7151=CARTESIAN_POINT('',(1.29903810567342,-0.560185248236283,-3.31500275453945));
#7152=CARTESIAN_POINT('',(1.29903810567673,-0.555298346704649,-3.28250283384121));
#7153=CARTESIAN_POINT('',(1.29903810567666,-0.550737141508781,-3.25203623666741));
#7154=CARTESIAN_POINT('',(1.29903810567666,-0.550432382634866,-3.25));
#7155=CARTESIAN_POINT('',(1.29903810410492,-0.76795095739286,-3.43273701198933));
#7156=CARTESIAN_POINT('',(1.29903810567666,-0.800432382634866,-3.25));
#7157=CARTESIAN_POINT('',(1.29903810569561,-0.795405298725885,-3.2782743337611));
#7158=CARTESIAN_POINT('',(1.2990381057354,-0.789989910753579,-3.30873645041586));
#7159=CARTESIAN_POINT('',(1.29903810560123,-0.779551592522888,-3.36746081333933));
#7160=CARTESIAN_POINT('',(1.29903810881929,-0.773750935390978,-3.4000987103838));
#7161=CARTESIAN_POINT('',(1.29903810518924,-0.768339767685714,-3.43054903523246));
#7162=CARTESIAN_POINT('',(1.29903810489079,-0.76795095739286,-3.43273701198933));
#7163=CARTESIAN_POINT('',(1.29903810489079,-0.767950957423223,-3.43273701169193));
#7164=CARTESIAN_POINT('',(1.29903810530805,-0.767598216651226,-3.43472281972528));
#7165=CARTESIAN_POINT('',(1.29903810603284,-0.766377622048606,-3.44064325842552));
#7166=CARTESIAN_POINT('',(1.29903810562065,-0.764110115415049,-3.44836393658815));
#7167=CARTESIAN_POINT('',(1.29903810568715,-0.761212210710237,-3.45586809237692));
#7168=CARTESIAN_POINT('',(1.29903810567057,-0.757915370890766,-3.46316918653506));
#7169=CARTESIAN_POINT('',(1.2990381056776,-0.754028280894261,-3.47014749343972));
#7170=CARTESIAN_POINT('',(1.29903810567648,-0.749577918209135,-3.47675386698131));
#7171=CARTESIAN_POINT('',(1.29903810567676,-0.744788704497644,-3.48305616423629));
#7172=CARTESIAN_POINT('',(1.29903810567665,-0.739487907718771,-3.48890497382686));
#7173=CARTESIAN_POINT('',(1.29903810567666,-0.733724110246232,-3.49424635803049));
#7174=CARTESIAN_POINT('',(1.29903810567666,-0.727700199666868,-3.49920411142084));
#7175=CARTESIAN_POINT('',(1.29903810567666,-0.721270732000224,-3.50359642691531));
#7176=CARTESIAN_POINT('',(1.29903810567666,-0.714509993250914,-3.50737260220726));
#7177=CARTESIAN_POINT('',(1.29903810567666,-0.707578558896814,-3.51071056416064));
#7178=CARTESIAN_POINT('',(1.29903810567666,-0.70037195417126,-3.51339713225925));
#7179=CARTESIAN_POINT('',(1.29903810567666,-0.692989840291651,-3.51539525323267));
#7180=CARTESIAN_POINT('',(1.29903810567666,-0.685530899127514,-3.51692484365466));
#7181=CARTESIAN_POINT('',(1.29903810567666,-0.679206035593466,-3.51761311318131));
#7182=CARTESIAN_POINT('',(1.29903810567666,-0.674037278776407,-3.5177947987935));
#7183=CARTESIAN_POINT('',(1.29903810567666,-0.670249589691017,-3.5178417258088));
#7184=CARTESIAN_POINT('',(1.29903810567666,-0.663929470331379,-3.51758864963032));
#7185=CARTESIAN_POINT('',(1.29903810567666,-0.657778257815167,-3.51676795009228));
#7186=CARTESIAN_POINT('',(1.29903810567666,-0.650357275705545,-3.51529894788566));
#7187=CARTESIAN_POINT('',(1.29903810567666,-0.644255654078731,-3.51362007978874));
#7188=CARTESIAN_POINT('',(1.29903810567666,-0.637187040631623,-3.51094123258851));
#7189=CARTESIAN_POINT('',(1.29903810567666,-0.630322890452695,-3.50784282249425));
#7190=CARTESIAN_POINT('',(1.29903810567667,-0.623718358619513,-3.50410165486379));
#7191=CARTESIAN_POINT('',(1.29903810567666,-0.618938824783953,-3.50078367691135));
#7192=CARTESIAN_POINT('',(1.29903810567666,-0.616976351282662,-3.49932415478999));
#7193=CARTESIAN_POINT('',(1.29903810567666,-0.616195458715536,-3.49873398780431));
#7194=CARTESIAN_POINT('',(1.29903810567666,-0.614795501180279,-3.49764517674271));
#7195=CARTESIAN_POINT('',(1.29903810567666,-0.612683645936452,-3.49592719812833));
#7196=CARTESIAN_POINT('',(1.29903810567666,-0.608996214818076,-3.49270683268788));
#7197=CARTESIAN_POINT('',(1.29903810567666,-0.604961729322117,-3.48871475899778));
#7198=CARTESIAN_POINT('',(1.29903810567667,-0.600636934020903,-3.4838253170911));
#7199=CARTESIAN_POINT('',(1.29903810567658,-0.595875109353683,-3.4777605541224));
#7200=CARTESIAN_POINT('',(1.29903810567707,-0.591825870194371,-3.47151584603409));
#7201=CARTESIAN_POINT('',(1.29903810567603,-0.588174341364318,-3.46480800233535));
#7202=CARTESIAN_POINT('',(1.29903810568215,-0.584982764822659,-3.45808957093866));
#7203=CARTESIAN_POINT('',(1.29903810565759,-0.582767616963413,-3.45214933858642));
#7204=CARTESIAN_POINT('',(1.29903810569684,-0.58069677925381,-3.44548962555309));
#7205=CARTESIAN_POINT('',(1.29903810476764,-0.57938065057748,-3.44043346845581));
#7206=CARTESIAN_POINT('',(1.2990381069608,-0.578406561555697,-3.43526375610169));
#7207=CARTESIAN_POINT('',(1.29903810521183,-0.578062035704449,-3.4330670304505));
#7208=CARTESIAN_POINT('',(1.29903810489079,-0.578011832797491,-3.43273701169194));
#7209=CARTESIAN_POINT('',(1.29903810567666,-1.3837657159682,-3.25));
#7210=CARTESIAN_POINT('',(1.42801382702104,-1.38902908099148,-3.198447884082));
#7211=CARTESIAN_POINT('',(1.67982000536531,-1.39955581103805,-3.07997056482701));
#7212=CARTESIAN_POINT('',(2.03374805355723,-1.41534590610789,-2.8586505343078));
#7213=CARTESIAN_POINT('',(2.3588837291484,-1.43113600117774,-2.59685993660672));
#7214=CARTESIAN_POINT('',(2.65062414348788,-1.44692609624759,-2.29830495041586));
#7215=CARTESIAN_POINT('',(2.90483902018882,-1.46271619131743,-1.96721230578047));
#7216=CARTESIAN_POINT('',(3.11792938725496,-1.47850628638728,-1.60826935779949));
#7217=CARTESIAN_POINT('',(3.28687846997415,-1.49429638145713,-1.22655775003425));
#7218=CARTESIAN_POINT('',(3.40929441584008,-1.51008647652697,-0.827481466167127));
#7219=CARTESIAN_POINT('',(3.4834441523796,-1.52587657159682,-0.416690326173968));
#7220=CARTESIAN_POINT('',(3.5082779238102,-1.54166666666667,-1.84574577843932E-15));
#7221=CARTESIAN_POINT('',(3.4834441523796,-1.55745676173651,0.416690326173964));
#7222=CARTESIAN_POINT('',(3.40929441584008,-1.57324685680636,0.827481466167123));
#7223=CARTESIAN_POINT('',(3.28687846997415,-1.58903695187621,1.22655775003425));
#7224=CARTESIAN_POINT('',(3.11792938725497,-1.60482704694605,1.60826935779949));
#7225=CARTESIAN_POINT('',(2.90483902018882,-1.6206171420159,1.96721230578047));
#7226=CARTESIAN_POINT('',(2.65062414348789,-1.63640723708575,2.29830495041585));
#7227=CARTESIAN_POINT('',(2.3588837291484,-1.65219733215559,2.59685993660672));
#7228=CARTESIAN_POINT('',(2.03374805355724,-1.66798742722544,2.8586505343078));
#7229=CARTESIAN_POINT('',(1.67982000536531,-1.68377752229529,3.079970564827));
#7230=CARTESIAN_POINT('',(1.42801382702104,-1.69430425234185,3.198447884082));
#7231=CARTESIAN_POINT('',(1.29903810567666,-1.69956761736514,3.25));
#7232=CARTESIAN_POINT('',(1.29903810567666,-0.800432382634865,-3.25));
#7233=CARTESIAN_POINT('',(1.42801382702104,-0.805695747658147,-3.198447884082));
#7234=CARTESIAN_POINT('',(1.67982000536531,-0.816222477704712,-3.07997056482701));
#7235=CARTESIAN_POINT('',(2.03374805355723,-0.832012572774559,-2.8586505343078));
#7236=CARTESIAN_POINT('',(2.3588837291484,-0.847802667844406,-2.59685993660672));
#7237=CARTESIAN_POINT('',(2.65062414348788,-0.863592762914252,-2.29830495041586));
#7238=CARTESIAN_POINT('',(2.90483902018882,-0.879382857984099,-1.96721230578047));
#7239=CARTESIAN_POINT('',(3.11792938725496,-0.895172953053947,-1.60826935779949));
#7240=CARTESIAN_POINT('',(3.28687846997415,-0.910963048123793,-1.22655775003425));
#7241=CARTESIAN_POINT('',(3.40929441584008,-0.92675314319364,-0.827481466167127));
#7242=CARTESIAN_POINT('',(3.4834441523796,-0.942543238263487,-0.416690326173967));
#7243=CARTESIAN_POINT('',(3.5082779238102,-0.958333333333333,-1.84574577843932E-15));
#7244=CARTESIAN_POINT('',(3.4834441523796,-0.97412342840318,0.416690326173964));
#7245=CARTESIAN_POINT('',(3.40929441584008,-0.989913523473027,0.827481466167123));
#7246=CARTESIAN_POINT('',(3.28687846997415,-1.00570361854287,1.22655775003425));
#7247=CARTESIAN_POINT('',(3.11792938725497,-1.02149371361272,1.60826935779949));
#7248=CARTESIAN_POINT('',(2.90483902018882,-1.03728380868257,1.96721230578047));
#7249=CARTESIAN_POINT('',(2.65062414348789,-1.05307390375241,2.29830495041585));
#7250=CARTESIAN_POINT('',(2.3588837291484,-1.06886399882226,2.59685993660672));
#7251=CARTESIAN_POINT('',(2.03374805355724,-1.08465409389211,2.8586505343078));
#7252=CARTESIAN_POINT('',(1.67982000536531,-1.10044418896195,3.079970564827));
#7253=CARTESIAN_POINT('',(1.42801382702104,-1.11097091900852,3.198447884082));
#7254=CARTESIAN_POINT('',(1.29903810567666,-1.1162342840318,3.25));
#7255=CARTESIAN_POINT('',(1.29903810410492,-1.60128429072619,-3.43273701198933));
#7256=CARTESIAN_POINT('',(1.29903810567666,-1.6337657159682,-3.25));
#7257=CARTESIAN_POINT('',(1.29903810569558,-1.62873863205922,-3.27827433376111));
#7258=CARTESIAN_POINT('',(1.29903810573539,-1.62332324408692,-3.30873645041586));
#7259=CARTESIAN_POINT('',(1.29903810560124,-1.61288492585622,-3.36746081333932));
#7260=CARTESIAN_POINT('',(1.29903810881929,-1.60708426872432,-3.40009871038381));
#7261=CARTESIAN_POINT('',(1.29903810518924,-1.60167310101905,-3.43054903523246));
#7262=CARTESIAN_POINT('',(1.29903810489079,-1.60128429072619,-3.43273701198933));
#7263=CARTESIAN_POINT('',(1.29903810410492,-1.41134516610046,-3.43273701198933));
#7264=CARTESIAN_POINT('',(1.29903810489079,-1.41134516610046,-3.43273701198933));
#7265=CARTESIAN_POINT('',(1.2990381055249,-1.40702332174443,-3.40432690491889));
#7266=CARTESIAN_POINT('',(1.29903810568059,-1.40240766566675,-3.3738787458329));
#7267=CARTESIAN_POINT('',(1.29903810567342,-1.39351858156961,-3.31500275453945));
#7268=CARTESIAN_POINT('',(1.29903810567674,-1.38863168003798,-3.28250283384119));
#7269=CARTESIAN_POINT('',(1.29903810567666,-1.38407047484211,-3.2520362366674));
#7270=CARTESIAN_POINT('',(1.29903810567666,-1.3837657159682,-3.25));
#7271=CARTESIAN_POINT('',(1.29903810489079,-1.60128429075656,-3.43273701169193));
#7272=CARTESIAN_POINT('',(1.29903810530805,-1.60093154998456,-3.43472281972528));
#7273=CARTESIAN_POINT('',(1.29903810603284,-1.59971095538194,-3.44064325842552));
#7274=CARTESIAN_POINT('',(1.29903810562064,-1.59744344874838,-3.44836393658815));
#7275=CARTESIAN_POINT('',(1.29903810568715,-1.59454554404357,-3.45586809237692));
#7276=CARTESIAN_POINT('',(1.29903810567057,-1.5912487042241,-3.46316918653506));
#7277=CARTESIAN_POINT('',(1.2990381056776,-1.58736161422759,-3.47014749343972));
#7278=CARTESIAN_POINT('',(1.29903810567648,-1.58291125154247,-3.47675386698131));
#7279=CARTESIAN_POINT('',(1.29903810567676,-1.57812203783098,-3.48305616423629));
#7280=CARTESIAN_POINT('',(1.29903810567665,-1.5728212410521,-3.48890497382686));
#7281=CARTESIAN_POINT('',(1.29903810567666,-1.56705744357957,-3.49424635803049));
#7282=CARTESIAN_POINT('',(1.29903810567666,-1.5610335330002,-3.49920411142084));
#7283=CARTESIAN_POINT('',(1.29903810567666,-1.55460406533356,-3.50359642691532));
#7284=CARTESIAN_POINT('',(1.29903810567666,-1.54784332658425,-3.50737260220726));
#7285=CARTESIAN_POINT('',(1.29903810567666,-1.54091189223015,-3.51071056416064));
#7286=CARTESIAN_POINT('',(1.29903810567666,-1.53370528750459,-3.51339713225925));
#7287=CARTESIAN_POINT('',(1.29903810567666,-1.52632317362499,-3.51539525323267));
#7288=CARTESIAN_POINT('',(1.29903810567667,-1.51886423246085,-3.51692484365465));
#7289=CARTESIAN_POINT('',(1.29903810567665,-1.5125393689268,-3.5176131131813));
#7290=CARTESIAN_POINT('',(1.29903810567666,-1.50737061210974,-3.5177947987935));
#7291=CARTESIAN_POINT('',(1.29903810567666,-1.50358292302435,-3.5178417258088));
#7292=CARTESIAN_POINT('',(1.29903810567667,-1.49726280366471,-3.51758864963032));
#7293=CARTESIAN_POINT('',(1.29903810567666,-1.4911115911485,-3.51676795009228));
#7294=CARTESIAN_POINT('',(1.29903810567666,-1.48369060903888,-3.51529894788566));
#7295=CARTESIAN_POINT('',(1.29903810567666,-1.47758898741206,-3.51362007978874));
#7296=CARTESIAN_POINT('',(1.29903810567666,-1.47052037396496,-3.51094123258851));
#7297=CARTESIAN_POINT('',(1.29903810567666,-1.46365622378603,-3.50784282249425));
#7298=CARTESIAN_POINT('',(1.29903810567667,-1.45705169195284,-3.50410165486378));
#7299=CARTESIAN_POINT('',(1.29903810567665,-1.45227215811729,-3.50078367691136));
#7300=CARTESIAN_POINT('',(1.29903810567666,-1.45030968461599,-3.49932415478999));
#7301=CARTESIAN_POINT('',(1.29903810567666,-1.44952879204887,-3.49873398780431));
#7302=CARTESIAN_POINT('',(1.29903810567666,-1.44812883451361,-3.4976451767427));
#7303=CARTESIAN_POINT('',(1.29903810567666,-1.44601697926978,-3.49592719812832));
#7304=CARTESIAN_POINT('',(1.29903810567666,-1.44232954815141,-3.49270683268788));
#7305=CARTESIAN_POINT('',(1.29903810567666,-1.43829506265545,-3.48871475899778));
#7306=CARTESIAN_POINT('',(1.29903810567667,-1.43397026735424,-3.4838253170911));
#7307=CARTESIAN_POINT('',(1.29903810567658,-1.42920844268702,-3.47776055412241));
#7308=CARTESIAN_POINT('',(1.29903810567707,-1.42515920352771,-3.47151584603409));
#7309=CARTESIAN_POINT('',(1.29903810567603,-1.42150767469765,-3.46480800233536));
#7310=CARTESIAN_POINT('',(1.29903810568216,-1.418316098156,-3.45808957093867));
#7311=CARTESIAN_POINT('',(1.29903810565757,-1.41610095029675,-3.45214933858643));
#7312=CARTESIAN_POINT('',(1.29903810569685,-1.41403011258715,-3.44548962555311));
#7313=CARTESIAN_POINT('',(1.29903810476764,-1.41271398391082,-3.44043346845584));
#7314=CARTESIAN_POINT('',(1.2990381069608,-1.41173989488903,-3.43526375610171));
#7315=CARTESIAN_POINT('',(1.29903810521183,-1.41139536903778,-3.43306703045051));
#7316=CARTESIAN_POINT('',(1.29903810489079,-1.41134516613082,-3.43273701169194));
#7317=CARTESIAN_POINT('',(1.29903810567666,-2.21709904930153,-3.25));
#7318=CARTESIAN_POINT('',(1.42801382702104,-2.22236241432481,-3.19844788408201));
#7319=CARTESIAN_POINT('',(1.6798200053653,-2.23288914437138,-3.07997056482701));
#7320=CARTESIAN_POINT('',(2.03374805355722,-2.24867923944123,-2.85865053430781));
#7321=CARTESIAN_POINT('',(2.35888372914838,-2.26446933451107,-2.59685993660673));
#7322=CARTESIAN_POINT('',(2.65062414348787,-2.28025942958092,-2.29830495041588));
#7323=CARTESIAN_POINT('',(2.9048390201888,-2.29604952465076,-1.9672123057805));
#7324=CARTESIAN_POINT('',(3.11792938725495,-2.31183961972061,-1.60826935779952));
#7325=CARTESIAN_POINT('',(3.28687846997414,-2.32762971479046,-1.2265577500343));
#7326=CARTESIAN_POINT('',(3.40929441584007,-2.34341980986031,-0.827481466167176));
#7327=CARTESIAN_POINT('',(3.48344415237959,-2.35920990493015,-0.416690326174024));
#7328=CARTESIAN_POINT('',(3.5082779238102,-2.375,-6.50174358796107E-14));
#7329=CARTESIAN_POINT('',(3.48344415237961,-2.39079009506984,0.416690326173895));
#7330=CARTESIAN_POINT('',(3.4092944158401,-2.40658019013969,0.82748146616705));
#7331=CARTESIAN_POINT('',(3.28687846997418,-2.42237028520954,1.22655775003417));
#7332=CARTESIAN_POINT('',(3.11792938725501,-2.43816038027938,1.60826935779941));
#7333=CARTESIAN_POINT('',(2.90483902018888,-2.45395047534923,1.96721230578039));
#7334=CARTESIAN_POINT('',(2.65062414348795,-2.46974057041908,2.29830495041578));
#7335=CARTESIAN_POINT('',(2.35888372914848,-2.48553066548892,2.59685993660664));
#7336=CARTESIAN_POINT('',(2.03374805355733,-2.50132076055877,2.85865053430773));
#7337=CARTESIAN_POINT('',(1.67982000536538,-2.51711085562862,3.07997056482697));
#7338=CARTESIAN_POINT('',(1.42801382702109,-2.52763758567518,3.19844788408198));
#7339=CARTESIAN_POINT('',(1.29903810567667,-2.53290095069847,3.24999999999999));
#7340=CARTESIAN_POINT('',(1.29903810567667,-1.6337657159682,-3.25));
#7341=CARTESIAN_POINT('',(1.42801382702105,-1.63902908099148,-3.198447884082));
#7342=CARTESIAN_POINT('',(1.67982000536531,-1.64955581103805,-3.079970564827));
#7343=CARTESIAN_POINT('',(2.03374805355723,-1.66534590610789,-2.8586505343078));
#7344=CARTESIAN_POINT('',(2.35888372914839,-1.68113600117774,-2.59685993660672));
#7345=CARTESIAN_POINT('',(2.65062414348788,-1.69692609624759,-2.29830495041587));
#7346=CARTESIAN_POINT('',(2.90483902018881,-1.71271619131743,-1.96721230578049));
#7347=CARTESIAN_POINT('',(3.11792938725495,-1.72850628638728,-1.60826935779951));
#7348=CARTESIAN_POINT('',(3.28687846997414,-1.74429638145712,-1.22655775003428));
#7349=CARTESIAN_POINT('',(3.40929441584007,-1.76008647652697,-0.827481466167164));
#7350=CARTESIAN_POINT('',(3.48344415237959,-1.77587657159682,-0.416690326174012));
#7351=CARTESIAN_POINT('',(3.5082779238102,-1.79166666666666,-5.25135490647699E-14));
#7352=CARTESIAN_POINT('',(3.48344415237961,-1.80745676173651,0.416690326173907));
#7353=CARTESIAN_POINT('',(3.40929441584009,-1.82324685680636,0.827481466167062));
#7354=CARTESIAN_POINT('',(3.28687846997418,-1.8390369518762,1.22655775003419));
#7355=CARTESIAN_POINT('',(3.117929387255,-1.85482704694605,1.60826935779942));
#7356=CARTESIAN_POINT('',(2.90483902018887,-1.8706171420159,1.9672123057804));
#7357=CARTESIAN_POINT('',(2.65062414348795,-1.88640723708574,2.29830495041579));
#7358=CARTESIAN_POINT('',(2.35888372914847,-1.90219733215559,2.59685993660665));
#7359=CARTESIAN_POINT('',(2.03374805355732,-1.91798742722544,2.85865053430774));
#7360=CARTESIAN_POINT('',(1.67982000536537,-1.93377752229528,3.07997056482697));
#7361=CARTESIAN_POINT('',(1.42801382702107,-1.94430425234185,3.19844788408199));
#7362=CARTESIAN_POINT('',(1.29903810567666,-1.94956761736513,3.25));
#7363=CARTESIAN_POINT('',(1.29903810410492,-2.43461762405953,-3.43273701198933));
#7364=CARTESIAN_POINT('',(1.29903810489079,-2.43461762405953,-3.43273701198933));
#7365=CARTESIAN_POINT('',(1.29903810552486,-2.4396666132539,-3.40432451479133));
#7366=CARTESIAN_POINT('',(1.29903810568058,-2.44507849963683,-3.3738735205563));
#7367=CARTESIAN_POINT('',(1.29903810567342,-2.45554321208963,-3.31499959204559));
#7368=CARTESIAN_POINT('',(1.29903810567675,-2.46132077214748,-3.28249962208205));
#7369=CARTESIAN_POINT('',(1.29903810567666,-2.46673662716111,-3.25203840746607));
#7370=CARTESIAN_POINT('',(1.29903810567666,-2.46709904930153,-3.25));
#7371=CARTESIAN_POINT('',(1.29903810410492,-2.2446784994338,-3.43273701198933));
#7372=CARTESIAN_POINT('',(1.29903810489079,-2.2446784994338,-3.43273701198933));
#7373=CARTESIAN_POINT('',(1.2990381055249,-2.24035665507776,-3.4043269049189));
#7374=CARTESIAN_POINT('',(1.29903810568058,-2.23574099900008,-3.3738787458329));
#7375=CARTESIAN_POINT('',(1.29903810567342,-2.22685191490295,-3.31500275453945));
#7376=CARTESIAN_POINT('',(1.29903810567674,-2.22196501337132,-3.2825028338412));
#7377=CARTESIAN_POINT('',(1.29903810567666,-2.21740380817545,-3.25203623666741));
#7378=CARTESIAN_POINT('',(1.29903810567666,-2.21709904930153,-3.25));
#7379=CARTESIAN_POINT('',(1.29903810489079,-2.43461762408989,-3.43273701169193));
#7380=CARTESIAN_POINT('',(1.29903810530804,-2.43426488331789,-3.43472281972528));
#7381=CARTESIAN_POINT('',(1.29903810603284,-2.43304428871527,-3.44064325842552));
#7382=CARTESIAN_POINT('',(1.29903810562065,-2.43077678208172,-3.44836393658815));
#7383=CARTESIAN_POINT('',(1.29903810568715,-2.4278788773769,-3.45586809237692));
#7384=CARTESIAN_POINT('',(1.29903810567057,-2.42458203755743,-3.46316918653506));
#7385=CARTESIAN_POINT('',(1.29903810567761,-2.42069494756093,-3.47014749343972));
#7386=CARTESIAN_POINT('',(1.29903810567648,-2.4162445848758,-3.47675386698131));
#7387=CARTESIAN_POINT('',(1.29903810567677,-2.41145537116431,-3.48305616423629));
#7388=CARTESIAN_POINT('',(1.29903810567664,-2.40615457438544,-3.48890497382686));
#7389=CARTESIAN_POINT('',(1.29903810567667,-2.4003907769129,-3.49424635803049));
#7390=CARTESIAN_POINT('',(1.29903810567666,-2.39436686633353,-3.49920411142084));
#7391=CARTESIAN_POINT('',(1.29903810567666,-2.38793739866689,-3.50359642691531));
#7392=CARTESIAN_POINT('',(1.29903810567666,-2.38117665991758,-3.50737260220726));
#7393=CARTESIAN_POINT('',(1.29903810567666,-2.37424522556348,-3.51071056416064));
#7394=CARTESIAN_POINT('',(1.29903810567667,-2.36703862083793,-3.51339713225925));
#7395=CARTESIAN_POINT('',(1.29903810567666,-2.35965650695832,-3.51539525323267));
#7396=CARTESIAN_POINT('',(1.29903810567666,-2.35219756579418,-3.51692484365466));
#7397=CARTESIAN_POINT('',(1.29903810567666,-2.34587270226013,-3.5176131131813));
#7398=CARTESIAN_POINT('',(1.29903810567666,-2.34070394544307,-3.5177947987935));
#7399=CARTESIAN_POINT('',(1.29903810567666,-2.33691625635768,-3.5178417258088));
#7400=CARTESIAN_POINT('',(1.29903810567666,-2.33059613699805,-3.51758864963032));
#7401=CARTESIAN_POINT('',(1.29903810567666,-2.32444492448184,-3.51676795009228));
#7402=CARTESIAN_POINT('',(1.29903810567666,-2.31702394237221,-3.51529894788566));
#7403=CARTESIAN_POINT('',(1.29903810567666,-2.3109223207454,-3.51362007978874));
#7404=CARTESIAN_POINT('',(1.29903810567667,-2.30385370729829,-3.51094123258851));
#7405=CARTESIAN_POINT('',(1.29903810567665,-2.29698955711936,-3.50784282249425));
#7406=CARTESIAN_POINT('',(1.29903810567668,-2.29038502528618,-3.50410165486378));
#7407=CARTESIAN_POINT('',(1.29903810567664,-2.28560549145062,-3.50078367691136));
#7408=CARTESIAN_POINT('',(1.29903810567666,-2.28364301794933,-3.49932415478999));
#7409=CARTESIAN_POINT('',(1.29903810567665,-2.2828621253822,-3.49873398780431));
#7410=CARTESIAN_POINT('',(1.29903810567667,-2.28146216784695,-3.49764517674271));
#7411=CARTESIAN_POINT('',(1.29903810567666,-2.27935031260312,-3.49592719812833));
#7412=CARTESIAN_POINT('',(1.29903810567666,-2.27566288148475,-3.49270683268789));
#7413=CARTESIAN_POINT('',(1.29903810567666,-2.27162839598879,-3.48871475899778));
#7414=CARTESIAN_POINT('',(1.29903810567667,-2.26730360068757,-3.4838253170911));
#7415=CARTESIAN_POINT('',(1.29903810567659,-2.26254177602035,-3.4777605541224));
#7416=CARTESIAN_POINT('',(1.29903810567706,-2.25849253686103,-3.47151584603409));
#7417=CARTESIAN_POINT('',(1.29903810567604,-2.25484100803098,-3.46480800233535));
#7418=CARTESIAN_POINT('',(1.29903810568214,-2.25164943148932,-3.45808957093865));
#7419=CARTESIAN_POINT('',(1.29903810565761,-2.24943428363008,-3.45214933858642));
#7420=CARTESIAN_POINT('',(1.29903810569682,-2.24736344592047,-3.44548962555308));
#7421=CARTESIAN_POINT('',(1.29903810476764,-2.24604731724415,-3.4404334684558));
#7422=CARTESIAN_POINT('',(1.2990381069608,-2.24507322822236,-3.43526375610167));
#7423=CARTESIAN_POINT('',(1.29903810521183,-2.24472870237111,-3.43306703045049));
#7424=CARTESIAN_POINT('',(1.29903810489079,-2.24467849946416,-3.43273701169194));
#7425=CARTESIAN_POINT('',(1.29903810567666,-3.05043238263487,-3.25));
#7426=CARTESIAN_POINT('',(1.42801382702104,-3.05569574765815,-3.198447884082));
#7427=CARTESIAN_POINT('',(1.67982000536531,-3.06622247770471,-3.079970564827));
#7428=CARTESIAN_POINT('',(2.03374805355724,-3.08201257277456,-2.85865053430779));
#7429=CARTESIAN_POINT('',(2.35888372914841,-3.09780266784441,-2.59685993660671));
#7430=CARTESIAN_POINT('',(2.6506241434879,-3.11359276291425,-2.29830495041584));
#7431=CARTESIAN_POINT('',(2.90483902018884,-3.1293828579841,-1.96721230578045));
#7432=CARTESIAN_POINT('',(3.11792938725498,-3.14517295305395,-1.60826935779946));
#7433=CARTESIAN_POINT('',(3.28687846997417,-3.1609630481238,-1.22655775003422));
#7434=CARTESIAN_POINT('',(3.40929441584009,-3.17675314319364,-0.82748146616708));
#7435=CARTESIAN_POINT('',(3.48344415237961,-3.19254323826349,-0.416690326173914));
#7436=CARTESIAN_POINT('',(3.5082779238102,-3.20833333333334,5.87307980026708E-14));
#7437=CARTESIAN_POINT('',(3.48344415237959,-3.22412342840318,0.41669032617403));
#7438=CARTESIAN_POINT('',(3.40929441584006,-3.23991352347303,0.827481466167194));
#7439=CARTESIAN_POINT('',(3.28687846997413,-3.25570361854288,1.22655775003433));
#7440=CARTESIAN_POINT('',(3.11792938725493,-3.27149371361273,1.60826935779956));
#7441=CARTESIAN_POINT('',(2.90483902018877,-3.28728380868257,1.96721230578054));
#7442=CARTESIAN_POINT('',(2.65062414348782,-3.30307390375242,2.29830495041593));
#7443=CARTESIAN_POINT('',(2.35888372914832,-3.31886399882227,2.59685993660679));
#7444=CARTESIAN_POINT('',(2.03374805355715,-3.33465409389211,2.85865053430786));
#7445=CARTESIAN_POINT('',(1.67982000536524,-3.35044418896196,3.07997056482704));
#7446=CARTESIAN_POINT('',(1.428013827021,-3.36097091900852,3.19844788408202));
#7447=CARTESIAN_POINT('',(1.29903810567665,-3.3662342840318,3.25));
#7448=CARTESIAN_POINT('',(1.29903810567666,-2.46709904930153,-3.25));
#7449=CARTESIAN_POINT('',(1.42801382702103,-2.47236241432481,-3.19844788408201));
#7450=CARTESIAN_POINT('',(1.6798200053653,-2.48288914437138,-3.07997056482701));
#7451=CARTESIAN_POINT('',(2.03374805355722,-2.49867923944123,-2.85865053430781));
#7452=CARTESIAN_POINT('',(2.35888372914838,-2.51446933451107,-2.59685993660673));
#7453=CARTESIAN_POINT('',(2.65062414348787,-2.53025942958092,-2.29830495041588));
#7454=CARTESIAN_POINT('',(2.9048390201888,-2.54604952465077,-1.9672123057805));
#7455=CARTESIAN_POINT('',(3.11792938725495,-2.56183961972061,-1.60826935779953));
#7456=CARTESIAN_POINT('',(3.28687846997414,-2.57762971479046,-1.2265577500343));
#7457=CARTESIAN_POINT('',(3.40929441584007,-2.5934198098603,-0.827481466167177));
#7458=CARTESIAN_POINT('',(3.48344415237959,-2.60920990493015,-0.416690326174025));
#7459=CARTESIAN_POINT('',(3.5082779238102,-2.625,-6.59056142993109E-14));
#7460=CARTESIAN_POINT('',(3.48344415237961,-2.64079009506985,0.416690326173894));
#7461=CARTESIAN_POINT('',(3.4092944158401,-2.65658019013969,0.827481466167049));
#7462=CARTESIAN_POINT('',(3.28687846997418,-2.67237028520954,1.22655775003417));
#7463=CARTESIAN_POINT('',(3.11792938725501,-2.68816038027939,1.60826935779941));
#7464=CARTESIAN_POINT('',(2.90483902018888,-2.70395047534923,1.96721230578039));
#7465=CARTESIAN_POINT('',(2.65062414348795,-2.71974057041908,2.29830495041578));
#7466=CARTESIAN_POINT('',(2.35888372914848,-2.73553066548893,2.59685993660664));
#7467=CARTESIAN_POINT('',(2.03374805355733,-2.75132076055877,2.85865053430773));
#7468=CARTESIAN_POINT('',(1.67982000536538,-2.76711085562862,3.07997056482696));
#7469=CARTESIAN_POINT('',(1.42801382702109,-2.77763758567518,3.19844788408198));
#7470=CARTESIAN_POINT('',(1.29903810567668,-2.78290095069847,3.24999999999999));
#7471=CARTESIAN_POINT('',(1.2990381041049,-3.26795095739286,-3.43273701198934));
#7472=CARTESIAN_POINT('',(1.29903810567666,-3.30043238263487,-3.25));
#7473=CARTESIAN_POINT('',(1.29903810569561,-3.29540529872588,-3.2782743337611));
#7474=CARTESIAN_POINT('',(1.2990381057354,-3.28998991075357,-3.30873645041585));
#7475=CARTESIAN_POINT('',(1.29903810560123,-3.27955159252289,-3.36746081333932));
#7476=CARTESIAN_POINT('',(1.29903810881933,-3.27375093539097,-3.40009871038381));
#7477=CARTESIAN_POINT('',(1.29903810518923,-3.26833976768571,-3.43054903523247));
#7478=CARTESIAN_POINT('',(1.29903810489078,-3.26795095739286,-3.43273701198933));
#7479=CARTESIAN_POINT('',(1.29903810410492,-3.07801183276713,-3.43273701198933));
#7480=CARTESIAN_POINT('',(1.29903810489079,-3.07801183276713,-3.43273701198933));
#7481=CARTESIAN_POINT('',(1.2990381055249,-3.0736899884111,-3.4043269049189));
#7482=CARTESIAN_POINT('',(1.29903810568058,-3.06907433233342,-3.3738787458329));
#7483=CARTESIAN_POINT('',(1.29903810567342,-3.06018524823628,-3.31500275453945));
#7484=CARTESIAN_POINT('',(1.29903810567674,-3.05529834670478,-3.28250283384119));
#7485=CARTESIAN_POINT('',(1.29903810567666,-3.05073714150876,-3.2520362366674));
#7486=CARTESIAN_POINT('',(1.29903810567666,-3.05043238263483,-3.25));
#7487=CARTESIAN_POINT('',(1.29903810489078,-3.26795095742322,-3.43273701169194));
#7488=CARTESIAN_POINT('',(1.29903810530804,-3.26759821665122,-3.43472281972529));
#7489=CARTESIAN_POINT('',(1.29903810603285,-3.2663776220486,-3.44064325842552));
#7490=CARTESIAN_POINT('',(1.29903810562064,-3.26411011541505,-3.44836393658815));
#7491=CARTESIAN_POINT('',(1.29903810568715,-3.26121221071024,-3.45586809237692));
#7492=CARTESIAN_POINT('',(1.29903810567057,-3.25791537089077,-3.46316918653506));
#7493=CARTESIAN_POINT('',(1.29903810567761,-3.25402828089426,-3.47014749343972));
#7494=CARTESIAN_POINT('',(1.29903810567648,-3.24957791820914,-3.47675386698131));
#7495=CARTESIAN_POINT('',(1.29903810567677,-3.24478870449764,-3.48305616423629));
#7496=CARTESIAN_POINT('',(1.29903810567664,-3.23948790771877,-3.48890497382686));
#7497=CARTESIAN_POINT('',(1.29903810567666,-3.23372411024623,-3.49424635803049));
#7498=CARTESIAN_POINT('',(1.29903810567666,-3.22770019966687,-3.49920411142084));
#7499=CARTESIAN_POINT('',(1.29903810567666,-3.22127073200022,-3.50359642691531));
#7500=CARTESIAN_POINT('',(1.29903810567666,-3.21450999325092,-3.50737260220726));
#7501=CARTESIAN_POINT('',(1.29903810567666,-3.20757855889681,-3.51071056416064));
#7502=CARTESIAN_POINT('',(1.29903810567667,-3.20037195417126,-3.51339713225924));
#7503=CARTESIAN_POINT('',(1.29903810567666,-3.19298984029165,-3.51539525323267));
#7504=CARTESIAN_POINT('',(1.29903810567666,-3.18553089912752,-3.51692484365466));
#7505=CARTESIAN_POINT('',(1.29903810567666,-3.17920603559347,-3.5176131131813));
#7506=CARTESIAN_POINT('',(1.29903810567666,-3.17403727877641,-3.5177947987935));
#7507=CARTESIAN_POINT('',(1.29903810567666,-3.17024958969102,-3.5178417258088));
#7508=CARTESIAN_POINT('',(1.29903810567666,-3.16392947033138,-3.51758864963033));
#7509=CARTESIAN_POINT('',(1.29903810567666,-3.15777825781517,-3.51676795009228));
#7510=CARTESIAN_POINT('',(1.29903810567666,-3.15035727570555,-3.51529894788566));
#7511=CARTESIAN_POINT('',(1.29903810567665,-3.14425565407873,-3.51362007978874));
#7512=CARTESIAN_POINT('',(1.29903810567667,-3.13718704063162,-3.51094123258851));
#7513=CARTESIAN_POINT('',(1.29903810567665,-3.13032289045269,-3.50784282249425));
#7514=CARTESIAN_POINT('',(1.29903810567668,-3.12371835861951,-3.50410165486378));
#7515=CARTESIAN_POINT('',(1.29903810567664,-3.11893882478395,-3.50078367691136));
#7516=CARTESIAN_POINT('',(1.29903810567666,-3.11697635128266,-3.49932415478999));
#7517=CARTESIAN_POINT('',(1.29903810567666,-3.11619545871554,-3.49873398780431));
#7518=CARTESIAN_POINT('',(1.29903810567666,-3.11479550118027,-3.4976451767427));
#7519=CARTESIAN_POINT('',(1.29903810567666,-3.11268364593645,-3.49592719812832));
#7520=CARTESIAN_POINT('',(1.29903810567667,-3.10899621481807,-3.49270683268788));
#7521=CARTESIAN_POINT('',(1.29903810567666,-3.10496172932212,-3.48871475899778));
#7522=CARTESIAN_POINT('',(1.29903810567667,-3.1006369340209,-3.4838253170911));
#7523=CARTESIAN_POINT('',(1.29903810567659,-3.09587510935368,-3.4777605541224));
#7524=CARTESIAN_POINT('',(1.29903810567706,-3.09182587019437,-3.47151584603409));
#7525=CARTESIAN_POINT('',(1.29903810567604,-3.08817434136432,-3.46480800233534));
#7526=CARTESIAN_POINT('',(1.29903810568215,-3.08498276482266,-3.45808957093865));
#7527=CARTESIAN_POINT('',(1.29903810565759,-3.08276761696341,-3.45214933858641));
#7528=CARTESIAN_POINT('',(1.29903810569685,-3.08069677925381,-3.44548962555308));
#7529=CARTESIAN_POINT('',(1.29903810476763,-3.07938065057747,-3.44043346845579));
#7530=CARTESIAN_POINT('',(1.2990381069608,-3.0784065615557,-3.43526375610167));
#7531=CARTESIAN_POINT('',(1.29903810521183,-3.07806203570445,-3.43306703045049));
#7532=CARTESIAN_POINT('',(1.29903810489079,-3.07801183279749,-3.43273701169194));
#7533=CARTESIAN_POINT('',(1.29903810567666,-3.8837657159682,-3.25));
#7534=CARTESIAN_POINT('',(1.42801382702104,-3.88902908099148,-3.19844788408201));
#7535=CARTESIAN_POINT('',(1.67982000536531,-3.89955581103805,-3.079970564827));
#7536=CARTESIAN_POINT('',(2.03374805355724,-3.91534590610789,-2.8586505343078));
#7537=CARTESIAN_POINT('',(2.35888372914841,-3.93113600117774,-2.59685993660671));
#7538=CARTESIAN_POINT('',(2.6506241434879,-3.94692609624759,-2.29830495041584));
#7539=CARTESIAN_POINT('',(2.90483902018884,-3.96271619131744,-1.96721230578045));
#7540=CARTESIAN_POINT('',(3.11792938725498,-3.97850628638728,-1.60826935779946));
#7541=CARTESIAN_POINT('',(3.28687846997417,-3.99429638145713,-1.22655775003422));
#7542=CARTESIAN_POINT('',(3.40929441584009,-4.01008647652698,-0.827481466167081));
#7543=CARTESIAN_POINT('',(3.48344415237961,-4.02587657159682,-0.416690326173915));
#7544=CARTESIAN_POINT('',(3.5082779238102,-4.04166666666667,5.77871084317394E-14));
#7545=CARTESIAN_POINT('',(3.48344415237959,-4.05745676173652,0.416690326174029));
#7546=CARTESIAN_POINT('',(3.40929441584006,-4.07324685680636,0.827481466167193));
#7547=CARTESIAN_POINT('',(3.28687846997413,-4.08903695187621,1.22655775003432));
#7548=CARTESIAN_POINT('',(3.11792938725493,-4.10482704694606,1.60826935779956));
#7549=CARTESIAN_POINT('',(2.90483902018878,-4.1206171420159,1.96721230578054));
#7550=CARTESIAN_POINT('',(2.65062414348783,-4.13640723708575,2.29830495041592));
#7551=CARTESIAN_POINT('',(2.35888372914834,-4.1521973321556,2.59685993660677));
#7552=CARTESIAN_POINT('',(2.03374805355718,-4.16798742722544,2.85865053430784));
#7553=CARTESIAN_POINT('',(1.67982000536527,-4.18377752229529,3.07997056482703));
#7554=CARTESIAN_POINT('',(1.42801382702102,-4.19430425234185,3.19844788408201));
#7555=CARTESIAN_POINT('',(1.29903810567665,-4.19956761736514,3.25));
#7556=CARTESIAN_POINT('',(1.29903810567666,-3.30043238263487,-3.25));
#7557=CARTESIAN_POINT('',(1.42801382702104,-3.30569574765815,-3.19844788408201));
#7558=CARTESIAN_POINT('',(1.67982000536531,-3.31622247770471,-3.079970564827));
#7559=CARTESIAN_POINT('',(2.03374805355724,-3.33201257277456,-2.8586505343078));
#7560=CARTESIAN_POINT('',(2.35888372914841,-3.34780266784441,-2.59685993660671));
#7561=CARTESIAN_POINT('',(2.6506241434879,-3.36359276291426,-2.29830495041584));
#7562=CARTESIAN_POINT('',(2.90483902018884,-3.3793828579841,-1.96721230578045));
#7563=CARTESIAN_POINT('',(3.11792938725498,-3.39517295305395,-1.60826935779946));
#7564=CARTESIAN_POINT('',(3.28687846997417,-3.4109630481238,-1.22655775003422));
#7565=CARTESIAN_POINT('',(3.40929441584009,-3.42675314319364,-0.827481466167081));
#7566=CARTESIAN_POINT('',(3.48344415237961,-3.44254323826349,-0.416690326173915));
#7567=CARTESIAN_POINT('',(3.5082779238102,-3.45833333333334,5.7814864007355E-14));
#7568=CARTESIAN_POINT('',(3.48344415237959,-3.47412342840318,0.416690326174029));
#7569=CARTESIAN_POINT('',(3.40929441584006,-3.48991352347303,0.827481466167193));
#7570=CARTESIAN_POINT('',(3.28687846997413,-3.50570361854288,1.22655775003432));
#7571=CARTESIAN_POINT('',(3.11792938725493,-3.52149371361273,1.60826935779956));
#7572=CARTESIAN_POINT('',(2.90483902018878,-3.53728380868257,1.96721230578054));
#7573=CARTESIAN_POINT('',(2.65062414348783,-3.55307390375242,2.29830495041592));
#7574=CARTESIAN_POINT('',(2.35888372914834,-3.56886399882227,2.59685993660677));
#7575=CARTESIAN_POINT('',(2.03374805355718,-3.58465409389211,2.85865053430784));
#7576=CARTESIAN_POINT('',(1.67982000536527,-3.60044418896196,3.07997056482703));
#7577=CARTESIAN_POINT('',(1.42801382702102,-3.61097091900852,3.19844788408201));
#7578=CARTESIAN_POINT('',(1.29903810567665,-3.6162342840318,3.25));
#7579=CARTESIAN_POINT('',(1.29903810410493,-4.10128429072619,-3.43273701198932));
#7580=CARTESIAN_POINT('',(1.29903810567665,-4.1337657159682,-3.25));
#7581=CARTESIAN_POINT('',(1.29903810569566,-4.12873863205922,-3.2782743337611));
#7582=CARTESIAN_POINT('',(1.29903810573543,-4.12332324408692,-3.30873645041586));
#7583=CARTESIAN_POINT('',(1.2990381056012,-4.11288492585622,-3.36746081333932));
#7584=CARTESIAN_POINT('',(1.29903810881926,-4.10708426872432,-3.4000987103838));
#7585=CARTESIAN_POINT('',(1.29903810518924,-4.10167310101905,-3.43054903523246));
#7586=CARTESIAN_POINT('',(1.2990381048908,-4.10128429072619,-3.43273701198933));
#7587=CARTESIAN_POINT('',(1.29903810410493,-3.91134516610046,-3.43273701198932));
#7588=CARTESIAN_POINT('',(1.2990381048908,-3.91134516610046,-3.43273701198933));
#7589=CARTESIAN_POINT('',(1.2990381055249,-3.90702332174442,-3.40432690491889));
#7590=CARTESIAN_POINT('',(1.29903810568058,-3.90240766566675,-3.3738787458329));
#7591=CARTESIAN_POINT('',(1.29903810567343,-3.89351858156962,-3.31500275453945));
#7592=CARTESIAN_POINT('',(1.29903810567674,-3.88863168003799,-3.28250283384121));
#7593=CARTESIAN_POINT('',(1.29903810567666,-3.88407047484211,-3.25203623666741));
#7594=CARTESIAN_POINT('',(1.29903810567666,-3.8837657159682,-3.25));
#7595=CARTESIAN_POINT('',(1.2990381048908,-4.10128429075656,-3.43273701169193));
#7596=CARTESIAN_POINT('',(1.29903810530805,-4.10093154998456,-3.43472281972528));
#7597=CARTESIAN_POINT('',(1.29903810603284,-4.09971095538194,-3.44064325842552));
#7598=CARTESIAN_POINT('',(1.29903810562064,-4.09744344874838,-3.44836393658815));
#7599=CARTESIAN_POINT('',(1.29903810568716,-4.09454554404357,-3.45586809237692));
#7600=CARTESIAN_POINT('',(1.29903810567057,-4.0912487042241,-3.46316918653506));
#7601=CARTESIAN_POINT('',(1.29903810567761,-4.08736161422759,-3.47014749343972));
#7602=CARTESIAN_POINT('',(1.29903810567648,-4.08291125154247,-3.47675386698131));
#7603=CARTESIAN_POINT('',(1.29903810567677,-4.07812203783098,-3.48305616423629));
#7604=CARTESIAN_POINT('',(1.29903810567664,-4.07282124105211,-3.48890497382686));
#7605=CARTESIAN_POINT('',(1.29903810567666,-4.06705744357957,-3.49424635803049));
#7606=CARTESIAN_POINT('',(1.29903810567666,-4.0610335330002,-3.49920411142083));
#7607=CARTESIAN_POINT('',(1.29903810567666,-4.05460406533356,-3.50359642691531));
#7608=CARTESIAN_POINT('',(1.29903810567666,-4.04784332658425,-3.50737260220726));
#7609=CARTESIAN_POINT('',(1.29903810567666,-4.04091189223015,-3.51071056416064));
#7610=CARTESIAN_POINT('',(1.29903810567667,-4.03370528750459,-3.51339713225925));
#7611=CARTESIAN_POINT('',(1.29903810567665,-4.02632317362498,-3.51539525323267));
#7612=CARTESIAN_POINT('',(1.29903810567667,-4.01886423246085,-3.51692484365465));
#7613=CARTESIAN_POINT('',(1.29903810567664,-4.0125393689268,-3.51761311318131));
#7614=CARTESIAN_POINT('',(1.29903810567667,-4.00737061210974,-3.5177947987935));
#7615=CARTESIAN_POINT('',(1.29903810567665,-4.00358292302435,-3.5178417258088));
#7616=CARTESIAN_POINT('',(1.29903810567667,-3.99726280366471,-3.51758864963032));
#7617=CARTESIAN_POINT('',(1.29903810567665,-3.9911115911485,-3.51676795009228));
#7618=CARTESIAN_POINT('',(1.29903810567666,-3.98369060903888,-3.51529894788566));
#7619=CARTESIAN_POINT('',(1.29903810567665,-3.97758898741206,-3.51362007978874));
#7620=CARTESIAN_POINT('',(1.29903810567667,-3.97052037396496,-3.51094123258851));
#7621=CARTESIAN_POINT('',(1.29903810567665,-3.96365622378603,-3.50784282249425));
#7622=CARTESIAN_POINT('',(1.29903810567668,-3.95705169195285,-3.50410165486378));
#7623=CARTESIAN_POINT('',(1.29903810567664,-3.95227215811728,-3.50078367691135));
#7624=CARTESIAN_POINT('',(1.29903810567666,-3.95030968461599,-3.49932415478999));
#7625=CARTESIAN_POINT('',(1.29903810567666,-3.94952879204887,-3.49873398780431));
#7626=CARTESIAN_POINT('',(1.29903810567666,-3.94812883451361,-3.4976451767427));
#7627=CARTESIAN_POINT('',(1.29903810567665,-3.94601697926978,-3.49592719812832));
#7628=CARTESIAN_POINT('',(1.29903810567667,-3.94232954815141,-3.49270683268788));
#7629=CARTESIAN_POINT('',(1.29903810567666,-3.93829506265545,-3.48871475899778));
#7630=CARTESIAN_POINT('',(1.29903810567668,-3.93397026735424,-3.4838253170911));
#7631=CARTESIAN_POINT('',(1.29903810567658,-3.92920844268702,-3.4777605541224));
#7632=CARTESIAN_POINT('',(1.29903810567706,-3.9251592035277,-3.47151584603408));
#7633=CARTESIAN_POINT('',(1.29903810567603,-3.92150767469765,-3.46480800233535));
#7634=CARTESIAN_POINT('',(1.29903810568216,-3.91831609815599,-3.45808957093866));
#7635=CARTESIAN_POINT('',(1.29903810565758,-3.91610095029675,-3.45214933858643));
#7636=CARTESIAN_POINT('',(1.29903810569685,-3.91403011258714,-3.4454896255531));
#7637=CARTESIAN_POINT('',(1.29903810476765,-3.91271398391082,-3.44043346845582));
#7638=CARTESIAN_POINT('',(1.29903810696079,-3.91173989488903,-3.4352637561017));
#7639=CARTESIAN_POINT('',(1.29903810521183,-3.91139536903778,-3.4330670304505));
#7640=CARTESIAN_POINT('',(1.2990381048908,-3.91134516613083,-3.43273701169193));
#7641=AXIS2_PLACEMENT_3D('',#7642,#7643,#7644);
#7642=CARTESIAN_POINT('',(0.,-8.,-4.89858719658941E-16));
#7643=DIRECTION('',(0.,-1.,-6.12323399573677E-17));
#7644=DIRECTION('',(0.371153744479046,5.68586013889842E-17,-0.928571428571428));
#7645=CARTESIAN_POINT('',(3.5,-5.125,-1.80015039950762E-15));
#7646=CARTESIAN_POINT('',(1.29903810567667,-4.96709904930153,-3.25));
#7647=CARTESIAN_POINT('',(1.41628876144429,-4.97188392659543,-3.20313444007455));
#7648=CARTESIAN_POINT('',(1.64571248556772,-4.98145368118321,-3.0967008519034));
#7649=CARTESIAN_POINT('',(1.97058920553432,-4.99580831306489,-2.90081091874413));
#7650=CARTESIAN_POINT('',(2.2724048415579,-5.01016294494657,-2.67097398230025));
#7651=CARTESIAN_POINT('',(2.54762745048303,-5.02451757682825,-2.40987969849564));
#7652=CARTESIAN_POINT('',(2.79303618955365,-5.03887220870993,-2.1205835584801));
#7653=CARTESIAN_POINT('',(3.00575914452133,-5.05322684059161,-1.80647107637483));
#7654=CARTESIAN_POINT('',(3.18330690210181,-5.06758147247329,-1.47121818732201));
#7655=CARTESIAN_POINT('',(3.32360169233822,-5.08193610435497,-1.11874821508109));
#7656=CARTESIAN_POINT('',(3.42500170129791,-5.09629073623665,-0.753185999192733));
#7657=CARTESIAN_POINT('',(3.48632028526468,-5.11064536811833,-0.378809477025973));
#7658=CARTESIAN_POINT('',(3.5,-5.12021512270611,-0.126269936980479));
#7659=CARTESIAN_POINT('',(3.5,-5.125,-5.45733229870039E-15));
#7660=CARTESIAN_POINT('',(3.5,-4.875,-4.40872847693047E-15));
#7661=CARTESIAN_POINT('',(3.5,-4.875,-2.35706050168822E-15));
#7662=VECTOR('',#7663,1.);
#7663=DIRECTION('',(0.,-1.,-3.06161699786838E-17));
#7664=CARTESIAN_POINT('',(1.29903810567667,-4.71709904930153,-3.25));
#7665=CARTESIAN_POINT('',(1.41628876144429,-4.72188392659543,-3.20313444007455));
#7666=CARTESIAN_POINT('',(1.64571248556772,-4.73145368118321,-3.0967008519034));
#7667=CARTESIAN_POINT('',(1.97058920553432,-4.74580831306489,-2.90081091874413));
#7668=CARTESIAN_POINT('',(2.2724048415579,-4.76016294494657,-2.67097398230025));
#7669=CARTESIAN_POINT('',(2.54762745048303,-4.77451757682825,-2.40987969849564));
#7670=CARTESIAN_POINT('',(2.79303618955365,-4.78887220870993,-2.1205835584801));
#7671=CARTESIAN_POINT('',(3.00575914452133,-4.80322684059161,-1.80647107637483));
#7672=CARTESIAN_POINT('',(3.18330690210181,-4.81758147247329,-1.47121818732201));
#7673=CARTESIAN_POINT('',(3.32360169233822,-4.83193610435497,-1.11874821508109));
#7674=CARTESIAN_POINT('',(3.42500170129791,-4.84629073623665,-0.753185999192733));
#7675=CARTESIAN_POINT('',(3.48632028526468,-4.86064536811833,-0.378809477025973));
#7676=CARTESIAN_POINT('',(3.5,-4.87021512270611,-0.126269936980479));
#7677=CARTESIAN_POINT('',(3.5,-4.875,-5.44202421371105E-15));
#7678=CARTESIAN_POINT('',(1.29903810567667,-4.1337657159682,-3.25));
#7679=CARTESIAN_POINT('',(1.42801382702104,-4.13902908099148,-3.198447884082));
#7680=CARTESIAN_POINT('',(1.67982000536531,-4.14955581103805,-3.079970564827));
#7681=CARTESIAN_POINT('',(2.03374805355723,-4.16534590610789,-2.8586505343078));
#7682=CARTESIAN_POINT('',(2.35888372914839,-4.18113600117774,-2.59685993660672));
#7683=CARTESIAN_POINT('',(2.65062414348788,-4.19692609624759,-2.29830495041587));
#7684=CARTESIAN_POINT('',(2.90483902018881,-4.21271619131743,-1.96721230578049));
#7685=CARTESIAN_POINT('',(3.11792938725495,-4.22850628638728,-1.60826935779952));
#7686=CARTESIAN_POINT('',(3.28687846997414,-4.24429638145712,-1.22655775003429));
#7687=CARTESIAN_POINT('',(3.40929441584007,-4.26008647652697,-0.827481466167167));
#7688=CARTESIAN_POINT('',(3.48344415237959,-4.27587657159682,-0.416690326174014));
#7689=CARTESIAN_POINT('',(3.5082779238102,-4.29166666666667,-5.53723733531797E-14));
#7690=CARTESIAN_POINT('',(3.48344415237961,-4.30745676173651,0.416690326173905));
#7691=CARTESIAN_POINT('',(3.4092944158401,-4.32324685680636,0.827481466167059));
#7692=CARTESIAN_POINT('',(3.28687846997418,-4.3390369518762,1.22655775003418));
#7693=CARTESIAN_POINT('',(3.117929387255,-4.35482704694605,1.60826935779942));
#7694=CARTESIAN_POINT('',(2.90483902018887,-4.3706171420159,1.9672123057804));
#7695=CARTESIAN_POINT('',(2.65062414348795,-4.38640723708575,2.29830495041579));
#7696=CARTESIAN_POINT('',(2.35888372914847,-4.40219733215559,2.59685993660665));
#7697=CARTESIAN_POINT('',(2.03374805355732,-4.41798742722544,2.85865053430774));
#7698=CARTESIAN_POINT('',(1.67982000536537,-4.43377752229529,3.07997056482697));
#7699=CARTESIAN_POINT('',(1.42801382702107,-4.44430425234185,3.19844788408199));
#7700=CARTESIAN_POINT('',(1.29903810567665,-4.44956761736514,3.25));
#7701=CARTESIAN_POINT('',(1.29903810410492,-4.93461762405953,-3.43273701198933));
#7702=CARTESIAN_POINT('',(1.29903810567666,-4.96709904930153,-3.25));
#7703=CARTESIAN_POINT('',(1.29903810569546,-4.96207196539256,-3.27827433376111));
#7704=CARTESIAN_POINT('',(1.29903810573532,-4.95665657742025,-3.30873645041586));
#7705=CARTESIAN_POINT('',(1.29903810560131,-4.94621825918955,-3.36746081333932));
#7706=CARTESIAN_POINT('',(1.29903810881928,-4.94041760205766,-3.4000987103838));
#7707=CARTESIAN_POINT('',(1.29903810518923,-4.93500643435238,-3.43054903523246));
#7708=CARTESIAN_POINT('',(1.29903810489079,-4.93461762405953,-3.43273701198933));
#7709=CARTESIAN_POINT('',(1.29903810410492,-4.7446784994338,-3.43273701198933));
#7710=CARTESIAN_POINT('',(1.29903810489079,-4.7446784994338,-3.43273701198933));
#7711=CARTESIAN_POINT('',(1.29903810552488,-4.74035665507775,-3.40432690491889));
#7712=CARTESIAN_POINT('',(1.29903810568057,-4.73574099900007,-3.37387874583289));
#7713=CARTESIAN_POINT('',(1.29903810567344,-4.72685191490296,-3.31500275453945));
#7714=CARTESIAN_POINT('',(1.29903810567673,-4.72196501337131,-3.28250283384122));
#7715=CARTESIAN_POINT('',(1.29903810567667,-4.71740380817545,-3.25203623666741));
#7716=CARTESIAN_POINT('',(1.29903810567666,-4.71709904930153,-3.25));
#7717=CARTESIAN_POINT('',(1.29903810489079,-4.93461762408989,-3.43273701169193));
#7718=CARTESIAN_POINT('',(1.29903810530805,-4.93426488331789,-3.43472281972528));
#7719=CARTESIAN_POINT('',(1.29903810603285,-4.93304428871527,-3.44064325842552));
#7720=CARTESIAN_POINT('',(1.29903810562065,-4.93077678208172,-3.44836393658815));
#7721=CARTESIAN_POINT('',(1.29903810568715,-4.92787887737691,-3.45586809237692));
#7722=CARTESIAN_POINT('',(1.29903810567057,-4.92458203755743,-3.46316918653506));
#7723=CARTESIAN_POINT('',(1.29903810567761,-4.92069494756093,-3.47014749343972));
#7724=CARTESIAN_POINT('',(1.29903810567648,-4.9162445848758,-3.47675386698131));
#7725=CARTESIAN_POINT('',(1.29903810567677,-4.91145537116431,-3.48305616423629));
#7726=CARTESIAN_POINT('',(1.29903810567664,-4.90615457438544,-3.48890497382685));
#7727=CARTESIAN_POINT('',(1.29903810567667,-4.9003907769129,-3.49424635803049));
#7728=CARTESIAN_POINT('',(1.29903810567664,-4.89436686633354,-3.49920411142084));
#7729=CARTESIAN_POINT('',(1.29903810567667,-4.88793739866689,-3.50359642691531));
#7730=CARTESIAN_POINT('',(1.29903810567666,-4.88117665991758,-3.50737260220726));
#7731=CARTESIAN_POINT('',(1.29903810567666,-4.87424522556348,-3.51071056416064));
#7732=CARTESIAN_POINT('',(1.29903810567667,-4.86703862083792,-3.51339713225924));
#7733=CARTESIAN_POINT('',(1.29903810567666,-4.85965650695832,-3.51539525323267));
#7734=CARTESIAN_POINT('',(1.29903810567666,-4.85219756579418,-3.51692484365466));
#7735=CARTESIAN_POINT('',(1.29903810567664,-4.84587270226013,-3.51761311318131));
#7736=CARTESIAN_POINT('',(1.29903810567667,-4.84070394544307,-3.5177947987935));
#7737=CARTESIAN_POINT('',(1.29903810567665,-4.83691625635768,-3.5178417258088));
#7738=CARTESIAN_POINT('',(1.29903810567667,-4.83059613699804,-3.51758864963032));
#7739=CARTESIAN_POINT('',(1.29903810567664,-4.82444492448183,-3.51676795009229));
#7740=CARTESIAN_POINT('',(1.29903810567668,-4.81702394237221,-3.51529894788565));
#7741=CARTESIAN_POINT('',(1.29903810567667,-4.8109223207454,-3.51362007978873));
#7742=CARTESIAN_POINT('',(1.29903810567665,-4.80385370729829,-3.51094123258851));
#7743=CARTESIAN_POINT('',(1.29903810567666,-4.79698955711936,-3.50784282249425));
#7744=CARTESIAN_POINT('',(1.29903810567668,-4.79038502528619,-3.50410165486379));
#7745=CARTESIAN_POINT('',(1.29903810567664,-4.78560549145061,-3.50078367691134));
#7746=CARTESIAN_POINT('',(1.29903810567666,-4.78364301794933,-3.49932415478999));
#7747=CARTESIAN_POINT('',(1.29903810567665,-4.7828621253822,-3.49873398780431));
#7748=CARTESIAN_POINT('',(1.29903810567666,-4.78146216784695,-3.49764517674271));
#7749=CARTESIAN_POINT('',(1.29903810567666,-4.77935031260312,-3.49592719812833));
#7750=CARTESIAN_POINT('',(1.29903810567666,-4.77566288148474,-3.49270683268788));
#7751=CARTESIAN_POINT('',(1.29903810567666,-4.77162839598878,-3.48871475899778));
#7752=CARTESIAN_POINT('',(1.29903810567667,-4.76730360068756,-3.48382531709109));
#7753=CARTESIAN_POINT('',(1.29903810567657,-4.76254177602034,-3.4777605541224));
#7754=CARTESIAN_POINT('',(1.29903810567707,-4.75849253686103,-3.47151584603407));
#7755=CARTESIAN_POINT('',(1.29903810567603,-4.75484100803098,-3.46480800233533));
#7756=CARTESIAN_POINT('',(1.29903810568215,-4.75164943148931,-3.45808957093863));
#7757=CARTESIAN_POINT('',(1.29903810565758,-4.74943428363007,-3.45214933858639));
#7758=CARTESIAN_POINT('',(1.29903810569685,-4.74736344592046,-3.44548962555303));
#7759=CARTESIAN_POINT('',(1.29903810476765,-4.74604731724413,-3.44043346845574));
#7760=CARTESIAN_POINT('',(1.29903810696079,-4.74507322822236,-3.43526375610163));
#7761=CARTESIAN_POINT('',(1.29903810521183,-4.74472870237111,-3.43306703045047));
#7762=CARTESIAN_POINT('',(1.29903810489079,-4.74467849946416,-3.43273701169194));
#7763=AXIS2_PLACEMENT_3D('',#7764,#7765,#7766);
#7764=CARTESIAN_POINT('',(0.,-8.,-4.89858719658941E-16));
#7765=DIRECTION('',(0.,-1.,-6.12323399573677E-17));
#7766=DIRECTION('',(-0.37115374447904,-5.68586013889844E-17,0.928571428571431));
#7767=CARTESIAN_POINT('',(-2.04107799857892E-16,-8.,-2.));
#7768=AXIS2_PLACEMENT_3D('',#7769,#7770,#7771);
#7769=CARTESIAN_POINT('',(0.,-8.,-4.89858719658941E-16));
#7770=DIRECTION('',(0.,-1.,-6.12323399573677E-17));
#7771=DIRECTION('',(6.12323399573677E-17,6.12323399573677E-17,-1.));
#7772=CARTESIAN_POINT('',(2.5,-8.,-1.));
#7773=CARTESIAN_POINT('',(3.,-8.,-1.));
#7774=CARTESIAN_POINT('',(2.5,-8.,-1.));
#7775=VECTOR('',#7776,1.);
#7776=DIRECTION('',(1.,0.,0.));
#7777=CARTESIAN_POINT('',(2.5,-8.,1.));
#7778=CARTESIAN_POINT('',(2.5,-8.,1.));
#7779=VECTOR('',#7780,1.);
#7780=DIRECTION('',(0.,0.,-1.));
#7781=CARTESIAN_POINT('',(3.,-8.,1.));
#7782=CARTESIAN_POINT('',(3.,-8.,1.));
#7783=VECTOR('',#7784,1.);
#7784=DIRECTION('',(-1.,0.,4.44089209850063E-16));
#7785=CARTESIAN_POINT('',(3.,-8.,-1.));
#7786=VECTOR('',#7787,1.);
#7787=DIRECTION('',(0.,0.,1.));
#7788=CARTESIAN_POINT('',(-2.5,-8.,-1.));
#7789=CARTESIAN_POINT('',(-2.5,-8.,1.));
#7790=CARTESIAN_POINT('',(-2.5,-8.,-1.));
#7791=VECTOR('',#7792,1.);
#7792=DIRECTION('',(0.,0.,1.));
#7793=CARTESIAN_POINT('',(-3.,-8.,-1.));
#7794=CARTESIAN_POINT('',(-3.,-8.,-1.));
#7795=VECTOR('',#7796,1.);
#7796=DIRECTION('',(1.,0.,0.));
#7797=CARTESIAN_POINT('',(-3.,-8.,1.));
#7798=CARTESIAN_POINT('',(-3.,-8.,1.));
#7799=VECTOR('',#7800,1.);
#7800=DIRECTION('',(0.,0.,-1.));
#7801=CARTESIAN_POINT('',(-2.5,-8.,1.));
#7802=VECTOR('',#7803,1.);
#7803=DIRECTION('',(-1.,0.,0.));
#7804=CARTESIAN_POINT('',(-1.29903810567666,-4.55043238263487,3.25));
#7805=CARTESIAN_POINT('',(-1.42801382702103,-4.55569574765815,3.19844788408201));
#7806=CARTESIAN_POINT('',(-1.6798200053653,-4.56622247770471,3.07997056482701));
#7807=CARTESIAN_POINT('',(-2.03374805355722,-4.58201257277456,2.85865053430781));
#7808=CARTESIAN_POINT('',(-2.35888372914838,-4.59780266784441,2.59685993660673));
#7809=CARTESIAN_POINT('',(-2.65062414348787,-4.61359276291425,2.29830495041588));
#7810=CARTESIAN_POINT('',(-2.9048390201888,-4.6293828579841,1.9672123057805));
#7811=CARTESIAN_POINT('',(-3.11792938725495,-4.64517295305395,1.60826935779953));
#7812=CARTESIAN_POINT('',(-3.28687846997414,-4.66096304812379,1.2265577500343));
#7813=CARTESIAN_POINT('',(-3.40929441584007,-4.67675314319364,0.827481466167179));
#7814=CARTESIAN_POINT('',(-3.48344415237959,-4.69254323826348,0.416690326174027));
#7815=CARTESIAN_POINT('',(-3.5082779238102,-4.70833333333333,6.75987044118642E-14));
#7816=CARTESIAN_POINT('',(-3.48344415237961,-4.72412342840318,-0.416690326173892));
#7817=CARTESIAN_POINT('',(-3.4092944158401,-4.73991352347303,-0.827481466167048));
#7818=CARTESIAN_POINT('',(-3.28687846997418,-4.75570361854287,-1.22655775003417));
#7819=CARTESIAN_POINT('',(-3.11792938725501,-4.77149371361272,-1.60826935779941));
#7820=CARTESIAN_POINT('',(-2.90483902018888,-4.78728380868256,-1.96721230578039));
#7821=CARTESIAN_POINT('',(-2.65062414348795,-4.80307390375241,-2.29830495041578));
#7822=CARTESIAN_POINT('',(-2.35888372914848,-4.81886399882226,-2.59685993660664));
#7823=CARTESIAN_POINT('',(-2.03374805355733,-4.8346540938921,-2.85865053430773));
#7824=CARTESIAN_POINT('',(-1.67982000536538,-4.85044418896195,-3.07997056482697));
#7825=CARTESIAN_POINT('',(-1.42801382702108,-4.86097091900852,-3.19844788408199));
#7826=CARTESIAN_POINT('',(-1.29903810567667,-4.8662342840318,-3.25));
#7827=CARTESIAN_POINT('',(-1.29903810410492,-4.83865483389954,-3.43273701198933));
#7828=CARTESIAN_POINT('',(-1.29903810567666,-4.8662342840318,-3.25));
#7829=CARTESIAN_POINT('',(-1.29903810569737,-4.86200180004195,-3.27827910140597));
#7830=CARTESIAN_POINT('',(-1.29903810573641,-4.85742360930889,-3.30874394348281));
#7831=CARTESIAN_POINT('',(-1.2990381056004,-4.84856242691357,-3.36746820111436));
#7832=CARTESIAN_POINT('',(-1.29903810881873,-4.84361786637964,-3.40010386774327));
#7833=CARTESIAN_POINT('',(-1.29903810518925,-4.83898767331209,-3.4305490637968));
#7834=CARTESIAN_POINT('',(-1.29903810489079,-4.83865483389954,-3.43273701198933));
#7835=CARTESIAN_POINT('',(-1.29903810410492,-4.64871570927381,-3.43273701198933));
#7836=CARTESIAN_POINT('',(-1.29903810489079,-4.83865483386918,-3.43273701169194));
#7837=CARTESIAN_POINT('',(-1.29903810530831,-4.83835332263313,-3.43472021265443));
#7838=CARTESIAN_POINT('',(-1.29903810603207,-4.83728585360964,-3.44063162878862));
#7839=CARTESIAN_POINT('',(-1.2990381056212,-4.83521825263153,-3.44834427612059));
#7840=CARTESIAN_POINT('',(-1.29903810568711,-4.83250992254659,-3.45585395182716));
#7841=CARTESIAN_POINT('',(-1.29903810567062,-4.82939959444824,-3.46315370831112));
#7842=CARTESIAN_POINT('',(-1.29903810567759,-4.825685449709,-3.47013840629197));
#7843=CARTESIAN_POINT('',(-1.29903810567648,-4.82139927220084,-3.47674807685881));
#7844=CARTESIAN_POINT('',(-1.29903810567676,-4.81676787838221,-3.48305106238312));
#7845=CARTESIAN_POINT('',(-1.29903810567664,-4.81160715878446,-3.48890636698074));
#7846=CARTESIAN_POINT('',(-1.29903810567667,-4.80597472832686,-3.494248467589));
#7847=CARTESIAN_POINT('',(-1.29903810567666,-4.80007116457248,-3.49920782357679));
#7848=CARTESIAN_POINT('',(-1.29903810567665,-4.79374311346347,-3.50360427945902));
#7849=CARTESIAN_POINT('',(-1.29903810567666,-4.78707579336328,-3.50737868721804));
#7850=CARTESIAN_POINT('',(-1.29903810567664,-4.7802214139773,-3.51071753430127));
#7851=CARTESIAN_POINT('',(-1.29903810567683,-4.77425881323399,-3.51295971861153));
#7852=CARTESIAN_POINT('',(-1.29903810567644,-4.76697575662411,-3.51510599489124));
#7853=CARTESIAN_POINT('',(-1.29903810568162,-4.76018978518413,-3.51665155119036));
#7854=CARTESIAN_POINT('',(-1.29903810566501,-4.75327874789435,-3.51747725015706));
#7855=CARTESIAN_POINT('',(-1.29903810568734,-4.74812595658902,-3.51776619232703));
#7856=CARTESIAN_POINT('',(-1.299038105539,-4.74371364921902,-3.51786680382396));
#7857=CARTESIAN_POINT('',(-1.29903810652009,-4.73802198868632,-3.51763909596234));
#7858=CARTESIAN_POINT('',(-1.29903810330744,-4.73186272538996,-3.51695073859907));
#7859=CARTESIAN_POINT('',(-1.29903810706138,-4.72441488408597,-3.51564563162689));
#7860=CARTESIAN_POINT('',(-1.29903810544851,-4.71708470937564,-3.51364954421771));
#7861=CARTESIAN_POINT('',(-1.2990381057173,-4.71003431021868,-3.51101386863));
#7862=CARTESIAN_POINT('',(-1.29903810566396,-4.70472607256507,-3.5086591038191));
#7863=CARTESIAN_POINT('',(-1.29903810567725,-4.70094233716473,-3.50669519084687));
#7864=CARTESIAN_POINT('',(-1.29903810567659,-4.69841070032552,-3.50525591665583));
#7865=CARTESIAN_POINT('',(-1.29903810567669,-4.69696031560463,-3.50440556128104));
#7866=CARTESIAN_POINT('',(-1.29903810567663,-4.69467194221351,-3.50300120779742));
#7867=CARTESIAN_POINT('',(-1.29903810567666,-4.69230747210752,-3.50143606502598));
#7868=CARTESIAN_POINT('',(-1.29903810567667,-4.68890524811355,-3.49902986797329));
#7869=CARTESIAN_POINT('',(-1.29903810567666,-4.68363669418255,-3.49495734480203));
#7870=CARTESIAN_POINT('',(-1.29903810567665,-4.67815064316903,-3.48985446820009));
#7871=CARTESIAN_POINT('',(-1.29903810567666,-4.67291124999088,-3.48415085184805));
#7872=CARTESIAN_POINT('',(-1.29903810567665,-4.66804769374099,-3.47821523477746));
#7873=CARTESIAN_POINT('',(-1.2990381056767,-4.66429426812921,-3.47268773202217));
#7874=CARTESIAN_POINT('',(-1.29903810567661,-4.66048022385108,-3.46627147299326));
#7875=CARTESIAN_POINT('',(-1.29903810567865,-4.65773721068682,-3.46106126576689));
#7876=CARTESIAN_POINT('',(-1.29903810567294,-4.65516239458063,-3.45511745072043));
#7877=CARTESIAN_POINT('',(-1.29903810568351,-4.65349960058855,-3.45074892280716));
#7878=CARTESIAN_POINT('',(-1.29903810561601,-4.65158162700743,-3.44514813919637));
#7879=CARTESIAN_POINT('',(-1.29903810612083,-4.64993074762375,-3.43901398355843));
#7880=CARTESIAN_POINT('',(-1.29903810529263,-4.64897157536964,-3.43417711954151));
#7881=CARTESIAN_POINT('',(-1.29903810489079,-4.64871570924345,-3.43273701169194));
#7882=CARTESIAN_POINT('',(-1.29903810489079,-4.64871570927381,-3.43273701198933));
#7883=CARTESIAN_POINT('',(-1.29903810552491,-4.64366672007943,-3.40432451479134));
#7884=CARTESIAN_POINT('',(-1.29903810568061,-4.63825483369651,-3.37387352055631));
#7885=CARTESIAN_POINT('',(-1.29903810567339,-4.62779012124371,-3.31499959204558));
#7886=CARTESIAN_POINT('',(-1.29903810567676,-4.62201256118585,-3.28249962208205));
#7887=CARTESIAN_POINT('',(-1.29903810567667,-4.61659670617223,-3.25203840746607));
#7888=CARTESIAN_POINT('',(-1.29903810567666,-4.6162342840318,-3.25));
#7889=CARTESIAN_POINT('',(-1.29903810567666,-3.71709904930153,3.25));
#7890=CARTESIAN_POINT('',(-1.42801382702103,-3.72236241432482,3.19844788408201));
#7891=CARTESIAN_POINT('',(-1.6798200053653,-3.73288914437138,3.07997056482701));
#7892=CARTESIAN_POINT('',(-2.03374805355722,-3.74867923944123,2.85865053430781));
#7893=CARTESIAN_POINT('',(-2.35888372914838,-3.76446933451107,2.59685993660673));
#7894=CARTESIAN_POINT('',(-2.65062414348787,-3.78025942958092,2.29830495041588));
#7895=CARTESIAN_POINT('',(-2.9048390201888,-3.79604952465077,1.9672123057805));
#7896=CARTESIAN_POINT('',(-3.11792938725495,-3.81183961972061,1.60826935779953));
#7897=CARTESIAN_POINT('',(-3.28687846997414,-3.82762971479046,1.2265577500343));
#7898=CARTESIAN_POINT('',(-3.40929441584007,-3.84341980986031,0.827481466167177));
#7899=CARTESIAN_POINT('',(-3.48344415237959,-3.85920990493015,0.416690326174026));
#7900=CARTESIAN_POINT('',(-3.5082779238102,-3.875,6.67799149312032E-14));
#7901=CARTESIAN_POINT('',(-3.48344415237961,-3.89079009506984,-0.416690326173893));
#7902=CARTESIAN_POINT('',(-3.4092944158401,-3.90658019013969,-0.827481466167048));
#7903=CARTESIAN_POINT('',(-3.28687846997418,-3.92237028520954,-1.22655775003417));
#7904=CARTESIAN_POINT('',(-3.11792938725501,-3.93816038027938,-1.60826935779941));
#7905=CARTESIAN_POINT('',(-2.90483902018888,-3.95395047534923,-1.96721230578039));
#7906=CARTESIAN_POINT('',(-2.65062414348795,-3.96974057041908,-2.29830495041578));
#7907=CARTESIAN_POINT('',(-2.35888372914848,-3.98553066548892,-2.59685993660664));
#7908=CARTESIAN_POINT('',(-2.03374805355733,-4.00132076055877,-2.85865053430773));
#7909=CARTESIAN_POINT('',(-1.67982000536538,-4.01711085562862,-3.07997056482697));
#7910=CARTESIAN_POINT('',(-1.42801382702107,-4.02763758567519,-3.19844788408199));
#7911=CARTESIAN_POINT('',(-1.29903810567664,-4.03290095069847,-3.25000000000001));
#7912=CARTESIAN_POINT('',(-1.29903810567666,-4.30043238263487,3.25));
#7913=CARTESIAN_POINT('',(-1.42801382702103,-4.30569574765815,3.19844788408201));
#7914=CARTESIAN_POINT('',(-1.6798200053653,-4.31622247770471,3.07997056482701));
#7915=CARTESIAN_POINT('',(-2.03374805355722,-4.33201257277456,2.85865053430781));
#7916=CARTESIAN_POINT('',(-2.35888372914838,-4.34780266784441,2.59685993660673));
#7917=CARTESIAN_POINT('',(-2.65062414348787,-4.36359276291425,2.29830495041588));
#7918=CARTESIAN_POINT('',(-2.9048390201888,-4.3793828579841,1.9672123057805));
#7919=CARTESIAN_POINT('',(-3.11792938725495,-4.39517295305395,1.60826935779953));
#7920=CARTESIAN_POINT('',(-3.28687846997414,-4.41096304812379,1.2265577500343));
#7921=CARTESIAN_POINT('',(-3.40929441584007,-4.42675314319364,0.827481466167177));
#7922=CARTESIAN_POINT('',(-3.48344415237959,-4.44254323826348,0.416690326174026));
#7923=CARTESIAN_POINT('',(-3.5082779238102,-4.45833333333333,6.67382815677797E-14));
#7924=CARTESIAN_POINT('',(-3.48344415237961,-4.47412342840318,-0.416690326173893));
#7925=CARTESIAN_POINT('',(-3.4092944158401,-4.48991352347303,-0.827481466167048));
#7926=CARTESIAN_POINT('',(-3.28687846997418,-4.50570361854287,-1.22655775003417));
#7927=CARTESIAN_POINT('',(-3.11792938725501,-4.52149371361272,-1.60826935779941));
#7928=CARTESIAN_POINT('',(-2.90483902018888,-4.53728380868256,-1.96721230578039));
#7929=CARTESIAN_POINT('',(-2.65062414348795,-4.55307390375241,-2.29830495041578));
#7930=CARTESIAN_POINT('',(-2.35888372914848,-4.56886399882226,-2.59685993660664));
#7931=CARTESIAN_POINT('',(-2.03374805355733,-4.5846540938921,-2.85865053430773));
#7932=CARTESIAN_POINT('',(-1.67982000536538,-4.60044418896195,-3.07997056482697));
#7933=CARTESIAN_POINT('',(-1.42801382702108,-4.61097091900852,-3.19844788408199));
#7934=CARTESIAN_POINT('',(-1.29903810567666,-4.6162342840318,-3.25));
#7935=CARTESIAN_POINT('',(-1.29903810410494,-4.0053215005662,-3.43273701198932));
#7936=CARTESIAN_POINT('',(-1.29903810567666,-4.03290095069847,-3.25));
#7937=CARTESIAN_POINT('',(-1.29903810569733,-4.02866846670862,-3.27827910140596));
#7938=CARTESIAN_POINT('',(-1.29903810573639,-4.02409027597556,-3.30874394348281));
#7939=CARTESIAN_POINT('',(-1.29903810560042,-4.01522909358024,-3.36746820111435));
#7940=CARTESIAN_POINT('',(-1.29903810881868,-4.01028453304631,-3.40010386774328));
#7941=CARTESIAN_POINT('',(-1.29903810518925,-4.00565433997876,-3.4305490637968));
#7942=CARTESIAN_POINT('',(-1.2990381048908,-4.00532150056621,-3.43273701198932));
#7943=CARTESIAN_POINT('',(-1.29903810410494,-3.81538237594047,-3.43273701198932));
#7944=CARTESIAN_POINT('',(-1.2990381048908,-4.00532150053584,-3.43273701169193));
#7945=CARTESIAN_POINT('',(-1.29903810530831,-4.0050199892998,-3.43472021265443));
#7946=CARTESIAN_POINT('',(-1.29903810603206,-4.0039525202763,-3.44063162878862));
#7947=CARTESIAN_POINT('',(-1.29903810562121,-4.0018849192982,-3.44834427612059));
#7948=CARTESIAN_POINT('',(-1.29903810568711,-3.99917658921325,-3.45585395182716));
#7949=CARTESIAN_POINT('',(-1.29903810567061,-3.99606626111491,-3.46315370831112));
#7950=CARTESIAN_POINT('',(-1.29903810567759,-3.99235211637566,-3.47013840629196));
#7951=CARTESIAN_POINT('',(-1.29903810567648,-3.98806593886751,-3.47674807685881));
#7952=CARTESIAN_POINT('',(-1.29903810567677,-3.98343454504887,-3.48305106238312));
#7953=CARTESIAN_POINT('',(-1.29903810567664,-3.97827382545113,-3.48890636698073));
#7954=CARTESIAN_POINT('',(-1.29903810567666,-3.97264139499353,-3.494248467589));
#7955=CARTESIAN_POINT('',(-1.29903810567666,-3.96673783123915,-3.4992078235768));
#7956=CARTESIAN_POINT('',(-1.29903810567666,-3.96040978013013,-3.50360427945902));
#7957=CARTESIAN_POINT('',(-1.29903810567667,-3.95374246002994,-3.50737868721804));
#7958=CARTESIAN_POINT('',(-1.29903810567663,-3.94688808064398,-3.51071753430127));
#7959=CARTESIAN_POINT('',(-1.29903810567682,-3.94092547990065,-3.51295971861153));
#7960=CARTESIAN_POINT('',(-1.29903810567646,-3.93364242329077,-3.51510599489124));
#7961=CARTESIAN_POINT('',(-1.29903810568162,-3.9268564518508,-3.51665155119036));
#7962=CARTESIAN_POINT('',(-1.299038105665,-3.91994541456101,-3.51747725015707));
#7963=CARTESIAN_POINT('',(-1.29903810568735,-3.91479262325568,-3.51776619232703));
#7964=CARTESIAN_POINT('',(-1.299038105539,-3.91038031588568,-3.51786680382396));
#7965=CARTESIAN_POINT('',(-1.2990381065201,-3.90468865535298,-3.51763909596233));
#7966=CARTESIAN_POINT('',(-1.29903810330744,-3.89852939205663,-3.51695073859907));
#7967=CARTESIAN_POINT('',(-1.29903810706137,-3.89108155075264,-3.51564563162689));
#7968=CARTESIAN_POINT('',(-1.29903810544852,-3.8837513760423,-3.5136495442177));
#7969=CARTESIAN_POINT('',(-1.29903810571729,-3.87670097688535,-3.51101386863));
#7970=CARTESIAN_POINT('',(-1.29903810566399,-3.87139273923174,-3.50865910381909));
#7971=CARTESIAN_POINT('',(-1.29903810567722,-3.86760900383138,-3.50669519084687));
#7972=CARTESIAN_POINT('',(-1.2990381056766,-3.86507736699218,-3.50525591665582));
#7973=CARTESIAN_POINT('',(-1.2990381056767,-3.86362698227129,-3.50440556128104));
#7974=CARTESIAN_POINT('',(-1.29903810567664,-3.86133860888017,-3.50300120779742));
#7975=CARTESIAN_POINT('',(-1.29903810567666,-3.85897413877418,-3.50143606502598));
#7976=CARTESIAN_POINT('',(-1.29903810567666,-3.85557191478022,-3.4990298679733));
#7977=CARTESIAN_POINT('',(-1.29903810567666,-3.85030336084922,-3.49495734480203));
#7978=CARTESIAN_POINT('',(-1.29903810567666,-3.84481730983569,-3.48985446820009));
#7979=CARTESIAN_POINT('',(-1.29903810567666,-3.83957791665754,-3.48415085184805));
#7980=CARTESIAN_POINT('',(-1.29903810567665,-3.83471436040766,-3.47821523477746));
#7981=CARTESIAN_POINT('',(-1.29903810567672,-3.83096093479587,-3.47268773202216));
#7982=CARTESIAN_POINT('',(-1.2990381056766,-3.82714689051773,-3.46627147299325));
#7983=CARTESIAN_POINT('',(-1.29903810567866,-3.82440387735349,-3.46106126576688));
#7984=CARTESIAN_POINT('',(-1.29903810567294,-3.8218290612473,-3.45511745072043));
#7985=CARTESIAN_POINT('',(-1.29903810568351,-3.82016626725522,-3.45074892280716));
#7986=CARTESIAN_POINT('',(-1.29903810561601,-3.8182482936741,-3.44514813919637));
#7987=CARTESIAN_POINT('',(-1.29903810612082,-3.81659741429041,-3.43901398355843));
#7988=CARTESIAN_POINT('',(-1.29903810529263,-3.81563824203631,-3.43417711954151));
#7989=CARTESIAN_POINT('',(-1.2990381048908,-3.81538237591011,-3.43273701169193));
#7990=CARTESIAN_POINT('',(-1.2990381048908,-3.81538237594047,-3.43273701198932));
#7991=CARTESIAN_POINT('',(-1.29903810552488,-3.8103333867461,-3.40432451479134));
#7992=CARTESIAN_POINT('',(-1.29903810568059,-3.80492150036317,-3.3738735205563));
#7993=CARTESIAN_POINT('',(-1.29903810567341,-3.79445678791037,-3.31499959204558));
#7994=CARTESIAN_POINT('',(-1.29903810567673,-3.7886792278525,-3.28249962208205));
#7995=CARTESIAN_POINT('',(-1.29903810567667,-3.78326337283889,-3.25203840746607));
#7996=CARTESIAN_POINT('',(-1.29903810567666,-3.78290095069847,-3.25));
#7997=CARTESIAN_POINT('',(-1.29903810567666,-2.8837657159682,3.25));
#7998=CARTESIAN_POINT('',(-1.42801382702103,-2.88902908099148,3.19844788408201));
#7999=CARTESIAN_POINT('',(-1.6798200053653,-2.89955581103805,3.07997056482701));
#8000=CARTESIAN_POINT('',(-2.03374805355722,-2.91534590610789,2.85865053430781));
#8001=CARTESIAN_POINT('',(-2.35888372914838,-2.93113600117774,2.59685993660673));
#8002=CARTESIAN_POINT('',(-2.65062414348787,-2.94692609624759,2.29830495041588));
#8003=CARTESIAN_POINT('',(-2.9048390201888,-2.96271619131743,1.9672123057805));
#8004=CARTESIAN_POINT('',(-3.11792938725495,-2.97850628638728,1.60826935779953));
#8005=CARTESIAN_POINT('',(-3.28687846997414,-2.99429638145712,1.2265577500343));
#8006=CARTESIAN_POINT('',(-3.40929441584007,-3.01008647652697,0.827481466167177));
#8007=CARTESIAN_POINT('',(-3.48344415237959,-3.02587657159682,0.416690326174025));
#8008=CARTESIAN_POINT('',(-3.5082779238102,-3.04166666666667,6.60305143895812E-14));
#8009=CARTESIAN_POINT('',(-3.48344415237961,-3.05745676173651,-0.416690326173894));
#8010=CARTESIAN_POINT('',(-3.4092944158401,-3.07324685680636,-0.827481466167049));
#8011=CARTESIAN_POINT('',(-3.28687846997418,-3.0890369518762,-1.22655775003417));
#8012=CARTESIAN_POINT('',(-3.11792938725501,-3.10482704694605,-1.60826935779941));
#8013=CARTESIAN_POINT('',(-2.90483902018888,-3.1206171420159,-1.96721230578039));
#8014=CARTESIAN_POINT('',(-2.65062414348795,-3.13640723708574,-2.29830495041578));
#8015=CARTESIAN_POINT('',(-2.35888372914848,-3.15219733215559,-2.59685993660664));
#8016=CARTESIAN_POINT('',(-2.03374805355733,-3.16798742722544,-2.85865053430773));
#8017=CARTESIAN_POINT('',(-1.67982000536538,-3.18377752229529,-3.07997056482697));
#8018=CARTESIAN_POINT('',(-1.42801382702108,-3.19430425234185,-3.19844788408199));
#8019=CARTESIAN_POINT('',(-1.29903810567666,-3.19956761736514,-3.25));
#8020=CARTESIAN_POINT('',(-1.29903810567666,-3.46709904930153,3.25));
#8021=CARTESIAN_POINT('',(-1.42801382702103,-3.47236241432481,3.19844788408201));
#8022=CARTESIAN_POINT('',(-1.6798200053653,-3.48288914437138,3.07997056482701));
#8023=CARTESIAN_POINT('',(-2.03374805355722,-3.49867923944123,2.85865053430781));
#8024=CARTESIAN_POINT('',(-2.35888372914838,-3.51446933451107,2.59685993660673));
#8025=CARTESIAN_POINT('',(-2.65062414348787,-3.53025942958092,2.29830495041588));
#8026=CARTESIAN_POINT('',(-2.9048390201888,-3.54604952465077,1.9672123057805));
#8027=CARTESIAN_POINT('',(-3.11792938725495,-3.56183961972061,1.60826935779953));
#8028=CARTESIAN_POINT('',(-3.28687846997414,-3.57762971479046,1.2265577500343));
#8029=CARTESIAN_POINT('',(-3.40929441584007,-3.59341980986031,0.827481466167177));
#8030=CARTESIAN_POINT('',(-3.48344415237959,-3.60920990493015,0.416690326174025));
#8031=CARTESIAN_POINT('',(-3.5082779238102,-3.625,6.59611254505421E-14));
#8032=CARTESIAN_POINT('',(-3.48344415237961,-3.64079009506985,-0.416690326173894));
#8033=CARTESIAN_POINT('',(-3.4092944158401,-3.65658019013969,-0.827481466167049));
#8034=CARTESIAN_POINT('',(-3.28687846997418,-3.67237028520954,-1.22655775003417));
#8035=CARTESIAN_POINT('',(-3.11792938725501,-3.68816038027939,-1.60826935779941));
#8036=CARTESIAN_POINT('',(-2.90483902018888,-3.70395047534923,-1.96721230578039));
#8037=CARTESIAN_POINT('',(-2.65062414348795,-3.71974057041908,-2.29830495041578));
#8038=CARTESIAN_POINT('',(-2.35888372914848,-3.73553066548893,-2.59685993660664));
#8039=CARTESIAN_POINT('',(-2.03374805355733,-3.75132076055877,-2.85865053430773));
#8040=CARTESIAN_POINT('',(-1.67982000536538,-3.76711085562862,-3.07997056482697));
#8041=CARTESIAN_POINT('',(-1.42801382702108,-3.77763758567519,-3.19844788408199));
#8042=CARTESIAN_POINT('',(-1.29903810567666,-3.78290095069847,-3.25));
#8043=CARTESIAN_POINT('',(-1.29903810410493,-3.17198816723287,-3.43273701198933));
#8044=CARTESIAN_POINT('',(-1.29903810567666,-3.19956761736514,-3.25));
#8045=CARTESIAN_POINT('',(-1.29903810569728,-3.1953351333753,-3.27827910140597));
#8046=CARTESIAN_POINT('',(-1.29903810573635,-3.19075694264224,-3.30874394348281));
#8047=CARTESIAN_POINT('',(-1.29903810560045,-3.18189576024689,-3.36746820111435));
#8048=CARTESIAN_POINT('',(-1.29903810881871,-3.17695119971298,-3.40010386774328));
#8049=CARTESIAN_POINT('',(-1.29903810518925,-3.17232100664542,-3.4305490637968));
#8050=CARTESIAN_POINT('',(-1.29903810489079,-3.17198816723287,-3.43273701198933));
#8051=CARTESIAN_POINT('',(-1.29903810410493,-2.98204904260714,-3.43273701198933));
#8052=CARTESIAN_POINT('',(-1.29903810489079,-3.17198816720251,-3.43273701169193));
#8053=CARTESIAN_POINT('',(-1.29903810530831,-3.17168665596646,-3.43472021265443));
#8054=CARTESIAN_POINT('',(-1.29903810603206,-3.17061918694297,-3.44063162878862));
#8055=CARTESIAN_POINT('',(-1.2990381056212,-3.16855158596487,-3.44834427612059));
#8056=CARTESIAN_POINT('',(-1.29903810568711,-3.16584325587992,-3.45585395182716));
#8057=CARTESIAN_POINT('',(-1.29903810567061,-3.16273292778158,-3.46315370831112));
#8058=CARTESIAN_POINT('',(-1.29903810567761,-3.15901878304232,-3.47013840629196));
#8059=CARTESIAN_POINT('',(-1.29903810567648,-3.15473260553418,-3.47674807685881));
#8060=CARTESIAN_POINT('',(-1.29903810567677,-3.15010121171554,-3.48305106238312));
#8061=CARTESIAN_POINT('',(-1.29903810567664,-3.1449404921178,-3.48890636698073));
#8062=CARTESIAN_POINT('',(-1.29903810567666,-3.1393080616602,-3.494248467589));
#8063=CARTESIAN_POINT('',(-1.29903810567666,-3.13340449790581,-3.49920782357679));
#8064=CARTESIAN_POINT('',(-1.29903810567666,-3.1270764467968,-3.50360427945902));
#8065=CARTESIAN_POINT('',(-1.29903810567667,-3.12040912669661,-3.50737868721803));
#8066=CARTESIAN_POINT('',(-1.29903810567663,-3.11355474731064,-3.51071753430127));
#8067=CARTESIAN_POINT('',(-1.29903810567682,-3.10759214656732,-3.51295971861153));
#8068=CARTESIAN_POINT('',(-1.29903810567646,-3.10030908995744,-3.51510599489124));
#8069=CARTESIAN_POINT('',(-1.29903810568162,-3.09352311851747,-3.51665155119036));
#8070=CARTESIAN_POINT('',(-1.299038105665,-3.08661208122768,-3.51747725015707));
#8071=CARTESIAN_POINT('',(-1.29903810568735,-3.08145928992235,-3.51776619232703));
#8072=CARTESIAN_POINT('',(-1.299038105539,-3.07704698255235,-3.51786680382396));
#8073=CARTESIAN_POINT('',(-1.2990381065201,-3.07135532201965,-3.51763909596234));
#8074=CARTESIAN_POINT('',(-1.29903810330745,-3.0651960587233,-3.51695073859906));
#8075=CARTESIAN_POINT('',(-1.29903810706136,-3.0577482174193,-3.5156456316269));
#8076=CARTESIAN_POINT('',(-1.29903810544851,-3.05041804270897,-3.51364954421771));
#8077=CARTESIAN_POINT('',(-1.29903810571729,-3.04336764355201,-3.51101386863));
#8078=CARTESIAN_POINT('',(-1.29903810566398,-3.0380594058984,-3.5086591038191));
#8079=CARTESIAN_POINT('',(-1.29903810567723,-3.03427567049805,-3.50669519084687));
#8080=CARTESIAN_POINT('',(-1.29903810567659,-3.03174403365885,-3.50525591665582));
#8081=CARTESIAN_POINT('',(-1.2990381056767,-3.03029364893796,-3.50440556128104));
#8082=CARTESIAN_POINT('',(-1.29903810567664,-3.02800527554684,-3.50300120779742));
#8083=CARTESIAN_POINT('',(-1.29903810567666,-3.02564080544084,-3.50143606502598));
#8084=CARTESIAN_POINT('',(-1.29903810567667,-3.02223858144689,-3.49902986797329));
#8085=CARTESIAN_POINT('',(-1.29903810567666,-3.01697002751588,-3.49495734480203));
#8086=CARTESIAN_POINT('',(-1.29903810567666,-3.01148397650236,-3.48985446820008));
#8087=CARTESIAN_POINT('',(-1.29903810567666,-3.0062445833242,-3.48415085184804));
#8088=CARTESIAN_POINT('',(-1.29903810567665,-3.00138102707432,-3.47821523477745));
#8089=CARTESIAN_POINT('',(-1.29903810567672,-2.99762760146253,-3.47268773202216));
#8090=CARTESIAN_POINT('',(-1.29903810567659,-2.9938135571844,-3.46627147299325));
#8091=CARTESIAN_POINT('',(-1.29903810567866,-2.99107054402015,-3.46106126576688));
#8092=CARTESIAN_POINT('',(-1.29903810567294,-2.98849572791396,-3.45511745072042));
#8093=CARTESIAN_POINT('',(-1.29903810568351,-2.98683293392188,-3.45074892280716));
#8094=CARTESIAN_POINT('',(-1.29903810561601,-2.98491496034077,-3.44514813919637));
#8095=CARTESIAN_POINT('',(-1.29903810612082,-2.98326408095708,-3.43901398355843));
#8096=CARTESIAN_POINT('',(-1.29903810529263,-2.98230490870298,-3.43417711954151));
#8097=CARTESIAN_POINT('',(-1.29903810489079,-2.98204904257678,-3.43273701169194));
#8098=CARTESIAN_POINT('',(-1.29903810489079,-2.98204904260714,-3.43273701198933));
#8099=CARTESIAN_POINT('',(-1.29903810552488,-2.97700005341277,-3.40432451479134));
#8100=CARTESIAN_POINT('',(-1.29903810568059,-2.97158816702986,-3.3738735205563));
#8101=CARTESIAN_POINT('',(-1.29903810567341,-2.96112345457702,-3.31499959204558));
#8102=CARTESIAN_POINT('',(-1.29903810567675,-2.95534589451984,-3.28249962208198));
#8103=CARTESIAN_POINT('',(-1.29903810567667,-2.94993003950546,-3.25203840746607));
#8104=CARTESIAN_POINT('',(-1.29903810567666,-2.94956761736498,-3.25));
#8105=CARTESIAN_POINT('',(-1.29903810567666,-2.05043238263487,3.25));
#8106=CARTESIAN_POINT('',(-1.42801382702103,-2.05569574765815,3.19844788408201));
#8107=CARTESIAN_POINT('',(-1.6798200053653,-2.06622247770471,3.07997056482701));
#8108=CARTESIAN_POINT('',(-2.03374805355722,-2.08201257277456,2.85865053430781));
#8109=CARTESIAN_POINT('',(-2.35888372914838,-2.0978026678444,2.59685993660673));
#8110=CARTESIAN_POINT('',(-2.65062414348787,-2.11359276291425,2.29830495041588));
#8111=CARTESIAN_POINT('',(-2.9048390201888,-2.1293828579841,1.9672123057805));
#8112=CARTESIAN_POINT('',(-3.11792938725495,-2.14517295305395,1.60826935779952));
#8113=CARTESIAN_POINT('',(-3.28687846997414,-2.16096304812379,1.2265577500343));
#8114=CARTESIAN_POINT('',(-3.40929441584007,-2.17675314319364,0.827481466167176));
#8115=CARTESIAN_POINT('',(-3.48344415237959,-2.19254323826348,0.416690326174024));
#8116=CARTESIAN_POINT('',(-3.5082779238102,-2.20833333333333,6.51423359698811E-14));
#8117=CARTESIAN_POINT('',(-3.48344415237961,-2.22412342840318,-0.416690326173895));
#8118=CARTESIAN_POINT('',(-3.4092944158401,-2.23991352347302,-0.827481466167049));
#8119=CARTESIAN_POINT('',(-3.28687846997418,-2.25570361854287,-1.22655775003417));
#8120=CARTESIAN_POINT('',(-3.11792938725501,-2.27149371361272,-1.60826935779941));
#8121=CARTESIAN_POINT('',(-2.90483902018888,-2.28728380868256,-1.96721230578039));
#8122=CARTESIAN_POINT('',(-2.65062414348795,-2.30307390375241,-2.29830495041578));
#8123=CARTESIAN_POINT('',(-2.35888372914848,-2.31886399882226,-2.59685993660664));
#8124=CARTESIAN_POINT('',(-2.03374805355733,-2.3346540938921,-2.85865053430773));
#8125=CARTESIAN_POINT('',(-1.67982000536538,-2.35044418896195,-3.07997056482697));
#8126=CARTESIAN_POINT('',(-1.42801382702108,-2.36097091900852,-3.19844788408199));
#8127=CARTESIAN_POINT('',(-1.29903810567666,-2.3662342840318,-3.25));
#8128=CARTESIAN_POINT('',(-1.29903810567666,-2.6337657159682,3.25));
#8129=CARTESIAN_POINT('',(-1.42801382702103,-2.63902908099148,3.19844788408201));
#8130=CARTESIAN_POINT('',(-1.6798200053653,-2.64955581103805,3.07997056482701));
#8131=CARTESIAN_POINT('',(-2.03374805355722,-2.66534590610789,2.85865053430781));
#8132=CARTESIAN_POINT('',(-2.35888372914838,-2.68113600117774,2.59685993660673));
#8133=CARTESIAN_POINT('',(-2.65062414348787,-2.69692609624759,2.29830495041588));
#8134=CARTESIAN_POINT('',(-2.9048390201888,-2.71271619131743,1.9672123057805));
#8135=CARTESIAN_POINT('',(-3.11792938725495,-2.72850628638728,1.60826935779952));
#8136=CARTESIAN_POINT('',(-3.28687846997414,-2.74429638145713,1.2265577500343));
#8137=CARTESIAN_POINT('',(-3.40929441584007,-2.76008647652697,0.827481466167176));
#8138=CARTESIAN_POINT('',(-3.48344415237959,-2.77587657159682,0.416690326174024));
#8139=CARTESIAN_POINT('',(-3.5082779238102,-2.79166666666666,6.51007026064576E-14));
#8140=CARTESIAN_POINT('',(-3.48344415237961,-2.80745676173651,-0.416690326173895));
#8141=CARTESIAN_POINT('',(-3.4092944158401,-2.82324685680636,-0.827481466167049));
#8142=CARTESIAN_POINT('',(-3.28687846997418,-2.8390369518762,-1.22655775003417));
#8143=CARTESIAN_POINT('',(-3.11792938725501,-2.85482704694605,-1.60826935779941));
#8144=CARTESIAN_POINT('',(-2.90483902018888,-2.8706171420159,-1.96721230578039));
#8145=CARTESIAN_POINT('',(-2.65062414348795,-2.88640723708574,-2.29830495041578));
#8146=CARTESIAN_POINT('',(-2.35888372914848,-2.90219733215559,-2.59685993660664));
#8147=CARTESIAN_POINT('',(-2.03374805355733,-2.91798742722544,-2.85865053430773));
#8148=CARTESIAN_POINT('',(-1.67982000536538,-2.93377752229529,-3.07997056482697));
#8149=CARTESIAN_POINT('',(-1.42801382702108,-2.94430425234185,-3.19844788408199));
#8150=CARTESIAN_POINT('',(-1.29903810567666,-2.94956761736514,-3.25));
#8151=CARTESIAN_POINT('',(-1.29903810410494,-2.33865483389954,-3.43273701198932));
#8152=CARTESIAN_POINT('',(-1.29903810567666,-2.3662342840318,-3.25));
#8153=CARTESIAN_POINT('',(-1.29903810569733,-2.36200180004196,-3.27827910140597));
#8154=CARTESIAN_POINT('',(-1.29903810573639,-2.3574236093089,-3.30874394348281));
#8155=CARTESIAN_POINT('',(-1.29903810560042,-2.34856242691356,-3.36746820111435));
#8156=CARTESIAN_POINT('',(-1.29903810881868,-2.34361786637964,-3.40010386774327));
#8157=CARTESIAN_POINT('',(-1.29903810518925,-2.33898767331209,-3.4305490637968));
#8158=CARTESIAN_POINT('',(-1.2990381048908,-2.33865483389954,-3.43273701198932));
#8159=CARTESIAN_POINT('',(-1.29903810410493,-2.14871570927381,-3.43273701198933));
#8160=CARTESIAN_POINT('',(-1.2990381048908,-2.33865483386918,-3.43273701169193));
#8161=CARTESIAN_POINT('',(-1.29903810530831,-2.33835332263313,-3.43472021265443));
#8162=CARTESIAN_POINT('',(-1.29903810603205,-2.33728585360964,-3.44063162878862));
#8163=CARTESIAN_POINT('',(-1.2990381056212,-2.33521825263153,-3.44834427612059));
#8164=CARTESIAN_POINT('',(-1.29903810568711,-2.33250992254659,-3.45585395182716));
#8165=CARTESIAN_POINT('',(-1.29903810567061,-2.32939959444824,-3.46315370831112));
#8166=CARTESIAN_POINT('',(-1.2990381056776,-2.32568544970899,-3.47013840629196));
#8167=CARTESIAN_POINT('',(-1.29903810567648,-2.32139927220084,-3.47674807685881));
#8168=CARTESIAN_POINT('',(-1.29903810567677,-2.31676787838221,-3.48305106238312));
#8169=CARTESIAN_POINT('',(-1.29903810567664,-2.31160715878446,-3.48890636698073));
#8170=CARTESIAN_POINT('',(-1.29903810567666,-2.30597472832686,-3.494248467589));
#8171=CARTESIAN_POINT('',(-1.29903810567666,-2.30007116457248,-3.49920782357679));
#8172=CARTESIAN_POINT('',(-1.29903810567666,-2.29374311346346,-3.50360427945902));
#8173=CARTESIAN_POINT('',(-1.29903810567667,-2.28707579336328,-3.50737868721804));
#8174=CARTESIAN_POINT('',(-1.29903810567663,-2.28022141397731,-3.51071753430127));
#8175=CARTESIAN_POINT('',(-1.29903810567682,-2.27425881323399,-3.51295971861153));
#8176=CARTESIAN_POINT('',(-1.29903810567646,-2.26697575662411,-3.51510599489124));
#8177=CARTESIAN_POINT('',(-1.29903810568162,-2.26018978518413,-3.51665155119036));
#8178=CARTESIAN_POINT('',(-1.299038105665,-2.25327874789434,-3.51747725015707));
#8179=CARTESIAN_POINT('',(-1.29903810568735,-2.24812595658901,-3.51776619232703));
#8180=CARTESIAN_POINT('',(-1.299038105539,-2.24371364921902,-3.51786680382396));
#8181=CARTESIAN_POINT('',(-1.2990381065201,-2.23802198868632,-3.51763909596233));
#8182=CARTESIAN_POINT('',(-1.29903810330745,-2.23186272538996,-3.51695073859906));
#8183=CARTESIAN_POINT('',(-1.29903810706136,-2.22441488408597,-3.5156456316269));
#8184=CARTESIAN_POINT('',(-1.29903810544851,-2.21708470937564,-3.51364954421771));
#8185=CARTESIAN_POINT('',(-1.29903810571729,-2.21003431021868,-3.51101386863));
#8186=CARTESIAN_POINT('',(-1.29903810566398,-2.20472607256507,-3.5086591038191));
#8187=CARTESIAN_POINT('',(-1.29903810567723,-2.20094233716472,-3.50669519084687));
#8188=CARTESIAN_POINT('',(-1.29903810567659,-2.19841070032552,-3.50525591665582));
#8189=CARTESIAN_POINT('',(-1.2990381056767,-2.19696031560463,-3.50440556128104));
#8190=CARTESIAN_POINT('',(-1.29903810567664,-2.19467194221351,-3.50300120779742));
#8191=CARTESIAN_POINT('',(-1.29903810567666,-2.19230747210751,-3.50143606502598));
#8192=CARTESIAN_POINT('',(-1.29903810567667,-2.18890524811355,-3.49902986797329));
#8193=CARTESIAN_POINT('',(-1.29903810567666,-2.18363669418255,-3.49495734480203));
#8194=CARTESIAN_POINT('',(-1.29903810567666,-2.17815064316903,-3.48985446820009));
#8195=CARTESIAN_POINT('',(-1.29903810567666,-2.17291124999087,-3.48415085184804));
#8196=CARTESIAN_POINT('',(-1.29903810567665,-2.16804769374099,-3.47821523477746));
#8197=CARTESIAN_POINT('',(-1.29903810567673,-2.1642942681292,-3.47268773202216));
#8198=CARTESIAN_POINT('',(-1.29903810567659,-2.16048022385107,-3.46627147299326));
#8199=CARTESIAN_POINT('',(-1.29903810567866,-2.15773721068682,-3.46106126576688));
#8200=CARTESIAN_POINT('',(-1.29903810567294,-2.15516239458063,-3.45511745072043));
#8201=CARTESIAN_POINT('',(-1.29903810568351,-2.15349960058855,-3.45074892280716));
#8202=CARTESIAN_POINT('',(-1.29903810561601,-2.15158162700744,-3.44514813919637));
#8203=CARTESIAN_POINT('',(-1.29903810612082,-2.14993074762375,-3.43901398355843));
#8204=CARTESIAN_POINT('',(-1.29903810529262,-2.14897157536964,-3.43417711954151));
#8205=CARTESIAN_POINT('',(-1.29903810489079,-2.14871570924344,-3.43273701169194));
#8206=CARTESIAN_POINT('',(-1.29903810489079,-2.14871570927381,-3.43273701198933));
#8207=CARTESIAN_POINT('',(-1.29903810552488,-2.14366672007943,-3.40432451479134));
#8208=CARTESIAN_POINT('',(-1.29903810568059,-2.1382548336965,-3.3738735205563));
#8209=CARTESIAN_POINT('',(-1.29903810567341,-2.12779012124371,-3.31499959204559));
#8210=CARTESIAN_POINT('',(-1.29903810567672,-2.12201256118587,-3.28249962208205));
#8211=CARTESIAN_POINT('',(-1.29903810567667,-2.11659670617222,-3.25203840746607));
#8212=CARTESIAN_POINT('',(-1.29903810567666,-2.11623428403179,-3.25));
#8213=CARTESIAN_POINT('',(-1.29903810567666,-1.21709904930153,3.25));
#8214=CARTESIAN_POINT('',(-1.42801382702104,-1.22236241432481,3.198447884082));
#8215=CARTESIAN_POINT('',(-1.67982000536531,-1.23288914437138,3.07997056482701));
#8216=CARTESIAN_POINT('',(-2.03374805355723,-1.24867923944123,2.8586505343078));
#8217=CARTESIAN_POINT('',(-2.35888372914839,-1.26446933451107,2.59685993660672));
#8218=CARTESIAN_POINT('',(-2.65062414348788,-1.28025942958092,2.29830495041586));
#8219=CARTESIAN_POINT('',(-2.90483902018882,-1.29604952465077,1.96721230578047));
#8220=CARTESIAN_POINT('',(-3.11792938725496,-1.31183961972061,1.60826935779949));
#8221=CARTESIAN_POINT('',(-3.28687846997415,-1.32762971479046,1.22655775003425));
#8222=CARTESIAN_POINT('',(-3.40929441584008,-1.34341980986031,0.827481466167127));
#8223=CARTESIAN_POINT('',(-3.4834441523796,-1.35920990493015,0.416690326173968));
#8224=CARTESIAN_POINT('',(-3.5082779238102,-1.375,2.08166817117217E-15));
#8225=CARTESIAN_POINT('',(-3.4834441523796,-1.39079009506985,-0.416690326173964));
#8226=CARTESIAN_POINT('',(-3.40929441584008,-1.40658019013969,-0.827481466167121));
#8227=CARTESIAN_POINT('',(-3.28687846997416,-1.42237028520954,-1.22655775003425));
#8228=CARTESIAN_POINT('',(-3.11792938725497,-1.43816038027939,-1.60826935779948));
#8229=CARTESIAN_POINT('',(-2.90483902018884,-1.45395047534923,-1.96721230578045));
#8230=CARTESIAN_POINT('',(-2.6506241434879,-1.46974057041908,-2.29830495041584));
#8231=CARTESIAN_POINT('',(-2.35888372914842,-1.48553066548893,-2.59685993660669));
#8232=CARTESIAN_POINT('',(-2.03374805355727,-1.50132076055877,-2.85865053430778));
#8233=CARTESIAN_POINT('',(-1.67982000536533,-1.51711085562862,-3.07997056482699));
#8234=CARTESIAN_POINT('',(-1.42801382702106,-1.52763758567519,-3.198447884082));
#8235=CARTESIAN_POINT('',(-1.29903810567666,-1.53290095069847,-3.25));
#8236=CARTESIAN_POINT('',(-1.29903810567666,-1.80043238263487,3.25));
#8237=CARTESIAN_POINT('',(-1.42801382702104,-1.80569574765815,3.198447884082));
#8238=CARTESIAN_POINT('',(-1.67982000536531,-1.81622247770471,3.07997056482701));
#8239=CARTESIAN_POINT('',(-2.03374805355723,-1.83201257277456,2.8586505343078));
#8240=CARTESIAN_POINT('',(-2.35888372914839,-1.84780266784441,2.59685993660672));
#8241=CARTESIAN_POINT('',(-2.65062414348788,-1.86359276291425,2.29830495041586));
#8242=CARTESIAN_POINT('',(-2.90483902018882,-1.8793828579841,1.96721230578047));
#8243=CARTESIAN_POINT('',(-3.11792938725496,-1.89517295305395,1.60826935779949));
#8244=CARTESIAN_POINT('',(-3.28687846997415,-1.91096304812379,1.22655775003425));
#8245=CARTESIAN_POINT('',(-3.40929441584008,-1.92675314319364,0.827481466167127));
#8246=CARTESIAN_POINT('',(-3.4834441523796,-1.94254323826349,0.416690326173968));
#8247=CARTESIAN_POINT('',(-3.5082779238102,-1.95833333333333,2.06779038336435E-15));
#8248=CARTESIAN_POINT('',(-3.4834441523796,-1.97412342840318,-0.416690326173964));
#8249=CARTESIAN_POINT('',(-3.40929441584008,-1.98991352347303,-0.827481466167121));
#8250=CARTESIAN_POINT('',(-3.28687846997416,-2.00570361854287,-1.22655775003425));
#8251=CARTESIAN_POINT('',(-3.11792938725497,-2.02149371361272,-1.60826935779948));
#8252=CARTESIAN_POINT('',(-2.90483902018884,-2.03728380868257,-1.96721230578045));
#8253=CARTESIAN_POINT('',(-2.6506241434879,-2.05307390375241,-2.29830495041584));
#8254=CARTESIAN_POINT('',(-2.35888372914842,-2.06886399882226,-2.59685993660669));
#8255=CARTESIAN_POINT('',(-2.03374805355727,-2.08465409389211,-2.85865053430778));
#8256=CARTESIAN_POINT('',(-1.67982000536533,-2.10044418896195,-3.07997056482699));
#8257=CARTESIAN_POINT('',(-1.42801382702106,-2.11097091900852,-3.198447884082));
#8258=CARTESIAN_POINT('',(-1.29903810567666,-2.1162342840318,-3.25));
#8259=CARTESIAN_POINT('',(-1.29903810410492,-1.50532150056621,-3.43273701198933));
#8260=CARTESIAN_POINT('',(-1.29903810567666,-1.53290095069847,-3.25));
#8261=CARTESIAN_POINT('',(-1.29903810569728,-1.52866846670863,-3.27827910140597));
#8262=CARTESIAN_POINT('',(-1.29903810573636,-1.52409027597557,-3.30874394348281));
#8263=CARTESIAN_POINT('',(-1.29903810560045,-1.51522909358023,-3.36746820111435));
#8264=CARTESIAN_POINT('',(-1.2990381088187,-1.51028453304631,-3.40010386774327));
#8265=CARTESIAN_POINT('',(-1.29903810518925,-1.50565433997875,-3.4305490637968));
#8266=CARTESIAN_POINT('',(-1.29903810489079,-1.50532150056621,-3.43273701198933));
#8267=CARTESIAN_POINT('',(-1.29903810410493,-1.31538237594047,-3.43273701198933));
#8268=CARTESIAN_POINT('',(-1.29903810489079,-1.50532150053584,-3.43273701169193));
#8269=CARTESIAN_POINT('',(-1.29903810530831,-1.5050199892998,-3.43472021265443));
#8270=CARTESIAN_POINT('',(-1.29903810603206,-1.5039525202763,-3.44063162878862));
#8271=CARTESIAN_POINT('',(-1.29903810562121,-1.5018849192982,-3.44834427612059));
#8272=CARTESIAN_POINT('',(-1.29903810568711,-1.49917658921325,-3.45585395182716));
#8273=CARTESIAN_POINT('',(-1.29903810567062,-1.49606626111491,-3.46315370831112));
#8274=CARTESIAN_POINT('',(-1.29903810567759,-1.49235211637566,-3.47013840629196));
#8275=CARTESIAN_POINT('',(-1.29903810567649,-1.48806593886751,-3.47674807685881));
#8276=CARTESIAN_POINT('',(-1.29903810567676,-1.48343454504887,-3.48305106238312));
#8277=CARTESIAN_POINT('',(-1.29903810567665,-1.47827382545113,-3.48890636698073));
#8278=CARTESIAN_POINT('',(-1.29903810567666,-1.47264139499353,-3.494248467589));
#8279=CARTESIAN_POINT('',(-1.29903810567666,-1.46673783123915,-3.49920782357679));
#8280=CARTESIAN_POINT('',(-1.29903810567666,-1.46040978013013,-3.50360427945902));
#8281=CARTESIAN_POINT('',(-1.29903810567667,-1.45374246002994,-3.50737868721804));
#8282=CARTESIAN_POINT('',(-1.29903810567663,-1.44688808064397,-3.51071753430127));
#8283=CARTESIAN_POINT('',(-1.29903810567682,-1.44092547990066,-3.51295971861154));
#8284=CARTESIAN_POINT('',(-1.29903810567646,-1.43364242329077,-3.51510599489124));
#8285=CARTESIAN_POINT('',(-1.29903810568163,-1.4268564518508,-3.51665155119036));
#8286=CARTESIAN_POINT('',(-1.29903810566499,-1.41994541456101,-3.51747725015707));
#8287=CARTESIAN_POINT('',(-1.29903810568735,-1.41479262325568,-3.51776619232703));
#8288=CARTESIAN_POINT('',(-1.299038105539,-1.41038031588568,-3.51786680382396));
#8289=CARTESIAN_POINT('',(-1.2990381065201,-1.40468865535298,-3.51763909596233));
#8290=CARTESIAN_POINT('',(-1.29903810330744,-1.39852939205663,-3.51695073859907));
#8291=CARTESIAN_POINT('',(-1.29903810706137,-1.39108155075263,-3.51564563162689));
#8292=CARTESIAN_POINT('',(-1.29903810544851,-1.3837513760423,-3.51364954421771));
#8293=CARTESIAN_POINT('',(-1.29903810571729,-1.37670097688535,-3.51101386863));
#8294=CARTESIAN_POINT('',(-1.29903810566398,-1.37139273923174,-3.50865910381909));
#8295=CARTESIAN_POINT('',(-1.29903810567723,-1.36760900383139,-3.50669519084687));
#8296=CARTESIAN_POINT('',(-1.29903810567659,-1.36507736699219,-3.50525591665582));
#8297=CARTESIAN_POINT('',(-1.2990381056767,-1.3636269822713,-3.50440556128104));
#8298=CARTESIAN_POINT('',(-1.29903810567664,-1.36133860888017,-3.50300120779742));
#8299=CARTESIAN_POINT('',(-1.29903810567666,-1.35897413877418,-3.50143606502598));
#8300=CARTESIAN_POINT('',(-1.29903810567666,-1.35557191478022,-3.4990298679733));
#8301=CARTESIAN_POINT('',(-1.29903810567666,-1.35030336084922,-3.49495734480203));
#8302=CARTESIAN_POINT('',(-1.29903810567666,-1.34481730983569,-3.48985446820009));
#8303=CARTESIAN_POINT('',(-1.29903810567667,-1.33957791665754,-3.48415085184804));
#8304=CARTESIAN_POINT('',(-1.29903810567665,-1.33471436040766,-3.47821523477746));
#8305=CARTESIAN_POINT('',(-1.29903810567672,-1.33096093479587,-3.47268773202217));
#8306=CARTESIAN_POINT('',(-1.2990381056766,-1.32714689051774,-3.46627147299326));
#8307=CARTESIAN_POINT('',(-1.29903810567865,-1.32440387735349,-3.46106126576689));
#8308=CARTESIAN_POINT('',(-1.29903810567294,-1.3218290612473,-3.45511745072043));
#8309=CARTESIAN_POINT('',(-1.29903810568351,-1.32016626725522,-3.45074892280716));
#8310=CARTESIAN_POINT('',(-1.29903810561601,-1.3182482936741,-3.44514813919637));
#8311=CARTESIAN_POINT('',(-1.29903810612082,-1.31659741429042,-3.43901398355843));
#8312=CARTESIAN_POINT('',(-1.29903810529263,-1.31563824203631,-3.43417711954151));
#8313=CARTESIAN_POINT('',(-1.29903810489079,-1.31538237591011,-3.43273701169194));
#8314=CARTESIAN_POINT('',(-1.29903810489079,-1.31538237594047,-3.43273701198933));
#8315=CARTESIAN_POINT('',(-1.29903810552487,-1.31033338674613,-3.40432451479134));
#8316=CARTESIAN_POINT('',(-1.29903810568059,-1.30492150036323,-3.3738735205563));
#8317=CARTESIAN_POINT('',(-1.29903810567341,-1.29445678791029,-3.31499959204555));
#8318=CARTESIAN_POINT('',(-1.29903810567673,-1.28867922785551,-3.28249962208176));
#8319=CARTESIAN_POINT('',(-1.29903810567667,-1.28326337283845,-3.25203840746605));
#8320=CARTESIAN_POINT('',(-1.29903810567666,-1.28290095069777,-3.25));
#8321=CARTESIAN_POINT('',(-1.29903810567666,-0.383765715968199,3.25));
#8322=CARTESIAN_POINT('',(-1.42801382702104,-0.389029080991481,3.198447884082));
#8323=CARTESIAN_POINT('',(-1.67982000536531,-0.399555811038045,3.07997056482701));
#8324=CARTESIAN_POINT('',(-2.03374805355723,-0.415345906107892,2.8586505343078));
#8325=CARTESIAN_POINT('',(-2.3588837291484,-0.431136001177739,2.59685993660672));
#8326=CARTESIAN_POINT('',(-2.65062414348788,-0.446926096247586,2.29830495041586));
#8327=CARTESIAN_POINT('',(-2.90483902018882,-0.462716191317433,1.96721230578047));
#8328=CARTESIAN_POINT('',(-3.11792938725497,-0.478506286387279,1.60826935779949));
#8329=CARTESIAN_POINT('',(-3.28687846997415,-0.494296381457126,1.22655775003425));
#8330=CARTESIAN_POINT('',(-3.40929441584008,-0.510086476526973,0.827481466167126));
#8331=CARTESIAN_POINT('',(-3.4834441523796,-0.52587657159682,0.416690326173967));
#8332=CARTESIAN_POINT('',(-3.5082779238102,-0.541666666666667,1.19348975147204E-15));
#8333=CARTESIAN_POINT('',(-3.4834441523796,-0.557456761736513,-0.416690326173964));
#8334=CARTESIAN_POINT('',(-3.40929441584008,-0.57324685680636,-0.827481466167124));
#8335=CARTESIAN_POINT('',(-3.28687846997415,-0.589036951876207,-1.22655775003425));
#8336=CARTESIAN_POINT('',(-3.11792938725497,-0.604827046946054,-1.60826935779949));
#8337=CARTESIAN_POINT('',(-2.90483902018882,-0.6206171420159,-1.96721230578047));
#8338=CARTESIAN_POINT('',(-2.65062414348789,-0.636407237085747,-2.29830495041586));
#8339=CARTESIAN_POINT('',(-2.3588837291484,-0.652197332155594,-2.59685993660672));
#8340=CARTESIAN_POINT('',(-2.03374805355724,-0.667987427225441,-2.8586505343078));
#8341=CARTESIAN_POINT('',(-1.67982000536531,-0.683777522295288,-3.079970564827));
#8342=CARTESIAN_POINT('',(-1.42801382702104,-0.694304252341852,-3.198447884082));
#8343=CARTESIAN_POINT('',(-1.29903810567666,-0.699567617365134,-3.25));
#8344=CARTESIAN_POINT('',(-1.29903810567666,-0.967099049301532,3.25));
#8345=CARTESIAN_POINT('',(-1.42801382702104,-0.972362414324815,3.198447884082));
#8346=CARTESIAN_POINT('',(-1.67982000536531,-0.982889144371379,3.07997056482701));
#8347=CARTESIAN_POINT('',(-2.03374805355723,-0.998679239441226,2.8586505343078));
#8348=CARTESIAN_POINT('',(-2.3588837291484,-1.01446933451107,2.59685993660672));
#8349=CARTESIAN_POINT('',(-2.65062414348788,-1.03025942958092,2.29830495041586));
#8350=CARTESIAN_POINT('',(-2.90483902018882,-1.04604952465077,1.96721230578047));
#8351=CARTESIAN_POINT('',(-3.11792938725497,-1.06183961972061,1.60826935779949));
#8352=CARTESIAN_POINT('',(-3.28687846997415,-1.07762971479046,1.22655775003425));
#8353=CARTESIAN_POINT('',(-3.40929441584008,-1.09341980986031,0.827481466167126));
#8354=CARTESIAN_POINT('',(-3.4834441523796,-1.10920990493015,0.416690326173967));
#8355=CARTESIAN_POINT('',(-3.5082779238102,-1.125,1.1518563880486E-15));
#8356=CARTESIAN_POINT('',(-3.4834441523796,-1.14079009506985,-0.416690326173964));
#8357=CARTESIAN_POINT('',(-3.40929441584008,-1.15658019013969,-0.827481466167124));
#8358=CARTESIAN_POINT('',(-3.28687846997415,-1.17237028520954,-1.22655775003425));
#8359=CARTESIAN_POINT('',(-3.11792938725497,-1.18816038027939,-1.60826935779949));
#8360=CARTESIAN_POINT('',(-2.90483902018882,-1.20395047534923,-1.96721230578047));
#8361=CARTESIAN_POINT('',(-2.65062414348789,-1.21974057041908,-2.29830495041586));
#8362=CARTESIAN_POINT('',(-2.3588837291484,-1.23553066548893,-2.59685993660672));
#8363=CARTESIAN_POINT('',(-2.03374805355724,-1.25132076055877,-2.8586505343078));
#8364=CARTESIAN_POINT('',(-1.67982000536531,-1.26711085562862,-3.079970564827));
#8365=CARTESIAN_POINT('',(-1.42801382702104,-1.27763758567519,-3.198447884082));
#8366=CARTESIAN_POINT('',(-1.29903810567666,-1.28290095069847,-3.25));
#8367=CARTESIAN_POINT('',(-1.29903810410493,-0.671988167232872,-3.43273701198933));
#8368=CARTESIAN_POINT('',(-1.29903810567666,-0.699567617365135,-3.25));
#8369=CARTESIAN_POINT('',(-1.29903810569735,-0.695335133375293,-3.27827910140598));
#8370=CARTESIAN_POINT('',(-1.2990381057364,-0.690756942642233,-3.30874394348281));
#8371=CARTESIAN_POINT('',(-1.29903810560042,-0.6818957602469,-3.36746820111435));
#8372=CARTESIAN_POINT('',(-1.2990381088187,-0.676951199712979,-3.40010386774328));
#8373=CARTESIAN_POINT('',(-1.29903810518925,-0.672321006645421,-3.4305490637968));
#8374=CARTESIAN_POINT('',(-1.29903810489079,-0.671988167232872,-3.43273701198933));
#8375=CARTESIAN_POINT('',(-1.29903810410493,-0.482049042607141,-3.43273701198933));
#8376=CARTESIAN_POINT('',(-1.29903810489079,-0.671988167202509,-3.43273701169193));
#8377=CARTESIAN_POINT('',(-1.29903810530831,-0.671686655966463,-3.43472021265443));
#8378=CARTESIAN_POINT('',(-1.29903810603206,-0.670619186942969,-3.44063162878862));
#8379=CARTESIAN_POINT('',(-1.29903810562121,-0.668551585964866,-3.44834427612059));
#8380=CARTESIAN_POINT('',(-1.29903810568711,-0.665843255879918,-3.45585395182716));
#8381=CARTESIAN_POINT('',(-1.29903810567061,-0.662732927781573,-3.46315370831112));
#8382=CARTESIAN_POINT('',(-1.2990381056776,-0.659018783042327,-3.47013840629196));
#8383=CARTESIAN_POINT('',(-1.29903810567648,-0.654732605534173,-3.47674807685881));
#8384=CARTESIAN_POINT('',(-1.29903810567676,-0.650101211715541,-3.48305106238312));
#8385=CARTESIAN_POINT('',(-1.29903810567664,-0.644940492117795,-3.48890636698073));
#8386=CARTESIAN_POINT('',(-1.29903810567666,-0.639308061660197,-3.494248467589));
#8387=CARTESIAN_POINT('',(-1.29903810567666,-0.633404497905815,-3.4992078235768));
#8388=CARTESIAN_POINT('',(-1.29903810567666,-0.627076446796797,-3.50360427945902));
#8389=CARTESIAN_POINT('',(-1.29903810567667,-0.62040912669661,-3.50737868721804));
#8390=CARTESIAN_POINT('',(-1.29903810567663,-0.61355474731064,-3.51071753430127));
#8391=CARTESIAN_POINT('',(-1.29903810567681,-0.607592146567322,-3.51295971861154));
#8392=CARTESIAN_POINT('',(-1.29903810567646,-0.600309089957439,-3.51510599489123));
#8393=CARTESIAN_POINT('',(-1.29903810568162,-0.593523118517469,-3.51665155119036));
#8394=CARTESIAN_POINT('',(-1.29903810566499,-0.586612081227677,-3.51747725015707));
#8395=CARTESIAN_POINT('',(-1.29903810568735,-0.581459289922347,-3.51776619232703));
#8396=CARTESIAN_POINT('',(-1.299038105539,-0.57704698255235,-3.51786680382396));
#8397=CARTESIAN_POINT('',(-1.2990381065201,-0.57135532201965,-3.51763909596234));
#8398=CARTESIAN_POINT('',(-1.29903810330744,-0.565196058723297,-3.51695073859907));
#8399=CARTESIAN_POINT('',(-1.29903810706137,-0.557748217419302,-3.51564563162689));
#8400=CARTESIAN_POINT('',(-1.29903810544851,-0.55041804270897,-3.51364954421771));
#8401=CARTESIAN_POINT('',(-1.29903810571729,-0.543367643552013,-3.51101386863));
#8402=CARTESIAN_POINT('',(-1.29903810566398,-0.538059405898403,-3.5086591038191));
#8403=CARTESIAN_POINT('',(-1.29903810567723,-0.534275670498057,-3.50669519084687));
#8404=CARTESIAN_POINT('',(-1.29903810567659,-0.531744033658853,-3.50525591665582));
#8405=CARTESIAN_POINT('',(-1.2990381056767,-0.530293648937964,-3.50440556128104));
#8406=CARTESIAN_POINT('',(-1.29903810567664,-0.52800527554684,-3.50300120779742));
#8407=CARTESIAN_POINT('',(-1.29903810567666,-0.525640805440851,-3.50143606502599));
#8408=CARTESIAN_POINT('',(-1.29903810567666,-0.522238581446885,-3.49902986797329));
#8409=CARTESIAN_POINT('',(-1.29903810567666,-0.516970027515882,-3.49495734480204));
#8410=CARTESIAN_POINT('',(-1.29903810567666,-0.511483976502358,-3.48985446820009));
#8411=CARTESIAN_POINT('',(-1.29903810567666,-0.506244583324205,-3.48415085184804));
#8412=CARTESIAN_POINT('',(-1.29903810567664,-0.501381027074326,-3.47821523477746));
#8413=CARTESIAN_POINT('',(-1.29903810567672,-0.497627601462536,-3.47268773202216));
#8414=CARTESIAN_POINT('',(-1.29903810567659,-0.493813557184404,-3.46627147299326));
#8415=CARTESIAN_POINT('',(-1.29903810567865,-0.491070544020148,-3.46106126576688));
#8416=CARTESIAN_POINT('',(-1.29903810567294,-0.488495727913962,-3.45511745072043));
#8417=CARTESIAN_POINT('',(-1.29903810568351,-0.486832933921883,-3.45074892280716));
#8418=CARTESIAN_POINT('',(-1.29903810561601,-0.484914960340769,-3.44514813919637));
#8419=CARTESIAN_POINT('',(-1.29903810612082,-0.483264080957082,-3.43901398355843));
#8420=CARTESIAN_POINT('',(-1.29903810529263,-0.482304908702977,-3.43417711954151));
#8421=CARTESIAN_POINT('',(-1.29903810489079,-0.482049042576778,-3.43273701169194));
#8422=CARTESIAN_POINT('',(-1.29903810489079,-0.482049042607141,-3.43273701198933));
#8423=CARTESIAN_POINT('',(-1.29903810552487,-0.477000053412793,-3.40432451479133));
#8424=CARTESIAN_POINT('',(-1.29903810568059,-0.471588167029897,-3.37387352055629));
#8425=CARTESIAN_POINT('',(-1.29903810567342,-0.461123454576963,-3.31499959204556));
#8426=CARTESIAN_POINT('',(-1.29903810567674,-0.455345894522138,-3.28249962208176));
#8427=CARTESIAN_POINT('',(-1.29903810567667,-0.449930039505123,-3.25203840746605));
#8428=CARTESIAN_POINT('',(-1.29903810567666,-0.449567617364441,-3.25));
#8429=CARTESIAN_POINT('',(-1.29903810410492,-0.161345166100461,3.43273701198933));
#8430=CARTESIAN_POINT('',(-1.29903810489079,-0.161345166100461,3.43273701198933));
#8431=CARTESIAN_POINT('',(-1.2990381055249,-0.157023321744426,3.40432690491891));
#8432=CARTESIAN_POINT('',(-1.29903810568058,-0.152407665666748,3.37387874583291));
#8433=CARTESIAN_POINT('',(-1.29903810567342,-0.143518581569615,3.31500275453945));
#8434=CARTESIAN_POINT('',(-1.29903810567675,-0.138631680037982,3.28250283384121));
#8435=CARTESIAN_POINT('',(-1.29903810567666,-0.134070474842114,3.25203623666741));
#8436=CARTESIAN_POINT('',(-1.29903810567666,-0.133765715968199,3.25));
#8437=CARTESIAN_POINT('',(-1.29903810410492,-0.161345166100461,3.43273701198933));
#8438=CARTESIAN_POINT('',(-1.43079255855708,-0.166435703822789,3.38287765599406));
#8439=CARTESIAN_POINT('',(-1.68855360706485,-0.176616779267446,3.26797144401823));
#8440=CARTESIAN_POINT('',(-2.0528326946468,-0.191888392434431,3.05233167487855));
#8441=CARTESIAN_POINT('',(-2.38992440861982,-0.207160005601416,2.79626751340937));
#8442=CARTESIAN_POINT('',(-2.695364499989,-0.2224316187684,2.50317017262605));
#8443=CARTESIAN_POINT('',(-2.96510775283822,-0.237703231935385,2.17692138343148));
#8444=CARTESIAN_POINT('',(-3.19558175388581,-0.25297484510237,1.82184191178847));
#8445=CARTESIAN_POINT('',(-3.38373415235736,-0.268246458269354,1.44263435525005));
#8446=CARTESIAN_POINT('',(-3.52707309870928,-0.283518071436339,1.0443208574482));
#8447=CARTESIAN_POINT('',(-3.62370024238938,-0.298789684603324,0.632176597320344));
#8448=CARTESIAN_POINT('',(-3.67233587419386,-0.314061297770309,0.21165992538478));
#8449=CARTESIAN_POINT('',(-3.67233587419386,-0.329332910937293,-0.211659925384788));
#8450=CARTESIAN_POINT('',(-3.62370024238938,-0.344604524104278,-0.632176597320352));
#8451=CARTESIAN_POINT('',(-3.52707309870927,-0.359876137271263,-1.0443208574482));
#8452=CARTESIAN_POINT('',(-3.38373415235735,-0.375147750438248,-1.44263435525005));
#8453=CARTESIAN_POINT('',(-3.1955817538858,-0.390419363605232,-1.82184191178847));
#8454=CARTESIAN_POINT('',(-2.96510775283821,-0.405690976772217,-2.17692138343149));
#8455=CARTESIAN_POINT('',(-2.695364499989,-0.420962589939202,-2.50317017262605));
#8456=CARTESIAN_POINT('',(-2.38992440861982,-0.436234203106187,-2.79626751340937));
#8457=CARTESIAN_POINT('',(-2.0528326946468,-0.451505816273171,-3.05233167487856));
#8458=CARTESIAN_POINT('',(-1.68855360706485,-0.466777429440156,-3.26797144401823));
#8459=CARTESIAN_POINT('',(-1.43079255855708,-0.476958504884812,-3.38287765599406));
#8460=CARTESIAN_POINT('',(-1.29903810410493,-0.482049042607141,-3.43273701198933));
#8461=CARTESIAN_POINT('',(-1.29903810410492,-0.351284290726193,3.43273701198933));
#8462=CARTESIAN_POINT('',(-1.29903810567666,-0.383765715968198,3.25));
#8463=CARTESIAN_POINT('',(-1.2990381056956,-0.37873863205922,3.2782743337611));
#8464=CARTESIAN_POINT('',(-1.29903810573539,-0.373323244086913,3.30873645041585));
#8465=CARTESIAN_POINT('',(-1.29903810560124,-0.36288492585622,3.36746081333933));
#8466=CARTESIAN_POINT('',(-1.29903810881929,-0.357084268724312,3.4000987103838));
#8467=CARTESIAN_POINT('',(-1.29903810518924,-0.351673101019046,3.43054903523246));
#8468=CARTESIAN_POINT('',(-1.29903810489079,-0.351284290726193,3.43273701198933));
#8469=CARTESIAN_POINT('',(-1.29903810489079,-0.351284290756556,3.43273701169193));
#8470=CARTESIAN_POINT('',(-1.29903810530805,-0.350931549984559,3.43472281972528));
#8471=CARTESIAN_POINT('',(-1.29903810603284,-0.349710955381939,3.44064325842552));
#8472=CARTESIAN_POINT('',(-1.29903810562065,-0.347443448748382,3.44836393658815));
#8473=CARTESIAN_POINT('',(-1.29903810568715,-0.344545544043569,3.45586809237692));
#8474=CARTESIAN_POINT('',(-1.29903810567057,-0.341248704224098,3.46316918653506));
#8475=CARTESIAN_POINT('',(-1.29903810567761,-0.337361614227593,3.47014749343972));
#8476=CARTESIAN_POINT('',(-1.29903810567648,-0.332911251542468,3.47675386698131));
#8477=CARTESIAN_POINT('',(-1.29903810567676,-0.328122037830977,3.48305616423629));
#8478=CARTESIAN_POINT('',(-1.29903810567665,-0.322821241052103,3.48890497382686));
#8479=CARTESIAN_POINT('',(-1.29903810567666,-0.317057443579565,3.49424635803049));
#8480=CARTESIAN_POINT('',(-1.29903810567666,-0.311033533000201,3.49920411142084));
#8481=CARTESIAN_POINT('',(-1.29903810567666,-0.304604065333557,3.50359642691532));
#8482=CARTESIAN_POINT('',(-1.29903810567666,-0.297843326584247,3.50737260220726));
#8483=CARTESIAN_POINT('',(-1.29903810567666,-0.290911892230147,3.51071056416064));
#8484=CARTESIAN_POINT('',(-1.29903810567666,-0.283705287504593,3.51339713225925));
#8485=CARTESIAN_POINT('',(-1.29903810567666,-0.276323173624984,3.51539525323267));
#8486=CARTESIAN_POINT('',(-1.29903810567666,-0.268864232460847,3.51692484365466));
#8487=CARTESIAN_POINT('',(-1.29903810567666,-0.262539368926797,3.5176131131813));
#8488=CARTESIAN_POINT('',(-1.29903810567666,-0.25737061210974,3.5177947987935));
#8489=CARTESIAN_POINT('',(-1.29903810567666,-0.25358292302435,3.5178417258088));
#8490=CARTESIAN_POINT('',(-1.29903810567666,-0.247262803664713,3.51758864963033));
#8491=CARTESIAN_POINT('',(-1.29903810567666,-0.2411115911485,3.51676795009228));
#8492=CARTESIAN_POINT('',(-1.29903810567666,-0.233690609038878,3.51529894788566));
#8493=CARTESIAN_POINT('',(-1.29903810567666,-0.227588987412063,3.51362007978874));
#8494=CARTESIAN_POINT('',(-1.29903810567666,-0.220520373964956,3.51094123258851));
#8495=CARTESIAN_POINT('',(-1.29903810567666,-0.213656223786028,3.50784282249425));
#8496=CARTESIAN_POINT('',(-1.29903810567666,-0.207051691952843,3.50410165486379));
#8497=CARTESIAN_POINT('',(-1.29903810567666,-0.202272158117289,3.50078367691134));
#8498=CARTESIAN_POINT('',(-1.29903810567666,-0.200309684615994,3.49932415478999));
#8499=CARTESIAN_POINT('',(-1.29903810567666,-0.199528792048868,3.49873398780431));
#8500=CARTESIAN_POINT('',(-1.29903810567666,-0.198128834513611,3.4976451767427));
#8501=CARTESIAN_POINT('',(-1.29903810567666,-0.196016979269783,3.49592719812833));
#8502=CARTESIAN_POINT('',(-1.29903810567666,-0.192329548151408,3.49270683268788));
#8503=CARTESIAN_POINT('',(-1.29903810567666,-0.188295062655449,3.48871475899778));
#8504=CARTESIAN_POINT('',(-1.29903810567667,-0.183970267354236,3.4838253170911));
#8505=CARTESIAN_POINT('',(-1.29903810567658,-0.179208442687018,3.4777605541224));
#8506=CARTESIAN_POINT('',(-1.29903810567707,-0.175159203527704,3.47151584603409));
#8507=CARTESIAN_POINT('',(-1.29903810567603,-0.171507674697652,3.46480800233535));
#8508=CARTESIAN_POINT('',(-1.29903810568215,-0.168316098155993,3.45808957093866));
#8509=CARTESIAN_POINT('',(-1.29903810565759,-0.166100950296746,3.45214933858643));
#8510=CARTESIAN_POINT('',(-1.29903810569684,-0.164030112587145,3.4454896255531));
#8511=CARTESIAN_POINT('',(-1.29903810476764,-0.162713983910813,3.44043346845581));
#8512=CARTESIAN_POINT('',(-1.2990381069608,-0.161739894889031,3.43526375610169));
#8513=CARTESIAN_POINT('',(-1.29903810521183,-0.161395369037782,3.4330670304505));
#8514=CARTESIAN_POINT('',(-1.29903810489079,-0.161345166130824,3.43273701169194));
#8515=CARTESIAN_POINT('',(-1.29903810410493,-1.18461762405953,3.43273701198933));
#8516=CARTESIAN_POINT('',(-1.29903810567666,-1.21709904930153,3.25));
#8517=CARTESIAN_POINT('',(-1.29903810569558,-1.21207196539255,3.2782743337611));
#8518=CARTESIAN_POINT('',(-1.29903810573539,-1.20665657742025,3.30873645041586));
#8519=CARTESIAN_POINT('',(-1.29903810560125,-1.19621825918955,3.36746081333933));
#8520=CARTESIAN_POINT('',(-1.29903810881928,-1.19041760205765,3.4000987103838));
#8521=CARTESIAN_POINT('',(-1.29903810518924,-1.18500643435238,3.43054903523246));
#8522=CARTESIAN_POINT('',(-1.29903810489079,-1.18461762405953,3.43273701198933));
#8523=CARTESIAN_POINT('',(-1.29903810410493,-0.994678499433795,3.43273701198933));
#8524=CARTESIAN_POINT('',(-1.29903810489079,-0.994678499433795,3.43273701198933));
#8525=CARTESIAN_POINT('',(-1.29903810552491,-0.990356655077763,3.40432690491889));
#8526=CARTESIAN_POINT('',(-1.29903810568059,-0.985740999000082,3.3738787458329));
#8527=CARTESIAN_POINT('',(-1.29903810567342,-0.976851914902948,3.31500275453946));
#8528=CARTESIAN_POINT('',(-1.29903810567675,-0.971965013371317,3.28250283384122));
#8529=CARTESIAN_POINT('',(-1.29903810567667,-0.967403808175447,3.25203623666741));
#8530=CARTESIAN_POINT('',(-1.29903810567666,-0.967099049301532,3.25));
#8531=CARTESIAN_POINT('',(-1.29903810489079,-1.18461762408989,3.43273701169193));
#8532=CARTESIAN_POINT('',(-1.29903810530805,-1.18426488331789,3.43472281972528));
#8533=CARTESIAN_POINT('',(-1.29903810603284,-1.18304428871527,3.44064325842552));
#8534=CARTESIAN_POINT('',(-1.29903810562064,-1.18077678208172,3.44836393658815));
#8535=CARTESIAN_POINT('',(-1.29903810568716,-1.1778788773769,3.45586809237692));
#8536=CARTESIAN_POINT('',(-1.29903810567057,-1.17458203755743,3.46316918653506));
#8537=CARTESIAN_POINT('',(-1.2990381056776,-1.17069494756093,3.47014749343972));
#8538=CARTESIAN_POINT('',(-1.29903810567649,-1.1662445848758,3.47675386698131));
#8539=CARTESIAN_POINT('',(-1.29903810567676,-1.16145537116431,3.48305616423629));
#8540=CARTESIAN_POINT('',(-1.29903810567665,-1.15615457438544,3.48890497382686));
#8541=CARTESIAN_POINT('',(-1.29903810567667,-1.1503907769129,3.49424635803049));
#8542=CARTESIAN_POINT('',(-1.29903810567666,-1.14436686633353,3.49920411142084));
#8543=CARTESIAN_POINT('',(-1.29903810567666,-1.13793739866689,3.50359642691531));
#8544=CARTESIAN_POINT('',(-1.29903810567666,-1.13117665991758,3.50737260220726));
#8545=CARTESIAN_POINT('',(-1.29903810567666,-1.12424522556348,3.51071056416064));
#8546=CARTESIAN_POINT('',(-1.29903810567666,-1.11703862083793,3.51339713225925));
#8547=CARTESIAN_POINT('',(-1.29903810567666,-1.10965650695832,3.51539525323267));
#8548=CARTESIAN_POINT('',(-1.29903810567667,-1.10219756579418,3.51692484365465));
#8549=CARTESIAN_POINT('',(-1.29903810567665,-1.09587270226013,3.5176131131813));
#8550=CARTESIAN_POINT('',(-1.29903810567666,-1.09070394544307,3.5177947987935));
#8551=CARTESIAN_POINT('',(-1.29903810567666,-1.08691625635768,3.5178417258088));
#8552=CARTESIAN_POINT('',(-1.29903810567666,-1.08059613699805,3.51758864963032));
#8553=CARTESIAN_POINT('',(-1.29903810567666,-1.07444492448183,3.51676795009228));
#8554=CARTESIAN_POINT('',(-1.29903810567666,-1.06702394237221,3.51529894788566));
#8555=CARTESIAN_POINT('',(-1.29903810567666,-1.0609223207454,3.51362007978874));
#8556=CARTESIAN_POINT('',(-1.29903810567666,-1.05385370729829,3.51094123258851));
#8557=CARTESIAN_POINT('',(-1.29903810567666,-1.04698955711936,3.50784282249425));
#8558=CARTESIAN_POINT('',(-1.29903810567667,-1.04038502528618,3.50410165486379));
#8559=CARTESIAN_POINT('',(-1.29903810567664,-1.03560549145062,3.50078367691135));
#8560=CARTESIAN_POINT('',(-1.29903810567666,-1.03364301794933,3.49932415478999));
#8561=CARTESIAN_POINT('',(-1.29903810567666,-1.0328621253822,3.49873398780431));
#8562=CARTESIAN_POINT('',(-1.29903810567666,-1.03146216784695,3.49764517674271));
#8563=CARTESIAN_POINT('',(-1.29903810567666,-1.02935031260312,3.49592719812833));
#8564=CARTESIAN_POINT('',(-1.29903810567666,-1.02566288148474,3.49270683268789));
#8565=CARTESIAN_POINT('',(-1.29903810567666,-1.02162839598878,3.48871475899778));
#8566=CARTESIAN_POINT('',(-1.29903810567667,-1.01730360068757,3.4838253170911));
#8567=CARTESIAN_POINT('',(-1.29903810567658,-1.01254177602035,3.47776055412241));
#8568=CARTESIAN_POINT('',(-1.29903810567707,-1.00849253686104,3.47151584603409));
#8569=CARTESIAN_POINT('',(-1.29903810567603,-1.00484100803099,3.46480800233536));
#8570=CARTESIAN_POINT('',(-1.29903810568215,-1.00164943148933,3.45808957093867));
#8571=CARTESIAN_POINT('',(-1.29903810565759,-0.999434283630081,3.45214933858642));
#8572=CARTESIAN_POINT('',(-1.29903810569684,-0.997363445920483,3.44548962555312));
#8573=CARTESIAN_POINT('',(-1.29903810476764,-0.996047317244151,3.44043346845583));
#8574=CARTESIAN_POINT('',(-1.2990381069608,-0.995073228222367,3.43526375610171));
#8575=CARTESIAN_POINT('',(-1.29903810521183,-0.994728702371116,3.43306703045051));
#8576=CARTESIAN_POINT('',(-1.29903810489079,-0.994678499464158,3.43273701169194));
#8577=CARTESIAN_POINT('',(-1.29903810410492,-2.01795095739286,3.43273701198933));
#8578=CARTESIAN_POINT('',(-1.29903810567666,-2.05043238263487,3.25));
#8579=CARTESIAN_POINT('',(-1.29903810569556,-2.04540529872589,3.27827433376111));
#8580=CARTESIAN_POINT('',(-1.29903810573537,-2.03998991075358,3.30873645041586));
#8581=CARTESIAN_POINT('',(-1.29903810560126,-2.02955159252289,3.36746081333932));
#8582=CARTESIAN_POINT('',(-1.29903810881929,-2.02375093539098,3.4000987103838));
#8583=CARTESIAN_POINT('',(-1.29903810518924,-2.01833976768571,3.43054903523246));
#8584=CARTESIAN_POINT('',(-1.29903810489079,-2.01795095739286,3.43273701198933));
#8585=CARTESIAN_POINT('',(-1.29903810410492,-1.82801183276713,3.43273701198933));
#8586=CARTESIAN_POINT('',(-1.29903810489079,-1.82801183276713,3.43273701198933));
#8587=CARTESIAN_POINT('',(-1.29903810552491,-1.82368998841109,3.4043269049189));
#8588=CARTESIAN_POINT('',(-1.29903810568059,-1.81907433233342,3.3738787458329));
#8589=CARTESIAN_POINT('',(-1.29903810567342,-1.81018524823628,3.31500275453945));
#8590=CARTESIAN_POINT('',(-1.29903810567675,-1.80529834670465,3.28250283384122));
#8591=CARTESIAN_POINT('',(-1.29903810567667,-1.80073714150878,3.25203623666741));
#8592=CARTESIAN_POINT('',(-1.29903810567666,-1.80043238263487,3.25));
#8593=CARTESIAN_POINT('',(-1.29903810489079,-2.01795095742322,3.43273701169194));
#8594=CARTESIAN_POINT('',(-1.29903810530805,-2.01759821665122,3.43472281972528));
#8595=CARTESIAN_POINT('',(-1.29903810603284,-2.0163776220486,3.44064325842552));
#8596=CARTESIAN_POINT('',(-1.29903810562064,-2.01411011541505,3.44836393658815));
#8597=CARTESIAN_POINT('',(-1.29903810568716,-2.01121221071024,3.45586809237692));
#8598=CARTESIAN_POINT('',(-1.29903810567057,-2.00791537089076,3.46316918653506));
#8599=CARTESIAN_POINT('',(-1.2990381056776,-2.00402828089426,3.47014749343972));
#8600=CARTESIAN_POINT('',(-1.29903810567648,-1.99957791820913,3.47675386698131));
#8601=CARTESIAN_POINT('',(-1.29903810567676,-1.99478870449764,3.48305616423629));
#8602=CARTESIAN_POINT('',(-1.29903810567665,-1.98948790771877,3.48890497382686));
#8603=CARTESIAN_POINT('',(-1.29903810567667,-1.98372411024623,3.49424635803049));
#8604=CARTESIAN_POINT('',(-1.29903810567666,-1.97770019966687,3.49920411142084));
#8605=CARTESIAN_POINT('',(-1.29903810567666,-1.97127073200022,3.50359642691531));
#8606=CARTESIAN_POINT('',(-1.29903810567666,-1.96450999325091,3.50737260220726));
#8607=CARTESIAN_POINT('',(-1.29903810567666,-1.95757855889681,3.51071056416064));
#8608=CARTESIAN_POINT('',(-1.29903810567666,-1.95037195417126,3.51339713225925));
#8609=CARTESIAN_POINT('',(-1.29903810567666,-1.94298984029165,3.51539525323267));
#8610=CARTESIAN_POINT('',(-1.29903810567666,-1.93553089912751,3.51692484365466));
#8611=CARTESIAN_POINT('',(-1.29903810567667,-1.92920603559346,3.5176131131813));
#8612=CARTESIAN_POINT('',(-1.29903810567666,-1.92403727877641,3.5177947987935));
#8613=CARTESIAN_POINT('',(-1.29903810567666,-1.92024958969102,3.5178417258088));
#8614=CARTESIAN_POINT('',(-1.29903810567666,-1.91392947033138,3.51758864963033));
#8615=CARTESIAN_POINT('',(-1.29903810567666,-1.90777825781517,3.51676795009228));
#8616=CARTESIAN_POINT('',(-1.29903810567666,-1.90035727570554,3.51529894788566));
#8617=CARTESIAN_POINT('',(-1.29903810567666,-1.89425565407873,3.51362007978874));
#8618=CARTESIAN_POINT('',(-1.29903810567666,-1.88718704063162,3.51094123258851));
#8619=CARTESIAN_POINT('',(-1.29903810567666,-1.88032289045269,3.50784282249425));
#8620=CARTESIAN_POINT('',(-1.29903810567668,-1.87371835861951,3.50410165486378));
#8621=CARTESIAN_POINT('',(-1.29903810567665,-1.86893882478395,3.50078367691136));
#8622=CARTESIAN_POINT('',(-1.29903810567666,-1.86697635128266,3.49932415478999));
#8623=CARTESIAN_POINT('',(-1.29903810567666,-1.86619545871553,3.49873398780431));
#8624=CARTESIAN_POINT('',(-1.29903810567666,-1.86479550118028,3.4976451767427));
#8625=CARTESIAN_POINT('',(-1.29903810567666,-1.86268364593645,3.49592719812832));
#8626=CARTESIAN_POINT('',(-1.29903810567666,-1.85899621481807,3.49270683268788));
#8627=CARTESIAN_POINT('',(-1.29903810567665,-1.85496172932211,3.48871475899778));
#8628=CARTESIAN_POINT('',(-1.29903810567668,-1.8506369340209,3.4838253170911));
#8629=CARTESIAN_POINT('',(-1.29903810567658,-1.84587510935368,3.47776055412241));
#8630=CARTESIAN_POINT('',(-1.29903810567707,-1.84182587019437,3.47151584603408));
#8631=CARTESIAN_POINT('',(-1.29903810567603,-1.83817434136432,3.46480800233535));
#8632=CARTESIAN_POINT('',(-1.29903810568215,-1.83498276482266,3.45808957093866));
#8633=CARTESIAN_POINT('',(-1.29903810565759,-1.83276761696341,3.45214933858642));
#8634=CARTESIAN_POINT('',(-1.29903810569684,-1.83069677925381,3.44548962555309));
#8635=CARTESIAN_POINT('',(-1.29903810476764,-1.82938065057748,3.44043346845581));
#8636=CARTESIAN_POINT('',(-1.2990381069608,-1.8284065615557,3.43526375610169));
#8637=CARTESIAN_POINT('',(-1.29903810521183,-1.82806203570445,3.4330670304505));
#8638=CARTESIAN_POINT('',(-1.29903810489079,-1.82801183279749,3.43273701169194));
#8639=CARTESIAN_POINT('',(-1.29903810410491,-2.85128429072619,3.43273701198933));
#8640=CARTESIAN_POINT('',(-1.29903810567666,-2.8837657159682,3.25));
#8641=CARTESIAN_POINT('',(-1.29903810569556,-2.87873863205922,3.27827433376111));
#8642=CARTESIAN_POINT('',(-1.29903810573537,-2.87332324408692,3.30873645041586));
#8643=CARTESIAN_POINT('',(-1.29903810560125,-2.86288492585622,3.36746081333932));
#8644=CARTESIAN_POINT('',(-1.29903810881931,-2.85708426872431,3.40009871038381));
#8645=CARTESIAN_POINT('',(-1.29903810518923,-2.85167310101905,3.43054903523247));
#8646=CARTESIAN_POINT('',(-1.29903810489079,-2.85128429072619,3.43273701198933));
#8647=CARTESIAN_POINT('',(-1.29903810410491,-2.66134516610046,3.43273701198933));
#8648=CARTESIAN_POINT('',(-1.29903810489079,-2.66134516610046,3.43273701198933));
#8649=CARTESIAN_POINT('',(-1.29903810552489,-2.65702332174443,3.4043269049189));
#8650=CARTESIAN_POINT('',(-1.29903810568058,-2.65240766566675,3.3738787458329));
#8651=CARTESIAN_POINT('',(-1.29903810567342,-2.64351858156962,3.31500275453945));
#8652=CARTESIAN_POINT('',(-1.29903810567674,-2.63863168003798,3.28250283384121));
#8653=CARTESIAN_POINT('',(-1.29903810567666,-2.63407047484211,3.25203623666741));
#8654=CARTESIAN_POINT('',(-1.29903810567666,-2.6337657159682,3.25));
#8655=CARTESIAN_POINT('',(-1.29903810489079,-2.85128429075656,3.43273701169194));
#8656=CARTESIAN_POINT('',(-1.29903810530804,-2.85093154998456,3.43472281972528));
#8657=CARTESIAN_POINT('',(-1.29903810603284,-2.84971095538194,3.44064325842552));
#8658=CARTESIAN_POINT('',(-1.29903810562065,-2.84744344874838,3.44836393658815));
#8659=CARTESIAN_POINT('',(-1.29903810568715,-2.84454554404357,3.45586809237692));
#8660=CARTESIAN_POINT('',(-1.29903810567057,-2.8412487042241,3.46316918653506));
#8661=CARTESIAN_POINT('',(-1.29903810567761,-2.83736161422759,3.47014749343972));
#8662=CARTESIAN_POINT('',(-1.29903810567648,-2.83291125154247,3.47675386698131));
#8663=CARTESIAN_POINT('',(-1.29903810567677,-2.82812203783098,3.48305616423629));
#8664=CARTESIAN_POINT('',(-1.29903810567664,-2.8228212410521,3.48890497382686));
#8665=CARTESIAN_POINT('',(-1.29903810567666,-2.81705744357957,3.49424635803049));
#8666=CARTESIAN_POINT('',(-1.29903810567666,-2.8110335330002,3.49920411142084));
#8667=CARTESIAN_POINT('',(-1.29903810567667,-2.80460406533356,3.50359642691531));
#8668=CARTESIAN_POINT('',(-1.29903810567666,-2.79784332658425,3.50737260220726));
#8669=CARTESIAN_POINT('',(-1.29903810567666,-2.79091189223015,3.51071056416064));
#8670=CARTESIAN_POINT('',(-1.29903810567667,-2.78370528750459,3.51339713225925));
#8671=CARTESIAN_POINT('',(-1.29903810567666,-2.77632317362498,3.51539525323267));
#8672=CARTESIAN_POINT('',(-1.29903810567666,-2.76886423246085,3.51692484365466));
#8673=CARTESIAN_POINT('',(-1.29903810567666,-2.7625393689268,3.51761311318131));
#8674=CARTESIAN_POINT('',(-1.29903810567666,-2.75737061210974,3.5177947987935));
#8675=CARTESIAN_POINT('',(-1.29903810567666,-2.75358292302435,3.5178417258088));
#8676=CARTESIAN_POINT('',(-1.29903810567666,-2.74726280366471,3.51758864963032));
#8677=CARTESIAN_POINT('',(-1.29903810567666,-2.7411115911485,3.51676795009228));
#8678=CARTESIAN_POINT('',(-1.29903810567666,-2.73369060903888,3.51529894788566));
#8679=CARTESIAN_POINT('',(-1.29903810567665,-2.72758898741206,3.51362007978874));
#8680=CARTESIAN_POINT('',(-1.29903810567667,-2.72052037396496,3.51094123258851));
#8681=CARTESIAN_POINT('',(-1.29903810567665,-2.71365622378603,3.50784282249425));
#8682=CARTESIAN_POINT('',(-1.29903810567668,-2.70705169195285,3.50410165486379));
#8683=CARTESIAN_POINT('',(-1.29903810567664,-2.70227215811728,3.50078367691135));
#8684=CARTESIAN_POINT('',(-1.29903810567666,-2.70030968461599,3.49932415478999));
#8685=CARTESIAN_POINT('',(-1.29903810567666,-2.69952879204887,3.49873398780431));
#8686=CARTESIAN_POINT('',(-1.29903810567666,-2.69812883451361,3.49764517674271));
#8687=CARTESIAN_POINT('',(-1.29903810567666,-2.69601697926978,3.49592719812832));
#8688=CARTESIAN_POINT('',(-1.29903810567666,-2.69232954815141,3.49270683268788));
#8689=CARTESIAN_POINT('',(-1.29903810567666,-2.68829506265545,3.48871475899778));
#8690=CARTESIAN_POINT('',(-1.29903810567667,-2.68397026735423,3.4838253170911));
#8691=CARTESIAN_POINT('',(-1.29903810567659,-2.67920844268702,3.4777605541224));
#8692=CARTESIAN_POINT('',(-1.29903810567706,-2.6751592035277,3.47151584603408));
#8693=CARTESIAN_POINT('',(-1.29903810567604,-2.67150767469765,3.46480800233535));
#8694=CARTESIAN_POINT('',(-1.29903810568215,-2.66831609815599,3.45808957093865));
#8695=CARTESIAN_POINT('',(-1.29903810565759,-2.66610095029674,3.45214933858642));
#8696=CARTESIAN_POINT('',(-1.29903810569684,-2.66403011258714,3.44548962555308));
#8697=CARTESIAN_POINT('',(-1.29903810476763,-2.66271398391081,3.4404334684558));
#8698=CARTESIAN_POINT('',(-1.29903810696081,-2.66173989488903,3.43526375610168));
#8699=CARTESIAN_POINT('',(-1.29903810521183,-2.66139536903778,3.4330670304505));
#8700=CARTESIAN_POINT('',(-1.29903810489079,-2.66134516613082,3.43273701169194));
#8701=CARTESIAN_POINT('',(-1.29903810410491,-3.68461762405953,3.43273701198933));
#8702=CARTESIAN_POINT('',(-1.29903810567666,-3.71709904930153,3.25));
#8703=CARTESIAN_POINT('',(-1.29903810569561,-3.71207196539256,3.2782743337611));
#8704=CARTESIAN_POINT('',(-1.2990381057354,-3.70665657742025,3.30873645041586));
#8705=CARTESIAN_POINT('',(-1.29903810560123,-3.69621825918955,3.36746081333933));
#8706=CARTESIAN_POINT('',(-1.29903810881931,-3.69041760205765,3.40009871038381));
#8707=CARTESIAN_POINT('',(-1.29903810518923,-3.68500643435238,3.43054903523247));
#8708=CARTESIAN_POINT('',(-1.29903810489079,-3.68461762405953,3.43273701198933));
#8709=CARTESIAN_POINT('',(-1.29903810410491,-3.49467849943379,3.43273701198933));
#8710=CARTESIAN_POINT('',(-1.29903810489079,-3.49467849943379,3.43273701198933));
#8711=CARTESIAN_POINT('',(-1.29903810552491,-3.49035665507776,3.4043269049189));
#8712=CARTESIAN_POINT('',(-1.29903810568059,-3.48574099900008,3.3738787458329));
#8713=CARTESIAN_POINT('',(-1.29903810567342,-3.47685191490295,3.31500275453945));
#8714=CARTESIAN_POINT('',(-1.29903810567674,-3.47196501337132,3.28250283384121));
#8715=CARTESIAN_POINT('',(-1.29903810567666,-3.46740380817545,3.25203623666741));
#8716=CARTESIAN_POINT('',(-1.29903810567666,-3.46709904930153,3.25));
#8717=CARTESIAN_POINT('',(-1.29903810489079,-3.68461762408989,3.43273701169194));
#8718=CARTESIAN_POINT('',(-1.29903810530804,-3.68426488331789,3.43472281972528));
#8719=CARTESIAN_POINT('',(-1.29903810603284,-3.68304428871527,3.44064325842552));
#8720=CARTESIAN_POINT('',(-1.29903810562064,-3.68077678208172,3.44836393658815));
#8721=CARTESIAN_POINT('',(-1.29903810568716,-3.6778788773769,3.45586809237692));
#8722=CARTESIAN_POINT('',(-1.29903810567057,-3.67458203755743,3.46316918653506));
#8723=CARTESIAN_POINT('',(-1.29903810567761,-3.67069494756093,3.47014749343972));
#8724=CARTESIAN_POINT('',(-1.29903810567648,-3.6662445848758,3.47675386698131));
#8725=CARTESIAN_POINT('',(-1.29903810567677,-3.66145537116431,3.48305616423629));
#8726=CARTESIAN_POINT('',(-1.29903810567664,-3.65615457438544,3.48890497382686));
#8727=CARTESIAN_POINT('',(-1.29903810567666,-3.6503907769129,3.49424635803049));
#8728=CARTESIAN_POINT('',(-1.29903810567666,-3.64436686633353,3.49920411142084));
#8729=CARTESIAN_POINT('',(-1.29903810567666,-3.63793739866689,3.50359642691531));
#8730=CARTESIAN_POINT('',(-1.29903810567666,-3.63117665991758,3.50737260220726));
#8731=CARTESIAN_POINT('',(-1.29903810567666,-3.62424522556348,3.51071056416064));
#8732=CARTESIAN_POINT('',(-1.29903810567667,-3.61703862083793,3.51339713225925));
#8733=CARTESIAN_POINT('',(-1.29903810567665,-3.60965650695832,3.51539525323267));
#8734=CARTESIAN_POINT('',(-1.29903810567667,-3.60219756579418,3.51692484365465));
#8735=CARTESIAN_POINT('',(-1.29903810567664,-3.59587270226013,3.51761311318131));
#8736=CARTESIAN_POINT('',(-1.29903810567667,-3.59070394544307,3.5177947987935));
#8737=CARTESIAN_POINT('',(-1.29903810567665,-3.58691625635768,3.5178417258088));
#8738=CARTESIAN_POINT('',(-1.29903810567667,-3.58059613699805,3.51758864963032));
#8739=CARTESIAN_POINT('',(-1.29903810567665,-3.57444492448183,3.51676795009228));
#8740=CARTESIAN_POINT('',(-1.29903810567666,-3.56702394237221,3.51529894788566));
#8741=CARTESIAN_POINT('',(-1.29903810567665,-3.5609223207454,3.51362007978874));
#8742=CARTESIAN_POINT('',(-1.29903810567667,-3.55385370729829,3.51094123258851));
#8743=CARTESIAN_POINT('',(-1.29903810567665,-3.54698955711936,3.50784282249425));
#8744=CARTESIAN_POINT('',(-1.29903810567667,-3.54038502528618,3.50410165486379));
#8745=CARTESIAN_POINT('',(-1.29903810567665,-3.53560549145062,3.50078367691134));
#8746=CARTESIAN_POINT('',(-1.29903810567666,-3.53364301794932,3.49932415478999));
#8747=CARTESIAN_POINT('',(-1.29903810567666,-3.53286212538219,3.4987339878043));
#8748=CARTESIAN_POINT('',(-1.29903810567666,-3.53146216784693,3.4976451767427));
#8749=CARTESIAN_POINT('',(-1.29903810567666,-3.52935031260311,3.49592719812831));
#8750=CARTESIAN_POINT('',(-1.29903810567666,-3.52566288148473,3.49270683268787));
#8751=CARTESIAN_POINT('',(-1.29903810567666,-3.52162839598878,3.48871475899778));
#8752=CARTESIAN_POINT('',(-1.29903810567667,-3.51730360068757,3.4838253170911));
#8753=CARTESIAN_POINT('',(-1.29903810567659,-3.51254177602035,3.4777605541224));
#8754=CARTESIAN_POINT('',(-1.29903810567706,-3.50849253686104,3.47151584603409));
#8755=CARTESIAN_POINT('',(-1.29903810567603,-3.50484100803099,3.46480800233535));
#8756=CARTESIAN_POINT('',(-1.29903810568216,-3.50164943148933,3.45808957093866));
#8757=CARTESIAN_POINT('',(-1.29903810565758,-3.49943428363008,3.45214933858643));
#8758=CARTESIAN_POINT('',(-1.29903810569685,-3.49736344592048,3.44548962555311));
#8759=CARTESIAN_POINT('',(-1.29903810476763,-3.49604731724415,3.44043346845583));
#8760=CARTESIAN_POINT('',(-1.29903810696081,-3.49507322822237,3.43526375610171));
#8761=CARTESIAN_POINT('',(-1.29903810521183,-3.49472870237112,3.43306703045051));
#8762=CARTESIAN_POINT('',(-1.29903810489079,-3.49467849946416,3.43273701169194));
#8763=CARTESIAN_POINT('',(-1.29903810410493,-4.51795095739286,3.43273701198932));
#8764=CARTESIAN_POINT('',(-1.29903810567666,-4.55043238263487,3.25));
#8765=CARTESIAN_POINT('',(-1.29903810569557,-4.54540529872589,3.27827433376111));
#8766=CARTESIAN_POINT('',(-1.29903810573538,-4.53998991075358,3.30873645041585));
#8767=CARTESIAN_POINT('',(-1.29903810560125,-4.52955159252289,3.36746081333931));
#8768=CARTESIAN_POINT('',(-1.29903810881929,-4.52375093539098,3.40009871038379));
#8769=CARTESIAN_POINT('',(-1.29903810518924,-4.51833976768572,3.43054903523246));
#8770=CARTESIAN_POINT('',(-1.2990381048908,-4.51795095739286,3.43273701198932));
#8771=CARTESIAN_POINT('',(-1.29903810410493,-4.32801183276713,3.43273701198932));
#8772=CARTESIAN_POINT('',(-1.2990381048908,-4.32801183276713,3.43273701198932));
#8773=CARTESIAN_POINT('',(-1.29903810552486,-4.32368998841109,3.4043269049189));
#8774=CARTESIAN_POINT('',(-1.29903810568056,-4.31907433233341,3.3738787458329));
#8775=CARTESIAN_POINT('',(-1.29903810567344,-4.31018524823628,3.31500275453945));
#8776=CARTESIAN_POINT('',(-1.29903810567678,-4.30529834670466,3.28250283384122));
#8777=CARTESIAN_POINT('',(-1.29903810567667,-4.30073714150878,3.25203623666741));
#8778=CARTESIAN_POINT('',(-1.29903810567666,-4.30043238263487,3.25));
#8779=CARTESIAN_POINT('',(-1.2990381048908,-4.51795095742322,3.43273701169193));
#8780=CARTESIAN_POINT('',(-1.29903810530805,-4.51759821665123,3.43472281972528));
#8781=CARTESIAN_POINT('',(-1.29903810603284,-4.51637762204861,3.44064325842552));
#8782=CARTESIAN_POINT('',(-1.29903810562064,-4.51411011541505,3.44836393658815));
#8783=CARTESIAN_POINT('',(-1.29903810568716,-4.51121221071024,3.45586809237692));
#8784=CARTESIAN_POINT('',(-1.29903810567058,-4.50791537089077,3.46316918653506));
#8785=CARTESIAN_POINT('',(-1.29903810567761,-4.50402828089426,3.47014749343971));
#8786=CARTESIAN_POINT('',(-1.29903810567649,-4.49957791820913,3.47675386698131));
#8787=CARTESIAN_POINT('',(-1.29903810567675,-4.49478870449765,3.4830561642363));
#8788=CARTESIAN_POINT('',(-1.29903810567664,-4.48948790771877,3.48890497382686));
#8789=CARTESIAN_POINT('',(-1.29903810567666,-4.48372411024623,3.49424635803049));
#8790=CARTESIAN_POINT('',(-1.29903810567666,-4.47770019966687,3.49920411142084));
#8791=CARTESIAN_POINT('',(-1.29903810567665,-4.47127073200023,3.50359642691532));
#8792=CARTESIAN_POINT('',(-1.29903810567667,-4.46450999325091,3.50737260220726));
#8793=CARTESIAN_POINT('',(-1.29903810567665,-4.45757855889681,3.51071056416064));
#8794=CARTESIAN_POINT('',(-1.29903810567665,-4.45037195417126,3.51339713225925));
#8795=CARTESIAN_POINT('',(-1.29903810567667,-4.44298984029165,3.51539525323267));
#8796=CARTESIAN_POINT('',(-1.29903810567666,-4.43553089912751,3.51692484365466));
#8797=CARTESIAN_POINT('',(-1.29903810567669,-4.42920603559346,3.51761311318129));
#8798=CARTESIAN_POINT('',(-1.29903810567665,-4.42403727877641,3.51779479879351));
#8799=CARTESIAN_POINT('',(-1.29903810567668,-4.42024958969102,3.51784172580879));
#8800=CARTESIAN_POINT('',(-1.29903810567666,-4.41392947033138,3.51758864963032));
#8801=CARTESIAN_POINT('',(-1.29903810567667,-4.40777825781517,3.51676795009228));
#8802=CARTESIAN_POINT('',(-1.29903810567665,-4.40035727570554,3.51529894788566));
#8803=CARTESIAN_POINT('',(-1.29903810567666,-4.39425565407873,3.51362007978874));
#8804=CARTESIAN_POINT('',(-1.29903810567666,-4.38718704063163,3.51094123258851));
#8805=CARTESIAN_POINT('',(-1.29903810567667,-4.3803228904527,3.50784282249424));
#8806=CARTESIAN_POINT('',(-1.29903810567666,-4.37371835861952,3.5041016548638));
#8807=CARTESIAN_POINT('',(-1.29903810567665,-4.36893882478395,3.50078367691135));
#8808=CARTESIAN_POINT('',(-1.29903810567667,-4.36697635128267,3.49932415478999));
#8809=CARTESIAN_POINT('',(-1.29903810567666,-4.36619545871554,3.49873398780431));
#8810=CARTESIAN_POINT('',(-1.29903810567666,-4.36479550118028,3.49764517674271));
#8811=CARTESIAN_POINT('',(-1.29903810567667,-4.36268364593646,3.49592719812833));
#8812=CARTESIAN_POINT('',(-1.29903810567667,-4.35899621481808,3.49270683268789));
#8813=CARTESIAN_POINT('',(-1.29903810567664,-4.35496172932212,3.48871475899779));
#8814=CARTESIAN_POINT('',(-1.29903810567668,-4.35063693402091,3.4838253170911));
#8815=CARTESIAN_POINT('',(-1.29903810567658,-4.34587510935369,3.47776055412241));
#8816=CARTESIAN_POINT('',(-1.29903810567707,-4.34182587019437,3.47151584603409));
#8817=CARTESIAN_POINT('',(-1.29903810567603,-4.33817434136432,3.46480800233536));
#8818=CARTESIAN_POINT('',(-1.29903810568213,-4.33498276482266,3.45808957093867));
#8819=CARTESIAN_POINT('',(-1.29903810565763,-4.33276761696342,3.45214933858643));
#8820=CARTESIAN_POINT('',(-1.29903810569681,-4.33069677925381,3.44548962555312));
#8821=CARTESIAN_POINT('',(-1.29903810476766,-4.32938065057749,3.44043346845584));
#8822=CARTESIAN_POINT('',(-1.29903810696078,-4.3284065615557,3.43526375610172));
#8823=CARTESIAN_POINT('',(-1.29903810521183,-4.32806203570445,3.43306703045051));
#8824=CARTESIAN_POINT('',(-1.2990381048908,-4.32801183279749,3.43273701169194));
#8825=CARTESIAN_POINT('',(1.29903810410493,-4.42198816723287,3.43273701198933));
#8826=CARTESIAN_POINT('',(1.29903810567666,-4.44956761736514,3.25));
#8827=CARTESIAN_POINT('',(1.29903810569739,-4.44533513337529,3.27827910140597));
#8828=CARTESIAN_POINT('',(1.29903810573642,-4.44075694264224,3.3087439434828));
#8829=CARTESIAN_POINT('',(1.29903810560039,-4.4318957602469,3.36746820111434));
#8830=CARTESIAN_POINT('',(1.29903810881867,-4.42695119971299,3.40010386774328));
#8831=CARTESIAN_POINT('',(1.29903810518925,-4.42232100664542,3.4305490637968));
#8832=CARTESIAN_POINT('',(1.2990381048908,-4.42198816723287,3.43273701198933));
#8833=CARTESIAN_POINT('',(1.29903810410493,-4.23204904260714,3.43273701198933));
#8834=CARTESIAN_POINT('',(1.2990381048908,-4.42198816720251,3.43273701169193));
#8835=CARTESIAN_POINT('',(1.29903810530831,-4.42168665596646,3.43472021265443));
#8836=CARTESIAN_POINT('',(1.29903810603206,-4.42061918694297,3.44063162878862));
#8837=CARTESIAN_POINT('',(1.2990381056212,-4.41855158596487,3.44834427612059));
#8838=CARTESIAN_POINT('',(1.29903810568711,-4.41584325587992,3.45585395182717));
#8839=CARTESIAN_POINT('',(1.29903810567062,-4.41273292778157,3.46315370831112));
#8840=CARTESIAN_POINT('',(1.2990381056776,-4.40901878304233,3.47013840629196));
#8841=CARTESIAN_POINT('',(1.29903810567649,-4.40473260553417,3.4767480768588));
#8842=CARTESIAN_POINT('',(1.29903810567676,-4.40010121171554,3.48305106238312));
#8843=CARTESIAN_POINT('',(1.29903810567666,-4.39494049211779,3.48890636698073));
#8844=CARTESIAN_POINT('',(1.29903810567665,-4.3893080616602,3.494248467589));
#8845=CARTESIAN_POINT('',(1.29903810567666,-4.38340449790582,3.4992078235768));
#8846=CARTESIAN_POINT('',(1.29903810567666,-4.3770764467968,3.50360427945902));
#8847=CARTESIAN_POINT('',(1.29903810567667,-4.37040912669661,3.50737868721804));
#8848=CARTESIAN_POINT('',(1.29903810567663,-4.36355474731064,3.51071753430127));
#8849=CARTESIAN_POINT('',(1.2990381056768,-4.35759214656732,3.51295971861154));
#8850=CARTESIAN_POINT('',(1.29903810567647,-4.35030908995744,3.51510599489124));
#8851=CARTESIAN_POINT('',(1.29903810568161,-4.34352311851747,3.51665155119036));
#8852=CARTESIAN_POINT('',(1.29903810566498,-4.33661208122768,3.51747725015707));
#8853=CARTESIAN_POINT('',(1.29903810568735,-4.33145928992235,3.51776619232703));
#8854=CARTESIAN_POINT('',(1.299038105539,-4.32704698255235,3.51786680382396));
#8855=CARTESIAN_POINT('',(1.2990381065201,-4.32135532201965,3.51763909596234));
#8856=CARTESIAN_POINT('',(1.29903810330745,-4.3151960587233,3.51695073859906));
#8857=CARTESIAN_POINT('',(1.29903810706137,-4.30774821741931,3.5156456316269));
#8858=CARTESIAN_POINT('',(1.29903810544851,-4.30041804270897,3.51364954421771));
#8859=CARTESIAN_POINT('',(1.29903810571728,-4.29336764355202,3.51101386863001));
#8860=CARTESIAN_POINT('',(1.29903810566399,-4.28805940589841,3.5086591038191));
#8861=CARTESIAN_POINT('',(1.29903810567722,-4.28427567049807,3.50669519084688));
#8862=CARTESIAN_POINT('',(1.2990381056766,-4.28174403365886,3.50525591665583));
#8863=CARTESIAN_POINT('',(1.2990381056767,-4.28029364893798,3.50440556128105));
#8864=CARTESIAN_POINT('',(1.29903810567665,-4.27800527554686,3.50300120779743));
#8865=CARTESIAN_POINT('',(1.29903810567665,-4.27564080544086,3.501436065026));
#8866=CARTESIAN_POINT('',(1.29903810567666,-4.27223858144689,3.4990298679733));
#8867=CARTESIAN_POINT('',(1.29903810567666,-4.26697002751588,3.49495734480203));
#8868=CARTESIAN_POINT('',(1.29903810567666,-4.26148397650236,3.48985446820008));
#8869=CARTESIAN_POINT('',(1.29903810567666,-4.2562445833242,3.48415085184804));
#8870=CARTESIAN_POINT('',(1.29903810567664,-4.25138102707432,3.47821523477745));
#8871=CARTESIAN_POINT('',(1.29903810567674,-4.24762760146253,3.47268773202215));
#8872=CARTESIAN_POINT('',(1.29903810567657,-4.2438135571844,3.46627147299325));
#8873=CARTESIAN_POINT('',(1.29903810567866,-4.24107054402015,3.46106126576688));
#8874=CARTESIAN_POINT('',(1.29903810567295,-4.23849572791396,3.45511745072042));
#8875=CARTESIAN_POINT('',(1.2990381056835,-4.23683293392188,3.45074892280716));
#8876=CARTESIAN_POINT('',(1.29903810561601,-4.23491496034077,3.44514813919638));
#8877=CARTESIAN_POINT('',(1.29903810612082,-4.23326408095709,3.43901398355844));
#8878=CARTESIAN_POINT('',(1.29903810529263,-4.23230490870298,3.43417711954152));
#8879=CARTESIAN_POINT('',(1.2990381048908,-4.23204904257678,3.43273701169194));
#8880=CARTESIAN_POINT('',(1.2990381048908,-4.23204904260714,3.43273701198933));
#8881=CARTESIAN_POINT('',(1.2990381055248,-4.22700005341276,3.40432451479134));
#8882=CARTESIAN_POINT('',(1.29903810568055,-4.22158816702983,3.3738735205563));
#8883=CARTESIAN_POINT('',(1.29903810567345,-4.21112345457705,3.31499959204559));
#8884=CARTESIAN_POINT('',(1.29903810567675,-4.2053458945192,3.28249962208209));
#8885=CARTESIAN_POINT('',(1.29903810567666,-4.19993003950556,3.25203840746607));
#8886=CARTESIAN_POINT('',(1.29903810567666,-4.19956761736514,3.25));
#8887=CARTESIAN_POINT('',(1.29903810410493,-3.58865483389954,3.43273701198933));
#8888=CARTESIAN_POINT('',(1.29903810567666,-3.6162342840318,3.25));
#8889=CARTESIAN_POINT('',(1.29903810569733,-3.61200180004197,3.27827910140598));
#8890=CARTESIAN_POINT('',(1.29903810573638,-3.6074236093089,3.30874394348281));
#8891=CARTESIAN_POINT('',(1.29903810560042,-3.59856242691357,3.36746820111435));
#8892=CARTESIAN_POINT('',(1.29903810881868,-3.59361786637965,3.40010386774327));
#8893=CARTESIAN_POINT('',(1.29903810518925,-3.58898767331209,3.4305490637968));
#8894=CARTESIAN_POINT('',(1.29903810489079,-3.58865483389954,3.43273701198933));
#8895=CARTESIAN_POINT('',(1.29903810410493,-3.39871570927381,3.43273701198933));
#8896=CARTESIAN_POINT('',(1.29903810489079,-3.58865483386918,3.43273701169193));
#8897=CARTESIAN_POINT('',(1.29903810530831,-3.58835332263313,3.43472021265443));
#8898=CARTESIAN_POINT('',(1.29903810603206,-3.58728585360964,3.44063162878862));
#8899=CARTESIAN_POINT('',(1.29903810562121,-3.58521825263153,3.44834427612059));
#8900=CARTESIAN_POINT('',(1.29903810568711,-3.58250992254659,3.45585395182717));
#8901=CARTESIAN_POINT('',(1.29903810567061,-3.57939959444824,3.46315370831112));
#8902=CARTESIAN_POINT('',(1.29903810567759,-3.57568544970899,3.47013840629197));
#8903=CARTESIAN_POINT('',(1.29903810567648,-3.57139927220084,3.47674807685881));
#8904=CARTESIAN_POINT('',(1.29903810567677,-3.56676787838221,3.48305106238312));
#8905=CARTESIAN_POINT('',(1.29903810567664,-3.56160715878447,3.48890636698073));
#8906=CARTESIAN_POINT('',(1.29903810567666,-3.55597472832686,3.494248467589));
#8907=CARTESIAN_POINT('',(1.29903810567666,-3.55007116457248,3.4992078235768));
#8908=CARTESIAN_POINT('',(1.29903810567666,-3.54374311346346,3.50360427945902));
#8909=CARTESIAN_POINT('',(1.29903810567667,-3.53707579336328,3.50737868721804));
#8910=CARTESIAN_POINT('',(1.29903810567663,-3.53022141397731,3.51071753430127));
#8911=CARTESIAN_POINT('',(1.29903810567682,-3.52425881323399,3.51295971861154));
#8912=CARTESIAN_POINT('',(1.29903810567646,-3.51697575662411,3.51510599489124));
#8913=CARTESIAN_POINT('',(1.29903810568162,-3.51018978518414,3.51665155119036));
#8914=CARTESIAN_POINT('',(1.299038105665,-3.50327874789434,3.51747725015707));
#8915=CARTESIAN_POINT('',(1.29903810568735,-3.49812595658901,3.51776619232703));
#8916=CARTESIAN_POINT('',(1.299038105539,-3.49371364921902,3.51786680382396));
#8917=CARTESIAN_POINT('',(1.2990381065201,-3.48802198868632,3.51763909596233));
#8918=CARTESIAN_POINT('',(1.29903810330744,-3.48186272538996,3.51695073859907));
#8919=CARTESIAN_POINT('',(1.29903810706137,-3.47441488408597,3.51564563162689));
#8920=CARTESIAN_POINT('',(1.29903810544852,-3.46708470937564,3.51364954421771));
#8921=CARTESIAN_POINT('',(1.29903810571729,-3.46003431021868,3.51101386863));
#8922=CARTESIAN_POINT('',(1.29903810566399,-3.45472607256507,3.5086591038191));
#8923=CARTESIAN_POINT('',(1.29903810567722,-3.45094233716472,3.50669519084687));
#8924=CARTESIAN_POINT('',(1.2990381056766,-3.44841070032552,3.50525591665582));
#8925=CARTESIAN_POINT('',(1.2990381056767,-3.44696031560463,3.50440556128104));
#8926=CARTESIAN_POINT('',(1.29903810567664,-3.4446719422135,3.50300120779742));
#8927=CARTESIAN_POINT('',(1.29903810567666,-3.44230747210752,3.50143606502598));
#8928=CARTESIAN_POINT('',(1.29903810567665,-3.43890524811355,3.4990298679733));
#8929=CARTESIAN_POINT('',(1.29903810567666,-3.43363669418255,3.49495734480204));
#8930=CARTESIAN_POINT('',(1.29903810567666,-3.42815064316903,3.48985446820009));
#8931=CARTESIAN_POINT('',(1.29903810567666,-3.42291124999087,3.48415085184804));
#8932=CARTESIAN_POINT('',(1.29903810567665,-3.41804769374099,3.47821523477746));
#8933=CARTESIAN_POINT('',(1.2990381056767,-3.4142942681292,3.47268773202216));
#8934=CARTESIAN_POINT('',(1.29903810567661,-3.41048022385108,3.46627147299326));
#8935=CARTESIAN_POINT('',(1.29903810567865,-3.40773721068681,3.46106126576688));
#8936=CARTESIAN_POINT('',(1.29903810567294,-3.40516239458063,3.45511745072042));
#8937=CARTESIAN_POINT('',(1.29903810568351,-3.40349960058855,3.45074892280716));
#8938=CARTESIAN_POINT('',(1.29903810561601,-3.40158162700744,3.44514813919637));
#8939=CARTESIAN_POINT('',(1.29903810612082,-3.39993074762375,3.43901398355843));
#8940=CARTESIAN_POINT('',(1.29903810529262,-3.39897157536964,3.43417711954151));
#8941=CARTESIAN_POINT('',(1.29903810489079,-3.39871570924344,3.43273701169193));
#8942=CARTESIAN_POINT('',(1.29903810489079,-3.39871570927381,3.43273701198933));
#8943=CARTESIAN_POINT('',(1.29903810552488,-3.39366672007943,3.40432451479134));
#8944=CARTESIAN_POINT('',(1.29903810568059,-3.38825483369651,3.3738735205563));
#8945=CARTESIAN_POINT('',(1.29903810567341,-3.3777901212437,3.31499959204558));
#8946=CARTESIAN_POINT('',(1.29903810567675,-3.37201256118584,3.28249962208203));
#8947=CARTESIAN_POINT('',(1.29903810567666,-3.36659670617223,3.25203840746607));
#8948=CARTESIAN_POINT('',(1.29903810567666,-3.3662342840318,3.25));
#8949=CARTESIAN_POINT('',(1.29903810410493,-2.75532150056621,3.43273701198933));
#8950=CARTESIAN_POINT('',(1.29903810567667,-2.78290095069847,3.25));
#8951=CARTESIAN_POINT('',(1.29903810569728,-2.77866846670863,3.27827910140596));
#8952=CARTESIAN_POINT('',(1.29903810573635,-2.77409027597557,3.3087439434828));
#8953=CARTESIAN_POINT('',(1.29903810560045,-2.76522909358023,3.36746820111436));
#8954=CARTESIAN_POINT('',(1.29903810881871,-2.76028453304631,3.40010386774328));
#8955=CARTESIAN_POINT('',(1.29903810518925,-2.75565433997875,3.4305490637968));
#8956=CARTESIAN_POINT('',(1.29903810489079,-2.75532150056621,3.43273701198933));
#8957=CARTESIAN_POINT('',(1.29903810410493,-2.56538237594047,3.43273701198933));
#8958=CARTESIAN_POINT('',(1.29903810489079,-2.75532150053584,3.43273701169193));
#8959=CARTESIAN_POINT('',(1.29903810530831,-2.7550199892998,3.43472021265443));
#8960=CARTESIAN_POINT('',(1.29903810603206,-2.75395252027631,3.44063162878862));
#8961=CARTESIAN_POINT('',(1.2990381056212,-2.7518849192982,3.44834427612059));
#8962=CARTESIAN_POINT('',(1.29903810568711,-2.74917658921325,3.45585395182717));
#8963=CARTESIAN_POINT('',(1.29903810567061,-2.74606626111491,3.46315370831112));
#8964=CARTESIAN_POINT('',(1.2990381056776,-2.74235211637566,3.47013840629196));
#8965=CARTESIAN_POINT('',(1.29903810567648,-2.73806593886751,3.4767480768588));
#8966=CARTESIAN_POINT('',(1.29903810567677,-2.73343454504887,3.48305106238312));
#8967=CARTESIAN_POINT('',(1.29903810567664,-2.72827382545113,3.48890636698074));
#8968=CARTESIAN_POINT('',(1.29903810567666,-2.72264139499353,3.494248467589));
#8969=CARTESIAN_POINT('',(1.29903810567666,-2.71673783123915,3.4992078235768));
#8970=CARTESIAN_POINT('',(1.29903810567666,-2.71040978013013,3.50360427945902));
#8971=CARTESIAN_POINT('',(1.29903810567667,-2.70374246002994,3.50737868721804));
#8972=CARTESIAN_POINT('',(1.29903810567663,-2.69688808064398,3.51071753430127));
#8973=CARTESIAN_POINT('',(1.29903810567682,-2.69092547990066,3.51295971861154));
#8974=CARTESIAN_POINT('',(1.29903810567646,-2.68364242329077,3.51510599489124));
#8975=CARTESIAN_POINT('',(1.29903810568162,-2.6768564518508,3.51665155119036));
#8976=CARTESIAN_POINT('',(1.299038105665,-2.66994541456101,3.51747725015707));
#8977=CARTESIAN_POINT('',(1.29903810568735,-2.66479262325568,3.51776619232703));
#8978=CARTESIAN_POINT('',(1.299038105539,-2.66038031588568,3.51786680382396));
#8979=CARTESIAN_POINT('',(1.2990381065201,-2.65468865535298,3.51763909596234));
#8980=CARTESIAN_POINT('',(1.29903810330745,-2.64852939205663,3.51695073859906));
#8981=CARTESIAN_POINT('',(1.29903810706136,-2.64108155075263,3.5156456316269));
#8982=CARTESIAN_POINT('',(1.29903810544851,-2.6337513760423,3.51364954421771));
#8983=CARTESIAN_POINT('',(1.29903810571729,-2.62670097688535,3.51101386863));
#8984=CARTESIAN_POINT('',(1.29903810566398,-2.62139273923173,3.5086591038191));
#8985=CARTESIAN_POINT('',(1.29903810567723,-2.61760900383139,3.50669519084687));
#8986=CARTESIAN_POINT('',(1.29903810567659,-2.61507736699218,3.50525591665582));
#8987=CARTESIAN_POINT('',(1.2990381056767,-2.61362698227129,3.50440556128104));
#8988=CARTESIAN_POINT('',(1.29903810567664,-2.61133860888017,3.50300120779742));
#8989=CARTESIAN_POINT('',(1.29903810567666,-2.60897413877418,3.50143606502598));
#8990=CARTESIAN_POINT('',(1.29903810567667,-2.60557191478022,3.49902986797329));
#8991=CARTESIAN_POINT('',(1.29903810567665,-2.60030336084921,3.49495734480203));
#8992=CARTESIAN_POINT('',(1.29903810567666,-2.59481730983569,3.48985446820008));
#8993=CARTESIAN_POINT('',(1.29903810567666,-2.58957791665754,3.48415085184804));
#8994=CARTESIAN_POINT('',(1.29903810567665,-2.58471436040766,3.47821523477745));
#8995=CARTESIAN_POINT('',(1.29903810567672,-2.58096093479587,3.47268773202216));
#8996=CARTESIAN_POINT('',(1.29903810567659,-2.57714689051774,3.46627147299325));
#8997=CARTESIAN_POINT('',(1.29903810567866,-2.57440387735348,3.46106126576688));
#8998=CARTESIAN_POINT('',(1.29903810567294,-2.57182906124729,3.45511745072042));
#8999=CARTESIAN_POINT('',(1.29903810568351,-2.57016626725522,3.45074892280716));
#9000=CARTESIAN_POINT('',(1.29903810561601,-2.5682482936741,3.44514813919637));
#9001=CARTESIAN_POINT('',(1.29903810612082,-2.56659741429041,3.43901398355843));
#9002=CARTESIAN_POINT('',(1.29903810529262,-2.56563824203631,3.43417711954151));
#9003=CARTESIAN_POINT('',(1.29903810489079,-2.56538237591011,3.43273701169194));
#9004=CARTESIAN_POINT('',(1.29903810489079,-2.56538237594047,3.43273701198933));
#9005=CARTESIAN_POINT('',(1.29903810552488,-2.56033338674609,3.40432451479134));
#9006=CARTESIAN_POINT('',(1.29903810568059,-2.55492150036317,3.3738735205563));
#9007=CARTESIAN_POINT('',(1.29903810567341,-2.54445678791038,3.31499959204558));
#9008=CARTESIAN_POINT('',(1.2990381056767,-2.53867922785252,3.28249962208206));
#9009=CARTESIAN_POINT('',(1.29903810567667,-2.53326337283889,3.25203840746607));
#9010=CARTESIAN_POINT('',(1.29903810567667,-2.53290095069847,3.25));
#9011=CARTESIAN_POINT('',(1.29903810410492,-1.92198816723287,3.43273701198933));
#9012=CARTESIAN_POINT('',(1.29903810567666,-1.94956761736513,3.25));
#9013=CARTESIAN_POINT('',(1.29903810569727,-1.9453351333753,3.27827910140597));
#9014=CARTESIAN_POINT('',(1.29903810573635,-1.94075694264224,3.30874394348281));
#9015=CARTESIAN_POINT('',(1.29903810560045,-1.9318957602469,3.36746820111435));
#9016=CARTESIAN_POINT('',(1.29903810881872,-1.92695119971297,3.40010386774329));
#9017=CARTESIAN_POINT('',(1.29903810518924,-1.92232100664542,3.4305490637968));
#9018=CARTESIAN_POINT('',(1.29903810489079,-1.92198816723287,3.43273701198933));
#9019=CARTESIAN_POINT('',(1.29903810410493,-1.73204904260714,3.43273701198933));
#9020=CARTESIAN_POINT('',(1.29903810489079,-1.92198816720251,3.43273701169194));
#9021=CARTESIAN_POINT('',(1.29903810530831,-1.92168665596646,3.43472021265443));
#9022=CARTESIAN_POINT('',(1.29903810603206,-1.92061918694297,3.44063162878862));
#9023=CARTESIAN_POINT('',(1.2990381056212,-1.91855158596487,3.44834427612059));
#9024=CARTESIAN_POINT('',(1.29903810568711,-1.91584325587992,3.45585395182717));
#9025=CARTESIAN_POINT('',(1.29903810567062,-1.91273292778157,3.46315370831112));
#9026=CARTESIAN_POINT('',(1.29903810567759,-1.90901878304233,3.47013840629197));
#9027=CARTESIAN_POINT('',(1.29903810567648,-1.90473260553417,3.47674807685881));
#9028=CARTESIAN_POINT('',(1.29903810567676,-1.90010121171554,3.48305106238312));
#9029=CARTESIAN_POINT('',(1.29903810567665,-1.8949404921178,3.48890636698073));
#9030=CARTESIAN_POINT('',(1.29903810567666,-1.8893080616602,3.494248467589));
#9031=CARTESIAN_POINT('',(1.29903810567666,-1.88340449790582,3.4992078235768));
#9032=CARTESIAN_POINT('',(1.29903810567666,-1.8770764467968,3.50360427945902));
#9033=CARTESIAN_POINT('',(1.29903810567667,-1.87040912669661,3.50737868721804));
#9034=CARTESIAN_POINT('',(1.29903810567662,-1.86355474731064,3.51071753430127));
#9035=CARTESIAN_POINT('',(1.29903810567682,-1.85759214656732,3.51295971861154));
#9036=CARTESIAN_POINT('',(1.29903810567646,-1.85030908995744,3.51510599489124));
#9037=CARTESIAN_POINT('',(1.29903810568163,-1.84352311851747,3.51665155119036));
#9038=CARTESIAN_POINT('',(1.29903810566499,-1.83661208122768,3.51747725015707));
#9039=CARTESIAN_POINT('',(1.29903810568735,-1.83145928992235,3.51776619232703));
#9040=CARTESIAN_POINT('',(1.299038105539,-1.82704698255235,3.51786680382396));
#9041=CARTESIAN_POINT('',(1.2990381065201,-1.82135532201965,3.51763909596233));
#9042=CARTESIAN_POINT('',(1.29903810330744,-1.8151960587233,3.51695073859906));
#9043=CARTESIAN_POINT('',(1.29903810706137,-1.8077482174193,3.5156456316269));
#9044=CARTESIAN_POINT('',(1.29903810544851,-1.80041804270897,3.5136495442177));
#9045=CARTESIAN_POINT('',(1.29903810571729,-1.79336764355201,3.51101386863001));
#9046=CARTESIAN_POINT('',(1.29903810566398,-1.7880594058984,3.50865910381909));
#9047=CARTESIAN_POINT('',(1.29903810567722,-1.78427567049806,3.50669519084687));
#9048=CARTESIAN_POINT('',(1.2990381056766,-1.78174403365886,3.50525591665582));
#9049=CARTESIAN_POINT('',(1.2990381056767,-1.78029364893797,3.50440556128104));
#9050=CARTESIAN_POINT('',(1.29903810567664,-1.77800527554684,3.50300120779743));
#9051=CARTESIAN_POINT('',(1.29903810567667,-1.77564080544085,3.50143606502599));
#9052=CARTESIAN_POINT('',(1.29903810567666,-1.77223858144689,3.4990298679733));
#9053=CARTESIAN_POINT('',(1.29903810567666,-1.76697002751588,3.49495734480203));
#9054=CARTESIAN_POINT('',(1.29903810567666,-1.76148397650236,3.48985446820009));
#9055=CARTESIAN_POINT('',(1.29903810567666,-1.7562445833242,3.48415085184804));
#9056=CARTESIAN_POINT('',(1.29903810567665,-1.75138102707433,3.47821523477746));
#9057=CARTESIAN_POINT('',(1.29903810567671,-1.74762760146253,3.47268773202216));
#9058=CARTESIAN_POINT('',(1.2990381056766,-1.7438135571844,3.46627147299326));
#9059=CARTESIAN_POINT('',(1.29903810567865,-1.74107054402015,3.46106126576688));
#9060=CARTESIAN_POINT('',(1.29903810567294,-1.73849572791396,3.45511745072042));
#9061=CARTESIAN_POINT('',(1.29903810568351,-1.73683293392188,3.45074892280716));
#9062=CARTESIAN_POINT('',(1.29903810561601,-1.73491496034077,3.44514813919637));
#9063=CARTESIAN_POINT('',(1.29903810612082,-1.73326408095708,3.43901398355843));
#9064=CARTESIAN_POINT('',(1.29903810529263,-1.73230490870298,3.43417711954151));
#9065=CARTESIAN_POINT('',(1.29903810489079,-1.73204904257678,3.43273701169194));
#9066=CARTESIAN_POINT('',(1.29903810489079,-1.73204904260714,3.43273701198933));
#9067=CARTESIAN_POINT('',(1.29903810552486,-1.72700005341277,3.40432451479135));
#9068=CARTESIAN_POINT('',(1.29903810568058,-1.72158816702986,3.3738735205563));
#9069=CARTESIAN_POINT('',(1.29903810567342,-1.71112345457702,3.31499959204557));
#9070=CARTESIAN_POINT('',(1.29903810567674,-1.70534589452012,3.28249962208197));
#9071=CARTESIAN_POINT('',(1.29903810567667,-1.69993003950542,3.25203840746606));
#9072=CARTESIAN_POINT('',(1.29903810567666,-1.69956761736491,3.25));
#9073=CARTESIAN_POINT('',(1.29903810410493,-1.08865483389954,3.43273701198933));
#9074=CARTESIAN_POINT('',(1.29903810567666,-1.1162342840318,3.25));
#9075=CARTESIAN_POINT('',(1.29903810569732,-1.11200180004196,3.27827910140597));
#9076=CARTESIAN_POINT('',(1.29903810573638,-1.1074236093089,3.30874394348281));
#9077=CARTESIAN_POINT('',(1.29903810560043,-1.09856242691357,3.36746820111435));
#9078=CARTESIAN_POINT('',(1.2990381088187,-1.09361786637964,3.40010386774327));
#9079=CARTESIAN_POINT('',(1.29903810518925,-1.08898767331209,3.4305490637968));
#9080=CARTESIAN_POINT('',(1.29903810489079,-1.08865483389954,3.43273701198933));
#9081=CARTESIAN_POINT('',(1.29903810489079,-1.08865483386918,3.43273701169193));
#9082=CARTESIAN_POINT('',(1.29903810530831,-1.08835332263313,3.43472021265443));
#9083=CARTESIAN_POINT('',(1.29903810603206,-1.08728585360964,3.44063162878862));
#9084=CARTESIAN_POINT('',(1.2990381056212,-1.08521825263153,3.44834427612059));
#9085=CARTESIAN_POINT('',(1.29903810568711,-1.08250992254658,3.45585395182716));
#9086=CARTESIAN_POINT('',(1.29903810567061,-1.07939959444824,3.46315370831112));
#9087=CARTESIAN_POINT('',(1.2990381056776,-1.07568544970899,3.47013840629197));
#9088=CARTESIAN_POINT('',(1.29903810567648,-1.07139927220084,3.4767480768588));
#9089=CARTESIAN_POINT('',(1.29903810567676,-1.06676787838221,3.48305106238312));
#9090=CARTESIAN_POINT('',(1.29903810567664,-1.06160715878446,3.48890636698073));
#9091=CARTESIAN_POINT('',(1.29903810567666,-1.05597472832686,3.494248467589));
#9092=CARTESIAN_POINT('',(1.29903810567666,-1.05007116457248,3.49920782357679));
#9093=CARTESIAN_POINT('',(1.29903810567666,-1.04374311346346,3.50360427945902));
#9094=CARTESIAN_POINT('',(1.29903810567667,-1.03707579336328,3.50737868721804));
#9095=CARTESIAN_POINT('',(1.29903810567663,-1.03022141397731,3.51071753430127));
#9096=CARTESIAN_POINT('',(1.29903810567682,-1.02425881323399,3.51295971861153));
#9097=CARTESIAN_POINT('',(1.29903810567646,-1.01697575662411,3.51510599489124));
#9098=CARTESIAN_POINT('',(1.29903810568162,-1.01018978518414,3.51665155119036));
#9099=CARTESIAN_POINT('',(1.29903810566499,-1.00327874789434,3.51747725015707));
#9100=CARTESIAN_POINT('',(1.29903810568735,-0.998125956589014,3.51776619232703));
#9101=CARTESIAN_POINT('',(1.299038105539,-0.993713649219017,3.51786680382396));
#9102=CARTESIAN_POINT('',(1.2990381065201,-0.988021988686316,3.51763909596233));
#9103=CARTESIAN_POINT('',(1.29903810330744,-0.981862725389963,3.51695073859906));
#9104=CARTESIAN_POINT('',(1.29903810706137,-0.974414884085968,3.51564563162689));
#9105=CARTESIAN_POINT('',(1.29903810544851,-0.967084709375636,3.51364954421771));
#9106=CARTESIAN_POINT('',(1.29903810571729,-0.96003431021868,3.51101386863));
#9107=CARTESIAN_POINT('',(1.29903810566398,-0.95472607256507,3.50865910381909));
#9108=CARTESIAN_POINT('',(1.29903810567722,-0.950942337164721,3.50669519084688));
#9109=CARTESIAN_POINT('',(1.29903810567659,-0.948410700325519,3.50525591665582));
#9110=CARTESIAN_POINT('',(1.2990381056767,-0.946960315604629,3.50440556128104));
#9111=CARTESIAN_POINT('',(1.29903810567664,-0.944671942213505,3.50300120779742));
#9112=CARTESIAN_POINT('',(1.29903810567666,-0.942307472107517,3.50143606502599));
#9113=CARTESIAN_POINT('',(1.29903810567666,-0.938905248113551,3.4990298679733));
#9114=CARTESIAN_POINT('',(1.29903810567666,-0.933636694182547,3.49495734480203));
#9115=CARTESIAN_POINT('',(1.29903810567666,-0.928150643169025,3.48985446820009));
#9116=CARTESIAN_POINT('',(1.29903810567666,-0.922911249990871,3.48415085184804));
#9117=CARTESIAN_POINT('',(1.29903810567665,-0.918047693740992,3.47821523477746));
#9118=CARTESIAN_POINT('',(1.29903810567672,-0.914294268129202,3.47268773202216));
#9119=CARTESIAN_POINT('',(1.2990381056766,-0.910480223851071,3.46627147299326));
#9120=CARTESIAN_POINT('',(1.29903810567865,-0.907737210686814,3.46106126576688));
#9121=CARTESIAN_POINT('',(1.29903810567294,-0.905162394580628,3.45511745072043));
#9122=CARTESIAN_POINT('',(1.29903810568351,-0.90349960058855,3.45074892280716));
#9123=CARTESIAN_POINT('',(1.299038105616,-0.901581627007435,3.44514813919637));
#9124=CARTESIAN_POINT('',(1.29903810612082,-0.899930747623747,3.43901398355843));
#9125=CARTESIAN_POINT('',(1.29903810529263,-0.898971575369643,3.43417711954151));
#9126=CARTESIAN_POINT('',(1.29903810489079,-0.898715709243444,3.43273701169194));
#9127=CARTESIAN_POINT('',(1.29903810410492,-0.76795095739286,-3.43273701198933));
#9128=CARTESIAN_POINT('',(1.43079255855708,-0.773041495115188,-3.38287765599406));
#9129=CARTESIAN_POINT('',(1.68855360706485,-0.783222570559845,-3.26797144401823));
#9130=CARTESIAN_POINT('',(2.0528326946468,-0.798494183726829,-3.05233167487856));
#9131=CARTESIAN_POINT('',(2.38992440861982,-0.813765796893814,-2.79626751340937));
#9132=CARTESIAN_POINT('',(2.695364499989,-0.829037410060798,-2.50317017262606));
#9133=CARTESIAN_POINT('',(2.96510775283821,-0.844309023227783,-2.17692138343149));
#9134=CARTESIAN_POINT('',(3.1955817538858,-0.859580636394768,-1.82184191178848));
#9135=CARTESIAN_POINT('',(3.38373415235735,-0.874852249561752,-1.44263435525006));
#9136=CARTESIAN_POINT('',(3.52707309870927,-0.890123862728737,-1.04432085744821));
#9137=CARTESIAN_POINT('',(3.62370024238938,-0.905395475895722,-0.63217659732036));
#9138=CARTESIAN_POINT('',(3.67233587419386,-0.920667089062706,-0.211659925384798));
#9139=CARTESIAN_POINT('',(3.67233587419386,-0.935938702229691,0.211659925384768));
#9140=CARTESIAN_POINT('',(3.62370024238938,-0.951210315396676,0.63217659732033));
#9141=CARTESIAN_POINT('',(3.52707309870928,-0.96648192856366,1.04432085744818));
#9142=CARTESIAN_POINT('',(3.38373415235736,-0.981753541730645,1.44263435525003));
#9143=CARTESIAN_POINT('',(3.19558175388582,-0.997025154897629,1.82184191178845));
#9144=CARTESIAN_POINT('',(2.96510775283823,-1.01229676806461,2.17692138343146));
#9145=CARTESIAN_POINT('',(2.69536449998902,-1.0275683812316,2.50317017262603));
#9146=CARTESIAN_POINT('',(2.38992440861984,-1.04283999439858,2.79626751340935));
#9147=CARTESIAN_POINT('',(2.05283269464682,-1.05811160756557,3.05233167487854));
#9148=CARTESIAN_POINT('',(1.68855360706487,-1.07338322073255,3.26797144401823));
#9149=CARTESIAN_POINT('',(1.43079255855709,-1.08356429617721,3.38287765599406));
#9150=CARTESIAN_POINT('',(1.29903810410493,-1.08865483389954,3.43273701198933));
#9151=CARTESIAN_POINT('',(1.29903810410492,-1.41134516610046,-3.43273701198933));
#9152=CARTESIAN_POINT('',(1.43079255855708,-1.41643570382279,-3.38287765599406));
#9153=CARTESIAN_POINT('',(1.68855360706486,-1.42661677926745,-3.26797144401823));
#9154=CARTESIAN_POINT('',(2.0528326946468,-1.44188839243443,-3.05233167487855));
#9155=CARTESIAN_POINT('',(2.38992440861983,-1.45716000560142,-2.79626751340936));
#9156=CARTESIAN_POINT('',(2.69536449998901,-1.4724316187684,-2.50317017262604));
#9157=CARTESIAN_POINT('',(2.96510775283822,-1.48770323193539,-2.17692138343147));
#9158=CARTESIAN_POINT('',(3.19558175388581,-1.50297484510237,-1.82184191178846));
#9159=CARTESIAN_POINT('',(3.38373415235736,-1.51824645826935,-1.44263435525004));
#9160=CARTESIAN_POINT('',(3.52707309870928,-1.53351807143634,-1.04432085744818));
#9161=CARTESIAN_POINT('',(3.62370024238938,-1.54878968460332,-0.632176597320329));
#9162=CARTESIAN_POINT('',(3.67233587419386,-1.56406129777031,-0.211659925384763));
#9163=CARTESIAN_POINT('',(3.67233587419386,-1.57933291093729,0.211659925384806));
#9164=CARTESIAN_POINT('',(3.62370024238938,-1.59460452410428,0.632176597320372));
#9165=CARTESIAN_POINT('',(3.52707309870927,-1.60987613727126,1.04432085744823));
#9166=CARTESIAN_POINT('',(3.38373415235734,-1.62514775043825,1.44263435525008));
#9167=CARTESIAN_POINT('',(3.19558175388579,-1.64041936360523,1.8218419117885));
#9168=CARTESIAN_POINT('',(2.9651077528382,-1.65569097677222,2.17692138343151));
#9169=CARTESIAN_POINT('',(2.69536449998898,-1.6709625899392,2.50317017262608));
#9170=CARTESIAN_POINT('',(2.38992440861979,-1.68623420310619,2.79626751340939));
#9171=CARTESIAN_POINT('',(2.05283269464677,-1.70150581627317,3.05233167487858));
#9172=CARTESIAN_POINT('',(1.68855360706483,-1.71677742944016,3.26797144401824));
#9173=CARTESIAN_POINT('',(1.43079255855707,-1.72695850488481,3.38287765599406));
#9174=CARTESIAN_POINT('',(1.29903810410493,-1.73204904260714,3.43273701198933));
#9175=CARTESIAN_POINT('',(1.29903810410492,-1.60128429072619,-3.43273701198933));
#9176=CARTESIAN_POINT('',(1.43079255855708,-1.60637482844852,-3.38287765599406));
#9177=CARTESIAN_POINT('',(1.68855360706486,-1.61655590389318,-3.26797144401823));
#9178=CARTESIAN_POINT('',(2.0528326946468,-1.63182751706016,-3.05233167487855));
#9179=CARTESIAN_POINT('',(2.38992440861983,-1.64709913022715,-2.79626751340936));
#9180=CARTESIAN_POINT('',(2.69536449998901,-1.66237074339413,-2.50317017262604));
#9181=CARTESIAN_POINT('',(2.96510775283822,-1.67764235656112,-2.17692138343147));
#9182=CARTESIAN_POINT('',(3.19558175388581,-1.6929139697281,-1.82184191178846));
#9183=CARTESIAN_POINT('',(3.38373415235736,-1.70818558289509,-1.44263435525004));
#9184=CARTESIAN_POINT('',(3.52707309870928,-1.72345719606207,-1.04432085744818));
#9185=CARTESIAN_POINT('',(3.62370024238938,-1.73872880922906,-0.632176597320329));
#9186=CARTESIAN_POINT('',(3.67233587419386,-1.75400042239604,-0.211659925384763));
#9187=CARTESIAN_POINT('',(3.67233587419386,-1.76927203556303,0.211659925384806));
#9188=CARTESIAN_POINT('',(3.62370024238938,-1.78454364873001,0.632176597320372));
#9189=CARTESIAN_POINT('',(3.52707309870927,-1.799815261897,1.04432085744823));
#9190=CARTESIAN_POINT('',(3.38373415235734,-1.81508687506398,1.44263435525008));
#9191=CARTESIAN_POINT('',(3.19558175388579,-1.83035848823097,1.8218419117885));
#9192=CARTESIAN_POINT('',(2.9651077528382,-1.84563010139795,2.17692138343151));
#9193=CARTESIAN_POINT('',(2.69536449998898,-1.86090171456493,2.50317017262608));
#9194=CARTESIAN_POINT('',(2.38992440861979,-1.87617332773192,2.79626751340939));
#9195=CARTESIAN_POINT('',(2.05283269464677,-1.8914449408989,3.05233167487858));
#9196=CARTESIAN_POINT('',(1.68855360706483,-1.90671655406589,3.26797144401825));
#9197=CARTESIAN_POINT('',(1.43079255855706,-1.91689762951054,3.38287765599407));
#9198=CARTESIAN_POINT('',(1.29903810410492,-1.92198816723287,3.43273701198933));
#9199=CARTESIAN_POINT('',(1.29903810410492,-2.2446784994338,-3.43273701198933));
#9200=CARTESIAN_POINT('',(1.43079255855708,-2.24976903715612,-3.38287765599406));
#9201=CARTESIAN_POINT('',(1.68855360706485,-2.25995011260078,-3.26797144401823));
#9202=CARTESIAN_POINT('',(2.05283269464679,-2.27522172576776,-3.05233167487856));
#9203=CARTESIAN_POINT('',(2.38992440861981,-2.29049333893475,-2.79626751340938));
#9204=CARTESIAN_POINT('',(2.69536449998899,-2.30576495210173,-2.50317017262606));
#9205=CARTESIAN_POINT('',(2.9651077528382,-2.32103656526872,-2.1769213834315));
#9206=CARTESIAN_POINT('',(3.19558175388579,-2.3363081784357,-1.82184191178849));
#9207=CARTESIAN_POINT('',(3.38373415235734,-2.35157979160269,-1.44263435525008));
#9208=CARTESIAN_POINT('',(3.52707309870926,-2.36685140476967,-1.04432085744823));
#9209=CARTESIAN_POINT('',(3.62370024238937,-2.38212301793666,-0.632176597320388));
#9210=CARTESIAN_POINT('',(3.67233587419386,-2.39739463110364,-0.211659925384829));
#9211=CARTESIAN_POINT('',(3.67233587419387,-2.41266624427062,0.211659925384734));
#9212=CARTESIAN_POINT('',(3.62370024238939,-2.42793785743761,0.632176597320293));
#9213=CARTESIAN_POINT('',(3.52707309870929,-2.44320947060459,1.04432085744814));
#9214=CARTESIAN_POINT('',(3.38373415235738,-2.45848108377158,1.44263435524999));
#9215=CARTESIAN_POINT('',(3.19558175388584,-2.47375269693856,1.82184191178841));
#9216=CARTESIAN_POINT('',(2.96510775283826,-2.48902431010555,2.17692138343142));
#9217=CARTESIAN_POINT('',(2.69536449998905,-2.50429592327253,2.50317017262599));
#9218=CARTESIAN_POINT('',(2.38992440861988,-2.51956753643952,2.79626751340931));
#9219=CARTESIAN_POINT('',(2.05283269464687,-2.5348391496065,3.0523316748785));
#9220=CARTESIAN_POINT('',(1.68855360706491,-2.55011076277349,3.2679714440182));
#9221=CARTESIAN_POINT('',(1.43079255855711,-2.56029183821814,3.38287765599405));
#9222=CARTESIAN_POINT('',(1.29903810410493,-2.56538237594047,3.43273701198933));
#9223=CARTESIAN_POINT('',(1.29903810410492,-2.43461762405953,-3.43273701198933));
#9224=CARTESIAN_POINT('',(1.43079255855708,-2.43970816178186,-3.38287765599406));
#9225=CARTESIAN_POINT('',(1.68855360706485,-2.44988923722651,-3.26797144401823));
#9226=CARTESIAN_POINT('',(2.05283269464679,-2.4651608503935,-3.05233167487856));
#9227=CARTESIAN_POINT('',(2.38992440861981,-2.48043246356048,-2.79626751340938));
#9228=CARTESIAN_POINT('',(2.69536449998899,-2.49570407672747,-2.50317017262606));
#9229=CARTESIAN_POINT('',(2.9651077528382,-2.51097568989445,-2.1769213834315));
#9230=CARTESIAN_POINT('',(3.19558175388579,-2.52624730306143,-1.82184191178849));
#9231=CARTESIAN_POINT('',(3.38373415235734,-2.54151891622842,-1.44263435525008));
#9232=CARTESIAN_POINT('',(3.52707309870926,-2.5567905293954,-1.04432085744823));
#9233=CARTESIAN_POINT('',(3.62370024238937,-2.57206214256239,-0.632176597320388));
#9234=CARTESIAN_POINT('',(3.67233587419386,-2.58733375572937,-0.211659925384829));
#9235=CARTESIAN_POINT('',(3.67233587419387,-2.60260536889636,0.211659925384733));
#9236=CARTESIAN_POINT('',(3.62370024238939,-2.61787698206334,0.632176597320294));
#9237=CARTESIAN_POINT('',(3.52707309870929,-2.63314859523033,1.04432085744814));
#9238=CARTESIAN_POINT('',(3.38373415235738,-2.64842020839731,1.44263435524999));
#9239=CARTESIAN_POINT('',(3.19558175388584,-2.6636918215643,1.82184191178841));
#9240=CARTESIAN_POINT('',(2.96510775283826,-2.67896343473128,2.17692138343142));
#9241=CARTESIAN_POINT('',(2.69536449998905,-2.69423504789826,2.50317017262599));
#9242=CARTESIAN_POINT('',(2.38992440861988,-2.70950666106525,2.79626751340931));
#9243=CARTESIAN_POINT('',(2.05283269464687,-2.72477827423223,3.0523316748785));
#9244=CARTESIAN_POINT('',(1.68855360706491,-2.74004988739922,3.2679714440182));
#9245=CARTESIAN_POINT('',(1.43079255855711,-2.75023096284388,3.38287765599405));
#9246=CARTESIAN_POINT('',(1.29903810410493,-2.75532150056621,3.43273701198933));
#9247=CARTESIAN_POINT('',(1.29903810410492,-3.07801183276713,-3.43273701198933));
#9248=CARTESIAN_POINT('',(1.43079255855708,-3.08310237048946,-3.38287765599406));
#9249=CARTESIAN_POINT('',(1.68855360706485,-3.09328344593411,-3.26797144401824));
#9250=CARTESIAN_POINT('',(2.05283269464679,-3.1085550591011,-3.05233167487856));
#9251=CARTESIAN_POINT('',(2.38992440861981,-3.12382667226808,-2.79626751340938));
#9252=CARTESIAN_POINT('',(2.69536449998899,-3.13909828543507,-2.50317017262606));
#9253=CARTESIAN_POINT('',(2.9651077528382,-3.15436989860205,-2.1769213834315));
#9254=CARTESIAN_POINT('',(3.19558175388579,-3.16964151176904,-1.82184191178849));
#9255=CARTESIAN_POINT('',(3.38373415235734,-3.18491312493602,-1.44263435525008));
#9256=CARTESIAN_POINT('',(3.52707309870926,-3.20018473810301,-1.04432085744824));
#9257=CARTESIAN_POINT('',(3.62370024238937,-3.21545635126999,-0.632176597320388));
#9258=CARTESIAN_POINT('',(3.67233587419386,-3.23072796443697,-0.21165992538483));
#9259=CARTESIAN_POINT('',(3.67233587419387,-3.24599957760396,0.211659925384733));
#9260=CARTESIAN_POINT('',(3.62370024238939,-3.26127119077094,0.632176597320292));
#9261=CARTESIAN_POINT('',(3.52707309870929,-3.27654280393793,1.04432085744814));
#9262=CARTESIAN_POINT('',(3.38373415235738,-3.29181441710491,1.44263435524999));
#9263=CARTESIAN_POINT('',(3.19558175388584,-3.3070860302719,1.82184191178841));
#9264=CARTESIAN_POINT('',(2.96510775283826,-3.32235764343888,2.17692138343142));
#9265=CARTESIAN_POINT('',(2.69536449998906,-3.33762925660587,2.50317017262599));
#9266=CARTESIAN_POINT('',(2.38992440861988,-3.35290086977285,2.79626751340931));
#9267=CARTESIAN_POINT('',(2.05283269464687,-3.36817248293983,3.0523316748785));
#9268=CARTESIAN_POINT('',(1.68855360706491,-3.38344409610682,3.2679714440182));
#9269=CARTESIAN_POINT('',(1.43079255855711,-3.39362517155148,3.38287765599405));
#9270=CARTESIAN_POINT('',(1.29903810410493,-3.39871570927381,3.43273701198933));
#9271=CARTESIAN_POINT('',(1.2990381041049,-3.26795095739286,-3.43273701198934));
#9272=CARTESIAN_POINT('',(1.43079255855705,-3.27304149511519,-3.38287765599407));
#9273=CARTESIAN_POINT('',(1.68855360706483,-3.28322257055984,-3.26797144401825));
#9274=CARTESIAN_POINT('',(2.05283269464677,-3.29849418372683,-3.05233167487857));
#9275=CARTESIAN_POINT('',(2.38992440861979,-3.31376579689381,-2.79626751340939));
#9276=CARTESIAN_POINT('',(2.69536449998897,-3.3290374100608,-2.50317017262608));
#9277=CARTESIAN_POINT('',(2.96510775283819,-3.34430902322778,-2.17692138343152));
#9278=CARTESIAN_POINT('',(3.19558175388578,-3.35958063639477,-1.82184191178852));
#9279=CARTESIAN_POINT('',(3.38373415235733,-3.37485224956175,-1.4426343552501));
#9280=CARTESIAN_POINT('',(3.52707309870926,-3.39012386272874,-1.04432085744826));
#9281=CARTESIAN_POINT('',(3.62370024238937,-3.40539547589572,-0.632176597320414));
#9282=CARTESIAN_POINT('',(3.67233587419386,-3.42066708906271,-0.211659925384856));
#9283=CARTESIAN_POINT('',(3.67233587419387,-3.43593870222969,0.211659925384707));
#9284=CARTESIAN_POINT('',(3.62370024238939,-3.45121031539667,0.632176597320267));
#9285=CARTESIAN_POINT('',(3.5270730987093,-3.46648192856366,1.04432085744812));
#9286=CARTESIAN_POINT('',(3.38373415235739,-3.48175354173064,1.44263435524997));
#9287=CARTESIAN_POINT('',(3.19558175388586,-3.49702515489763,1.82184191178839));
#9288=CARTESIAN_POINT('',(2.96510775283828,-3.51229676806461,2.1769213834314));
#9289=CARTESIAN_POINT('',(2.69536449998907,-3.5275683812316,2.50317017262597));
#9290=CARTESIAN_POINT('',(2.3899244086199,-3.54283999439858,2.7962675134093));
#9291=CARTESIAN_POINT('',(2.05283269464689,-3.55811160756557,3.05233167487849));
#9292=CARTESIAN_POINT('',(1.68855360706492,-3.57338322073255,3.2679714440182));
#9293=CARTESIAN_POINT('',(1.43079255855712,-3.58356429617721,3.38287765599404));
#9294=CARTESIAN_POINT('',(1.29903810410493,-3.58865483389954,3.43273701198933));
#9295=CARTESIAN_POINT('',(1.29903810410493,-3.91134516610046,-3.43273701198932));
#9296=CARTESIAN_POINT('',(1.43079255855709,-3.91643570382279,-3.38287765599406));
#9297=CARTESIAN_POINT('',(1.68855360706486,-3.92661677926745,-3.26797144401823));
#9298=CARTESIAN_POINT('',(2.0528326946468,-3.94188839243443,-3.05233167487855));
#9299=CARTESIAN_POINT('',(2.38992440861982,-3.95716000560142,-2.79626751340937));
#9300=CARTESIAN_POINT('',(2.695364499989,-3.9724316187684,-2.50317017262606));
#9301=CARTESIAN_POINT('',(2.96510775283821,-3.98770323193538,-2.17692138343149));
#9302=CARTESIAN_POINT('',(3.1955817538858,-4.00297484510237,-1.82184191178848));
#9303=CARTESIAN_POINT('',(3.38373415235735,-4.01824645826935,-1.44263435525007));
#9304=CARTESIAN_POINT('',(3.52707309870927,-4.03351807143634,-1.04432085744822));
#9305=CARTESIAN_POINT('',(3.62370024238937,-4.04878968460332,-0.632176597320376));
#9306=CARTESIAN_POINT('',(3.67233587419386,-4.06406129777031,-0.211659925384818));
#9307=CARTESIAN_POINT('',(3.67233587419386,-4.07933291093729,0.211659925384745));
#9308=CARTESIAN_POINT('',(3.62370024238939,-4.09460452410428,0.632176597320305));
#9309=CARTESIAN_POINT('',(3.52707309870929,-4.10987613727126,1.04432085744815));
#9310=CARTESIAN_POINT('',(3.38373415235738,-4.12514775043825,1.44263435525));
#9311=CARTESIAN_POINT('',(3.19558175388583,-4.14041936360523,1.82184191178842));
#9312=CARTESIAN_POINT('',(2.96510775283825,-4.15569097677222,2.17692138343144));
#9313=CARTESIAN_POINT('',(2.69536449998903,-4.1709625899392,2.50317017262602));
#9314=CARTESIAN_POINT('',(2.38992440861984,-4.18623420310619,2.79626751340935));
#9315=CARTESIAN_POINT('',(2.05283269464682,-4.20150581627317,3.05233167487854));
#9316=CARTESIAN_POINT('',(1.68855360706487,-4.21677742944016,3.26797144401823));
#9317=CARTESIAN_POINT('',(1.43079255855709,-4.22695850488481,3.38287765599406));
#9318=CARTESIAN_POINT('',(1.29903810410493,-4.23204904260714,3.43273701198933));
#9319=CARTESIAN_POINT('',(1.29903810410493,-4.10128429072619,-3.43273701198932));
#9320=CARTESIAN_POINT('',(1.43079255855709,-4.10637482844852,-3.38287765599406));
#9321=CARTESIAN_POINT('',(1.68855360706486,-4.11655590389318,-3.26797144401823));
#9322=CARTESIAN_POINT('',(2.0528326946468,-4.13182751706016,-3.05233167487855));
#9323=CARTESIAN_POINT('',(2.38992440861982,-4.14709913022715,-2.79626751340937));
#9324=CARTESIAN_POINT('',(2.695364499989,-4.16237074339413,-2.50317017262606));
#9325=CARTESIAN_POINT('',(2.96510775283821,-4.17764235656112,-2.17692138343149));
#9326=CARTESIAN_POINT('',(3.1955817538858,-4.1929139697281,-1.82184191178848));
#9327=CARTESIAN_POINT('',(3.38373415235735,-4.20818558289509,-1.44263435525007));
#9328=CARTESIAN_POINT('',(3.52707309870927,-4.22345719606207,-1.04432085744822));
#9329=CARTESIAN_POINT('',(3.62370024238937,-4.23872880922905,-0.632176597320376));
#9330=CARTESIAN_POINT('',(3.67233587419386,-4.25400042239604,-0.211659925384818));
#9331=CARTESIAN_POINT('',(3.67233587419386,-4.26927203556302,0.211659925384745));
#9332=CARTESIAN_POINT('',(3.62370024238939,-4.28454364873001,0.632176597320305));
#9333=CARTESIAN_POINT('',(3.52707309870929,-4.29981526189699,1.04432085744815));
#9334=CARTESIAN_POINT('',(3.38373415235738,-4.31508687506398,1.44263435525));
#9335=CARTESIAN_POINT('',(3.19558175388584,-4.33035848823096,1.82184191178842));
#9336=CARTESIAN_POINT('',(2.96510775283825,-4.34563010139795,2.17692138343144));
#9337=CARTESIAN_POINT('',(2.69536449998903,-4.36090171456493,2.50317017262602));
#9338=CARTESIAN_POINT('',(2.38992440861984,-4.37617332773192,2.79626751340935));
#9339=CARTESIAN_POINT('',(2.05283269464682,-4.3914449408989,3.05233167487854));
#9340=CARTESIAN_POINT('',(1.68855360706487,-4.40671655406589,3.26797144401823));
#9341=CARTESIAN_POINT('',(1.43079255855709,-4.41689762951054,3.38287765599406));
#9342=CARTESIAN_POINT('',(1.29903810410493,-4.42198816723287,3.43273701198933));
#9343=CARTESIAN_POINT('',(3.6703110752902,-5.09496956231287,-4.63815648146531E-15));
#9344=CARTESIAN_POINT('',(1.29903810410492,-4.93461762405953,-3.43273701198933));
#9345=CARTESIAN_POINT('',(1.42480371971834,-4.93947677370357,-3.38514399035748));
#9346=CARTESIAN_POINT('',(1.67109831451064,-4.94919507299165,-3.27612108773832));
#9347=CARTESIAN_POINT('',(2.02037308476807,-4.96377252192377,-3.07304923801698));
#9348=CARTESIAN_POINT('',(2.3452652017785,-4.97834997085589,-2.83289077160675));
#9349=CARTESIAN_POINT('',(2.64185384893616,-4.99292741978801,-2.55854396932723));
#9350=CARTESIAN_POINT('',(2.90655966367854,-5.00750486872013,-2.25331975537264));
#9351=CARTESIAN_POINT('',(3.13618808950052,-5.02208231765226,-1.92090168039667));
#9352=CARTESIAN_POINT('',(3.32796788746033,-5.03665976658438,-1.56530148602508));
#9353=CARTESIAN_POINT('',(3.47958459160009,-5.0512372155165,-1.19081067362829));
#9354=CARTESIAN_POINT('',(3.58920843775797,-5.06581466444862,-0.801948758499551));
#9355=CARTESIAN_POINT('',(3.65551644660855,-5.08039211338074,-0.403408560715279));
#9356=CARTESIAN_POINT('',(3.6703110752902,-5.09011041266882,-0.134469646309799));
#9357=CARTESIAN_POINT('',(3.6703110752902,-5.09496956231287,-4.63815648146531E-15));
#9358=CARTESIAN_POINT('',(3.5,-5.125,-1.84041263329793E-15));
#9359=VECTOR('',#9360,1.);
#9360=DIRECTION('',(0.984807753012208,0.173648177666933,-6.03020831250951E-16));
#9361=CARTESIAN_POINT('',(3.6703110752902,-4.90503043768714,-4.63815648146531E-15));
#9362=AXIS2_PLACEMENT_3D('',#9363,#9364,#9365);
#9363=CARTESIAN_POINT('',(3.65356537910837,-5.,7.46709545333095E-16));
#9364=DIRECTION('',(-1.22464679914735E-16,0.,1.));
#9365=DIRECTION('',(0.17364817766693,-0.984807753012208,2.12657684957577E-17));
#9366=CARTESIAN_POINT('',(3.6703110752902,-4.90503043768714,-1.94469808990468E-15));
#9367=VECTOR('',#9368,1.);
#9368=DIRECTION('',(-0.984807753012208,0.173648177666933,6.03020831250951E-16));
#9369=CARTESIAN_POINT('',(1.29903810410492,-4.7446784994338,-3.43273701198933));
#9370=CARTESIAN_POINT('',(1.42480371971834,-4.74953764907784,-3.38514399035748));
#9371=CARTESIAN_POINT('',(1.67109831451064,-4.75925594836592,-3.27612108773832));
#9372=CARTESIAN_POINT('',(2.02037308476807,-4.77383339729804,-3.07304923801698));
#9373=CARTESIAN_POINT('',(2.3452652017785,-4.78841084623016,-2.83289077160675));
#9374=CARTESIAN_POINT('',(2.64185384893616,-4.80298829516228,-2.55854396932723));
#9375=CARTESIAN_POINT('',(2.90655966367854,-4.8175657440944,-2.25331975537264));
#9376=CARTESIAN_POINT('',(3.13618808950052,-4.83214319302652,-1.92090168039667));
#9377=CARTESIAN_POINT('',(3.32796788746033,-4.84672064195865,-1.56530148602508));
#9378=CARTESIAN_POINT('',(3.47958459160009,-4.86129809089077,-1.19081067362829));
#9379=CARTESIAN_POINT('',(3.58920843775797,-4.87587553982289,-0.801948758499551));
#9380=CARTESIAN_POINT('',(3.65551644660855,-4.89045298875501,-0.403408560715279));
#9381=CARTESIAN_POINT('',(3.6703110752902,-4.90017128804309,-0.134469646309799));
#9382=CARTESIAN_POINT('',(3.6703110752902,-4.90503043768714,-4.63815648146531E-15));
#9383=CARTESIAN_POINT('',(-1.42875459900525E-16,-7.,-1.));
#9384=CARTESIAN_POINT('',(-1.,-7.,-1.83697019872103E-16));
#9385=AXIS2_PLACEMENT_3D('',#9386,#9387,#9388);
#9386=CARTESIAN_POINT('',(0.,-7.,-4.28626379701574E-16));
#9387=DIRECTION('',(0.,-1.,-6.12323399573676E-17));
#9388=DIRECTION('',(-1.,-7.49879891330928E-33,1.22464679914735E-16));
#9389=AXIS2_PLACEMENT_3D('',#9390,#9391,#9392);
#9390=CARTESIAN_POINT('',(0.,-7.,-4.28626379701574E-16));
#9391=DIRECTION('',(0.,-1.,-6.12323399573676E-17));
#9392=DIRECTION('',(-1.83697019872103E-16,6.12323399573676E-17,-1.));
#9393=CARTESIAN_POINT('',(2.5,-11.,-1.));
#9394=CARTESIAN_POINT('',(3.,-11.,-1.));
#9395=CARTESIAN_POINT('',(2.5,-11.,-1.));
#9396=VECTOR('',#9397,1.);
#9397=DIRECTION('',(1.,0.,-4.44089209850062E-16));
#9398=CARTESIAN_POINT('',(2.5,-8.,-1.));
#9399=VECTOR('',#9400,1.);
#9400=DIRECTION('',(0.,-1.,-7.40148683083438E-17));
#9401=CARTESIAN_POINT('',(3.,-8.,-1.));
#9402=VECTOR('',#9403,1.);
#9403=DIRECTION('',(0.,-1.,-7.40148683083438E-17));
#9404=CARTESIAN_POINT('',(2.5,-11.,0.999999999999999));
#9405=CARTESIAN_POINT('',(2.5,-8.,1.));
#9406=VECTOR('',#9407,1.);
#9407=DIRECTION('',(0.,-1.,-7.40148683083437E-17));
#9408=AXIS2_PLACEMENT_3D('',#9409,#9410,#9411);
#9409=CARTESIAN_POINT('',(2.5,-11.,-6.66133814775094E-16));
#9410=DIRECTION('',(-1.,0.,0.));
#9411=DIRECTION('',(0.,0.,-1.));
#9412=CARTESIAN_POINT('',(2.5,-11.,-0.500000000000001));
#9413=AXIS2_PLACEMENT_3D('',#9414,#9415,#9416);
#9414=CARTESIAN_POINT('',(2.5,-11.,-6.66133814775094E-16));
#9415=DIRECTION('',(1.,0.,0.));
#9416=DIRECTION('',(0.,-1.22464679914735E-16,-1.));
#9417=CARTESIAN_POINT('',(3.,-11.,0.999999999999999));
#9418=CARTESIAN_POINT('',(3.,-11.,0.999999999999999));
#9419=VECTOR('',#9420,1.);
#9420=DIRECTION('',(-1.,0.,4.44089209850063E-16));
#9421=CARTESIAN_POINT('',(3.,-8.,1.));
#9422=VECTOR('',#9423,1.);
#9423=DIRECTION('',(0.,-1.,-1.11022302462516E-16));
#9424=AXIS2_PLACEMENT_3D('',#9425,#9426,#9427);
#9425=CARTESIAN_POINT('',(3.,-11.,-6.66133814775094E-16));
#9426=DIRECTION('',(1.,0.,0.));
#9427=DIRECTION('',(0.,0.,1.));
#9428=CARTESIAN_POINT('',(3.,-11.,-0.500000000000001));
#9429=AXIS2_PLACEMENT_3D('',#9430,#9431,#9432);
#9430=CARTESIAN_POINT('',(3.,-11.,-5.55111512312578E-16));
#9431=DIRECTION('',(1.,0.,0.));
#9432=DIRECTION('',(0.,-1.22464679914735E-16,-1.));
#9433=CARTESIAN_POINT('',(-2.5,-13.,-1.));
#9434=CARTESIAN_POINT('',(-2.5,-13.,1.));
#9435=AXIS2_PLACEMENT_3D('',#9436,#9437,#9438);
#9436=CARTESIAN_POINT('',(-2.5,-13.,-5.55111512312578E-16));
#9437=DIRECTION('',(1.,0.,0.));
#9438=DIRECTION('',(0.,0.,1.));
#9439=CARTESIAN_POINT('',(-2.5,-8.,-1.));
#9440=VECTOR('',#9441,1.);
#9441=DIRECTION('',(0.,-1.,-4.44089209850063E-17));
#9442=CARTESIAN_POINT('',(-2.5,-8.,1.));
#9443=VECTOR('',#9444,1.);
#9444=DIRECTION('',(0.,-1.,-8.88178419700125E-17));
#9445=CARTESIAN_POINT('',(-2.5,-13.,0.499999999999999));
#9446=AXIS2_PLACEMENT_3D('',#9447,#9448,#9449);
#9447=CARTESIAN_POINT('',(-2.5,-13.,-4.44089209850063E-16));
#9448=DIRECTION('',(-1.,0.,0.));
#9449=DIRECTION('',(0.,-1.22464679914735E-16,1.));
#9450=CARTESIAN_POINT('',(-3.,-13.,-1.));
#9451=CARTESIAN_POINT('',(-3.,-13.,-1.));
#9452=VECTOR('',#9453,1.);
#9453=DIRECTION('',(1.,0.,0.));
#9454=CARTESIAN_POINT('',(-3.,-8.,-1.));
#9455=VECTOR('',#9456,1.);
#9456=DIRECTION('',(0.,-1.,-8.88178419700125E-17));
#9457=CARTESIAN_POINT('',(-3.,-13.,1.));
#9458=CARTESIAN_POINT('',(-3.,-8.,1.));
#9459=VECTOR('',#9460,1.);
#9460=DIRECTION('',(0.,-1.,-8.88178419700125E-17));
#9461=AXIS2_PLACEMENT_3D('',#9462,#9463,#9464);
#9462=CARTESIAN_POINT('',(-3.,-13.,-4.44089209850063E-16));
#9463=DIRECTION('',(-1.,0.,0.));
#9464=DIRECTION('',(0.,0.,-1.));
#9465=CARTESIAN_POINT('',(-3.,-13.,0.499999999999999));
#9466=AXIS2_PLACEMENT_3D('',#9467,#9468,#9469);
#9467=CARTESIAN_POINT('',(-3.,-13.,-4.44089209850063E-16));
#9468=DIRECTION('',(-1.,0.,0.));
#9469=DIRECTION('',(0.,-1.22464679914735E-16,1.));
#9470=CARTESIAN_POINT('',(-2.5,-13.,1.));
#9471=VECTOR('',#9472,1.);
#9472=DIRECTION('',(-1.,0.,0.));
#9473=CARTESIAN_POINT('',(-1.29903810410493,-4.51795095739286,3.43273701198932));
#9474=CARTESIAN_POINT('',(-1.43079255855709,-4.52304149511519,3.38287765599406));
#9475=CARTESIAN_POINT('',(-1.68855360706487,-4.53322257055985,3.26797144401822));
#9476=CARTESIAN_POINT('',(-2.05283269464682,-4.54849418372683,3.05233167487854));
#9477=CARTESIAN_POINT('',(-2.38992440861985,-4.56376579689382,2.79626751340935));
#9478=CARTESIAN_POINT('',(-2.69536449998903,-4.5790374100608,2.50317017262602));
#9479=CARTESIAN_POINT('',(-2.96510775283825,-4.59430902322779,2.17692138343144));
#9480=CARTESIAN_POINT('',(-3.19558175388584,-4.60958063639477,1.82184191178842));
#9481=CARTESIAN_POINT('',(-3.38373415235738,-4.62485224956176,1.44263435524999));
#9482=CARTESIAN_POINT('',(-3.5270730987093,-4.64012386272874,1.04432085744812));
#9483=CARTESIAN_POINT('',(-3.62370024238939,-4.65539547589573,0.632176597320262));
#9484=CARTESIAN_POINT('',(-3.67233587419387,-4.67066708906271,0.211659925384688));
#9485=CARTESIAN_POINT('',(-3.67233587419386,-4.6859387022297,-0.211659925384887));
#9486=CARTESIAN_POINT('',(-3.62370024238936,-4.70121031539668,-0.632176597320458));
#9487=CARTESIAN_POINT('',(-3.52707309870924,-4.71648192856367,-1.04432085744832));
#9488=CARTESIAN_POINT('',(-3.38373415235731,-4.73175354173065,-1.44263435525017));
#9489=CARTESIAN_POINT('',(-3.19558175388574,-4.74702515489764,-1.82184191178859));
#9490=CARTESIAN_POINT('',(-2.96510775283813,-4.76229676806462,-2.1769213834316));
#9491=CARTESIAN_POINT('',(-2.6953644999889,-4.77756838123161,-2.50317017262616));
#9492=CARTESIAN_POINT('',(-2.3899244086197,-4.79283999439859,-2.79626751340947));
#9493=CARTESIAN_POINT('',(-2.05283269464666,-4.80811160756558,-3.05233167487865));
#9494=CARTESIAN_POINT('',(-1.68855360706474,-4.82338322073256,-3.26797144401828));
#9495=CARTESIAN_POINT('',(-1.43079255855702,-4.83356429617721,-3.38287765599408));
#9496=CARTESIAN_POINT('',(-1.29903810410492,-4.83865483389954,-3.43273701198933));
#9497=CARTESIAN_POINT('',(-1.29903810410493,-4.32801183276713,3.43273701198932));
#9498=CARTESIAN_POINT('',(-1.43079255855709,-4.33310237048946,3.38287765599406));
#9499=CARTESIAN_POINT('',(-1.68855360706487,-4.34328344593412,3.26797144401822));
#9500=CARTESIAN_POINT('',(-2.05283269464682,-4.3585550591011,3.05233167487854));
#9501=CARTESIAN_POINT('',(-2.38992440861985,-4.37382667226808,2.79626751340935));
#9502=CARTESIAN_POINT('',(-2.69536449998903,-4.38909828543507,2.50317017262602));
#9503=CARTESIAN_POINT('',(-2.96510775283825,-4.40436989860205,2.17692138343144));
#9504=CARTESIAN_POINT('',(-3.19558175388584,-4.41964151176904,1.82184191178842));
#9505=CARTESIAN_POINT('',(-3.38373415235738,-4.43491312493602,1.44263435524998));
#9506=CARTESIAN_POINT('',(-3.5270730987093,-4.45018473810301,1.04432085744813));
#9507=CARTESIAN_POINT('',(-3.62370024238939,-4.46545635126999,0.632176597320261));
#9508=CARTESIAN_POINT('',(-3.67233587419387,-4.48072796443698,0.211659925384688));
#9509=CARTESIAN_POINT('',(-3.67233587419386,-4.49599957760396,-0.211659925384887));
#9510=CARTESIAN_POINT('',(-3.62370024238936,-4.51127119077095,-0.632176597320458));
#9511=CARTESIAN_POINT('',(-3.52707309870924,-4.52654280393793,-1.04432085744832));
#9512=CARTESIAN_POINT('',(-3.38373415235731,-4.54181441710492,-1.44263435525017));
#9513=CARTESIAN_POINT('',(-3.19558175388574,-4.55708603027191,-1.82184191178859));
#9514=CARTESIAN_POINT('',(-2.96510775283813,-4.57235764343889,-2.1769213834316));
#9515=CARTESIAN_POINT('',(-2.6953644999889,-4.58762925660588,-2.50317017262616));
#9516=CARTESIAN_POINT('',(-2.3899244086197,-4.60290086977286,-2.79626751340947));
#9517=CARTESIAN_POINT('',(-2.05283269464666,-4.61817248293985,-3.05233167487865));
#9518=CARTESIAN_POINT('',(-1.68855360706474,-4.63344409610683,-3.26797144401828));
#9519=CARTESIAN_POINT('',(-1.43079255855702,-4.64362517155148,-3.38287765599408));
#9520=CARTESIAN_POINT('',(-1.29903810410492,-4.64871570927381,-3.43273701198933));
#9521=CARTESIAN_POINT('',(-1.29903810410491,-3.68461762405953,3.43273701198933));
#9522=CARTESIAN_POINT('',(-1.43079255855707,-3.68970816178185,3.38287765599407));
#9523=CARTESIAN_POINT('',(-1.68855360706484,-3.69988923722651,3.26797144401824));
#9524=CARTESIAN_POINT('',(-2.05283269464678,-3.7151608503935,3.05233167487857));
#9525=CARTESIAN_POINT('',(-2.3899244086198,-3.73043246356048,2.79626751340939));
#9526=CARTESIAN_POINT('',(-2.69536449998898,-3.74570407672746,2.50317017262607));
#9527=CARTESIAN_POINT('',(-2.9651077528382,-3.76097568989445,2.17692138343151));
#9528=CARTESIAN_POINT('',(-3.19558175388579,-3.77624730306144,1.82184191178851));
#9529=CARTESIAN_POINT('',(-3.38373415235734,-3.79151891622842,1.44263435525009));
#9530=CARTESIAN_POINT('',(-3.52707309870926,-3.8067905293954,1.04432085744825));
#9531=CARTESIAN_POINT('',(-3.62370024238937,-3.82206214256239,0.632176597320402));
#9532=CARTESIAN_POINT('',(-3.67233587419386,-3.83733375572937,0.211659925384844));
#9533=CARTESIAN_POINT('',(-3.67233587419387,-3.85260536889636,-0.211659925384719));
#9534=CARTESIAN_POINT('',(-3.62370024238939,-3.86787698206334,-0.632176597320279));
#9535=CARTESIAN_POINT('',(-3.52707309870929,-3.88314859523033,-1.04432085744813));
#9536=CARTESIAN_POINT('',(-3.38373415235739,-3.89842020839731,-1.44263435524998));
#9537=CARTESIAN_POINT('',(-3.19558175388585,-3.9136918215643,-1.8218419117884));
#9538=CARTESIAN_POINT('',(-2.96510775283827,-3.92896343473128,-2.17692138343141));
#9539=CARTESIAN_POINT('',(-2.69536449998906,-3.94423504789826,-2.50317017262598));
#9540=CARTESIAN_POINT('',(-2.38992440861989,-3.95950666106525,-2.7962675134093));
#9541=CARTESIAN_POINT('',(-2.05283269464688,-3.97477827423223,-3.0523316748785));
#9542=CARTESIAN_POINT('',(-1.68855360706492,-3.99004988739922,-3.2679714440182));
#9543=CARTESIAN_POINT('',(-1.43079255855713,-4.00023096284388,-3.38287765599404));
#9544=CARTESIAN_POINT('',(-1.29903810410494,-4.0053215005662,-3.43273701198932));
#9545=CARTESIAN_POINT('',(-1.29903810410491,-3.49467849943379,3.43273701198933));
#9546=CARTESIAN_POINT('',(-1.43079255855707,-3.49976903715612,3.38287765599407));
#9547=CARTESIAN_POINT('',(-1.68855360706484,-3.50995011260078,3.26797144401824));
#9548=CARTESIAN_POINT('',(-2.05283269464678,-3.52522172576776,3.05233167487857));
#9549=CARTESIAN_POINT('',(-2.3899244086198,-3.54049333893475,2.79626751340939));
#9550=CARTESIAN_POINT('',(-2.69536449998898,-3.55576495210173,2.50317017262607));
#9551=CARTESIAN_POINT('',(-2.9651077528382,-3.57103656526872,2.17692138343151));
#9552=CARTESIAN_POINT('',(-3.19558175388579,-3.5863081784357,1.82184191178851));
#9553=CARTESIAN_POINT('',(-3.38373415235734,-3.60157979160269,1.44263435525009));
#9554=CARTESIAN_POINT('',(-3.52707309870926,-3.61685140476967,1.04432085744825));
#9555=CARTESIAN_POINT('',(-3.62370024238937,-3.63212301793666,0.632176597320402));
#9556=CARTESIAN_POINT('',(-3.67233587419386,-3.64739463110364,0.211659925384844));
#9557=CARTESIAN_POINT('',(-3.67233587419387,-3.66266624427062,-0.211659925384719));
#9558=CARTESIAN_POINT('',(-3.62370024238939,-3.67793785743761,-0.632176597320279));
#9559=CARTESIAN_POINT('',(-3.52707309870929,-3.69320947060459,-1.04432085744813));
#9560=CARTESIAN_POINT('',(-3.38373415235739,-3.70848108377158,-1.44263435524998));
#9561=CARTESIAN_POINT('',(-3.19558175388585,-3.72375269693856,-1.8218419117884));
#9562=CARTESIAN_POINT('',(-2.96510775283827,-3.73902431010555,-2.17692138343141));
#9563=CARTESIAN_POINT('',(-2.69536449998906,-3.75429592327253,-2.50317017262598));
#9564=CARTESIAN_POINT('',(-2.38992440861989,-3.76956753643952,-2.7962675134093));
#9565=CARTESIAN_POINT('',(-2.05283269464688,-3.7848391496065,-3.0523316748785));
#9566=CARTESIAN_POINT('',(-1.68855360706492,-3.80011076277349,-3.2679714440182));
#9567=CARTESIAN_POINT('',(-1.43079255855713,-3.81029183821814,-3.38287765599404));
#9568=CARTESIAN_POINT('',(-1.29903810410494,-3.81538237594047,-3.43273701198932));
#9569=CARTESIAN_POINT('',(-1.29903810410491,-2.85128429072619,3.43273701198933));
#9570=CARTESIAN_POINT('',(-1.43079255855707,-2.85637482844852,3.38287765599407));
#9571=CARTESIAN_POINT('',(-1.68855360706484,-2.86655590389318,3.26797144401824));
#9572=CARTESIAN_POINT('',(-2.05283269464678,-2.88182751706016,3.05233167487857));
#9573=CARTESIAN_POINT('',(-2.3899244086198,-2.89709913022715,2.79626751340939));
#9574=CARTESIAN_POINT('',(-2.69536449998898,-2.91237074339413,2.50317017262607));
#9575=CARTESIAN_POINT('',(-2.9651077528382,-2.92764235656112,2.17692138343151));
#9576=CARTESIAN_POINT('',(-3.19558175388579,-2.9429139697281,1.82184191178851));
#9577=CARTESIAN_POINT('',(-3.38373415235734,-2.95818558289508,1.44263435525009));
#9578=CARTESIAN_POINT('',(-3.52707309870926,-2.97345719606207,1.04432085744825));
#9579=CARTESIAN_POINT('',(-3.62370024238937,-2.98872880922905,0.632176597320401));
#9580=CARTESIAN_POINT('',(-3.67233587419386,-3.00400042239604,0.211659925384843));
#9581=CARTESIAN_POINT('',(-3.67233587419387,-3.01927203556302,-0.21165992538472));
#9582=CARTESIAN_POINT('',(-3.62370024238939,-3.03454364873001,-0.63217659732028));
#9583=CARTESIAN_POINT('',(-3.52707309870929,-3.04981526189699,-1.04432085744813));
#9584=CARTESIAN_POINT('',(-3.38373415235739,-3.06508687506398,-1.44263435524998));
#9585=CARTESIAN_POINT('',(-3.19558175388585,-3.08035848823096,-1.8218419117884));
#9586=CARTESIAN_POINT('',(-2.96510775283827,-3.09563010139795,-2.17692138343141));
#9587=CARTESIAN_POINT('',(-2.69536449998906,-3.11090171456493,-2.50317017262598));
#9588=CARTESIAN_POINT('',(-2.38992440861989,-3.12617332773192,-2.79626751340931));
#9589=CARTESIAN_POINT('',(-2.05283269464688,-3.1414449408989,-3.0523316748785));
#9590=CARTESIAN_POINT('',(-1.68855360706492,-3.15671655406589,-3.2679714440182));
#9591=CARTESIAN_POINT('',(-1.43079255855712,-3.16689762951054,-3.38287765599405));
#9592=CARTESIAN_POINT('',(-1.29903810410493,-3.17198816723287,-3.43273701198933));
#9593=CARTESIAN_POINT('',(-1.29903810410491,-2.66134516610046,3.43273701198933));
#9594=CARTESIAN_POINT('',(-1.43079255855707,-2.66643570382279,3.38287765599407));
#9595=CARTESIAN_POINT('',(-1.68855360706484,-2.67661677926745,3.26797144401824));
#9596=CARTESIAN_POINT('',(-2.05283269464678,-2.69188839243443,3.05233167487857));
#9597=CARTESIAN_POINT('',(-2.3899244086198,-2.70716000560142,2.79626751340939));
#9598=CARTESIAN_POINT('',(-2.69536449998898,-2.7224316187684,2.50317017262607));
#9599=CARTESIAN_POINT('',(-2.9651077528382,-2.73770323193538,2.17692138343151));
#9600=CARTESIAN_POINT('',(-3.19558175388579,-2.75297484510237,1.82184191178851));
#9601=CARTESIAN_POINT('',(-3.38373415235734,-2.76824645826935,1.44263435525009));
#9602=CARTESIAN_POINT('',(-3.52707309870926,-2.78351807143634,1.04432085744825));
#9603=CARTESIAN_POINT('',(-3.62370024238937,-2.79878968460332,0.632176597320401));
#9604=CARTESIAN_POINT('',(-3.67233587419386,-2.81406129777031,0.211659925384843));
#9605=CARTESIAN_POINT('',(-3.67233587419387,-2.82933291093729,-0.21165992538472));
#9606=CARTESIAN_POINT('',(-3.62370024238939,-2.84460452410428,-0.63217659732028));
#9607=CARTESIAN_POINT('',(-3.52707309870929,-2.85987613727126,-1.04432085744813));
#9608=CARTESIAN_POINT('',(-3.38373415235739,-2.87514775043824,-1.44263435524998));
#9609=CARTESIAN_POINT('',(-3.19558175388585,-2.89041936360523,-1.8218419117884));
#9610=CARTESIAN_POINT('',(-2.96510775283827,-2.90569097677221,-2.17692138343141));
#9611=CARTESIAN_POINT('',(-2.69536449998906,-2.9209625899392,-2.50317017262598));
#9612=CARTESIAN_POINT('',(-2.38992440861989,-2.93623420310618,-2.79626751340931));
#9613=CARTESIAN_POINT('',(-2.05283269464688,-2.95150581627317,-3.0523316748785));
#9614=CARTESIAN_POINT('',(-1.68855360706492,-2.96677742944015,-3.2679714440182));
#9615=CARTESIAN_POINT('',(-1.43079255855712,-2.97695850488481,-3.38287765599405));
#9616=CARTESIAN_POINT('',(-1.29903810410493,-2.98204904260714,-3.43273701198933));
#9617=CARTESIAN_POINT('',(-1.29903810410492,-2.01795095739286,3.43273701198933));
#9618=CARTESIAN_POINT('',(-1.43079255855708,-2.02304149511519,3.38287765599406));
#9619=CARTESIAN_POINT('',(-1.68855360706486,-2.03322257055984,3.26797144401823));
#9620=CARTESIAN_POINT('',(-2.0528326946468,-2.04849418372683,3.05233167487855));
#9621=CARTESIAN_POINT('',(-2.38992440861982,-2.06376579689381,2.79626751340936));
#9622=CARTESIAN_POINT('',(-2.69536449998901,-2.0790374100608,2.50317017262605));
#9623=CARTESIAN_POINT('',(-2.96510775283822,-2.09430902322778,2.17692138343147));
#9624=CARTESIAN_POINT('',(-3.19558175388581,-2.10958063639477,1.82184191178846));
#9625=CARTESIAN_POINT('',(-3.38373415235736,-2.12485224956175,1.44263435525004));
#9626=CARTESIAN_POINT('',(-3.52707309870928,-2.14012386272874,1.04432085744818));
#9627=CARTESIAN_POINT('',(-3.62370024238938,-2.15539547589572,0.632176597320329));
#9628=CARTESIAN_POINT('',(-3.67233587419386,-2.17066708906271,0.211659925384764));
#9629=CARTESIAN_POINT('',(-3.67233587419386,-2.18593870222969,-0.211659925384805));
#9630=CARTESIAN_POINT('',(-3.62370024238938,-2.20121031539668,-0.632176597320371));
#9631=CARTESIAN_POINT('',(-3.52707309870927,-2.21648192856366,-1.04432085744822));
#9632=CARTESIAN_POINT('',(-3.38373415235735,-2.23175354173065,-1.44263435525007));
#9633=CARTESIAN_POINT('',(-3.1955817538858,-2.24702515489763,-1.82184191178849));
#9634=CARTESIAN_POINT('',(-2.96510775283821,-2.26229676806462,-2.1769213834315));
#9635=CARTESIAN_POINT('',(-2.69536449998899,-2.2775683812316,-2.50317017262606));
#9636=CARTESIAN_POINT('',(-2.38992440861981,-2.29283999439859,-2.79626751340937));
#9637=CARTESIAN_POINT('',(-2.05283269464679,-2.30811160756557,-3.05233167487856));
#9638=CARTESIAN_POINT('',(-1.68855360706486,-2.32338322073255,-3.26797144401823));
#9639=CARTESIAN_POINT('',(-1.43079255855709,-2.33356429617721,-3.38287765599406));
#9640=CARTESIAN_POINT('',(-1.29903810410494,-2.33865483389954,-3.43273701198932));
#9641=CARTESIAN_POINT('',(-1.29903810410492,-1.82801183276713,3.43273701198933));
#9642=CARTESIAN_POINT('',(-1.43079255855708,-1.83310237048946,3.38287765599406));
#9643=CARTESIAN_POINT('',(-1.68855360706486,-1.84328344593411,3.26797144401823));
#9644=CARTESIAN_POINT('',(-2.0528326946468,-1.8585550591011,3.05233167487855));
#9645=CARTESIAN_POINT('',(-2.38992440861982,-1.87382667226808,2.79626751340936));
#9646=CARTESIAN_POINT('',(-2.69536449998901,-1.88909828543507,2.50317017262605));
#9647=CARTESIAN_POINT('',(-2.96510775283822,-1.90436989860205,2.17692138343147));
#9648=CARTESIAN_POINT('',(-3.19558175388581,-1.91964151176904,1.82184191178846));
#9649=CARTESIAN_POINT('',(-3.38373415235736,-1.93491312493602,1.44263435525004));
#9650=CARTESIAN_POINT('',(-3.52707309870928,-1.95018473810301,1.04432085744818));
#9651=CARTESIAN_POINT('',(-3.62370024238938,-1.96545635126999,0.632176597320329));
#9652=CARTESIAN_POINT('',(-3.67233587419386,-1.98072796443698,0.211659925384764));
#9653=CARTESIAN_POINT('',(-3.67233587419386,-1.99599957760396,-0.211659925384805));
#9654=CARTESIAN_POINT('',(-3.62370024238938,-2.01127119077095,-0.632176597320371));
#9655=CARTESIAN_POINT('',(-3.52707309870927,-2.02654280393793,-1.04432085744822));
#9656=CARTESIAN_POINT('',(-3.38373415235735,-2.04181441710492,-1.44263435525007));
#9657=CARTESIAN_POINT('',(-3.19558175388579,-2.0570860302719,-1.82184191178849));
#9658=CARTESIAN_POINT('',(-2.96510775283821,-2.07235764343888,-2.1769213834315));
#9659=CARTESIAN_POINT('',(-2.69536449998899,-2.08762925660587,-2.50317017262606));
#9660=CARTESIAN_POINT('',(-2.38992440861981,-2.10290086977285,-2.79626751340937));
#9661=CARTESIAN_POINT('',(-2.0528326946468,-2.11817248293984,-3.05233167487856));
#9662=CARTESIAN_POINT('',(-1.68855360706485,-2.13344409610682,-3.26797144401823));
#9663=CARTESIAN_POINT('',(-1.43079255855708,-2.14362517155148,-3.38287765599406));
#9664=CARTESIAN_POINT('',(-1.29903810410493,-2.14871570927381,-3.43273701198933));
#9665=CARTESIAN_POINT('',(-1.29903810410493,-1.18461762405953,3.43273701198933));
#9666=CARTESIAN_POINT('',(-1.43079255855708,-1.18970816178185,3.38287765599406));
#9667=CARTESIAN_POINT('',(-1.68855360706486,-1.19988923722651,3.26797144401823));
#9668=CARTESIAN_POINT('',(-2.0528326946468,-1.2151608503935,3.05233167487855));
#9669=CARTESIAN_POINT('',(-2.38992440861983,-1.23043246356048,2.79626751340936));
#9670=CARTESIAN_POINT('',(-2.69536449998901,-1.24570407672747,2.50317017262604));
#9671=CARTESIAN_POINT('',(-2.96510775283822,-1.26097568989445,2.17692138343147));
#9672=CARTESIAN_POINT('',(-3.19558175388581,-1.27624730306144,1.82184191178846));
#9673=CARTESIAN_POINT('',(-3.38373415235736,-1.29151891622842,1.44263435525004));
#9674=CARTESIAN_POINT('',(-3.52707309870928,-1.30679052939541,1.04432085744818));
#9675=CARTESIAN_POINT('',(-3.62370024238938,-1.32206214256239,0.632176597320329));
#9676=CARTESIAN_POINT('',(-3.67233587419386,-1.33733375572937,0.211659925384763));
#9677=CARTESIAN_POINT('',(-3.67233587419386,-1.35260536889636,-0.211659925384806));
#9678=CARTESIAN_POINT('',(-3.62370024238938,-1.36787698206334,-0.632176597320371));
#9679=CARTESIAN_POINT('',(-3.52707309870927,-1.38314859523033,-1.04432085744823));
#9680=CARTESIAN_POINT('',(-3.38373415235734,-1.39842020839731,-1.44263435525008));
#9681=CARTESIAN_POINT('',(-3.19558175388579,-1.4136918215643,-1.8218419117885));
#9682=CARTESIAN_POINT('',(-2.9651077528382,-1.42896343473128,-2.17692138343151));
#9683=CARTESIAN_POINT('',(-2.69536449998898,-1.44423504789827,-2.50317017262608));
#9684=CARTESIAN_POINT('',(-2.38992440861979,-1.45950666106525,-2.79626751340939));
#9685=CARTESIAN_POINT('',(-2.05283269464677,-1.47477827423224,-3.05233167487858));
#9686=CARTESIAN_POINT('',(-1.68855360706483,-1.49004988739922,-3.26797144401825));
#9687=CARTESIAN_POINT('',(-1.43079255855707,-1.50023096284388,-3.38287765599407));
#9688=CARTESIAN_POINT('',(-1.29903810410492,-1.50532150056621,-3.43273701198933));
#9689=CARTESIAN_POINT('',(-1.29903810410493,-0.994678499433795,3.43273701198933));
#9690=CARTESIAN_POINT('',(-1.43079255855708,-0.999769037156123,3.38287765599406));
#9691=CARTESIAN_POINT('',(-1.68855360706486,-1.00995011260078,3.26797144401823));
#9692=CARTESIAN_POINT('',(-2.0528326946468,-1.02522172576776,3.05233167487855));
#9693=CARTESIAN_POINT('',(-2.38992440861983,-1.04049333893475,2.79626751340936));
#9694=CARTESIAN_POINT('',(-2.69536449998901,-1.05576495210173,2.50317017262604));
#9695=CARTESIAN_POINT('',(-2.96510775283822,-1.07103656526872,2.17692138343147));
#9696=CARTESIAN_POINT('',(-3.19558175388581,-1.0863081784357,1.82184191178846));
#9697=CARTESIAN_POINT('',(-3.38373415235736,-1.10157979160269,1.44263435525004));
#9698=CARTESIAN_POINT('',(-3.52707309870928,-1.11685140476967,1.04432085744818));
#9699=CARTESIAN_POINT('',(-3.62370024238938,-1.13212301793666,0.632176597320329));
#9700=CARTESIAN_POINT('',(-3.67233587419386,-1.14739463110364,0.211659925384763));
#9701=CARTESIAN_POINT('',(-3.67233587419386,-1.16266624427063,-0.211659925384806));
#9702=CARTESIAN_POINT('',(-3.62370024238938,-1.17793785743761,-0.632176597320372));
#9703=CARTESIAN_POINT('',(-3.52707309870927,-1.1932094706046,-1.04432085744823));
#9704=CARTESIAN_POINT('',(-3.38373415235734,-1.20848108377158,-1.44263435525008));
#9705=CARTESIAN_POINT('',(-3.19558175388579,-1.22375269693857,-1.8218419117885));
#9706=CARTESIAN_POINT('',(-2.9651077528382,-1.23902431010555,-2.17692138343151));
#9707=CARTESIAN_POINT('',(-2.69536449998898,-1.25429592327254,-2.50317017262608));
#9708=CARTESIAN_POINT('',(-2.38992440861979,-1.26956753643952,-2.79626751340939));
#9709=CARTESIAN_POINT('',(-2.05283269464677,-1.28483914960651,-3.05233167487858));
#9710=CARTESIAN_POINT('',(-1.68855360706483,-1.30011076277349,-3.26797144401824));
#9711=CARTESIAN_POINT('',(-1.43079255855707,-1.31029183821815,-3.38287765599406));
#9712=CARTESIAN_POINT('',(-1.29903810410493,-1.31538237594047,-3.43273701198933));
#9713=CARTESIAN_POINT('',(-1.29903810410492,-0.351284290726193,3.43273701198933));
#9714=CARTESIAN_POINT('',(-1.43079255855708,-0.356374828448521,3.38287765599406));
#9715=CARTESIAN_POINT('',(-1.68855360706485,-0.366555903893177,3.26797144401823));
#9716=CARTESIAN_POINT('',(-2.0528326946468,-0.381827517060163,3.05233167487855));
#9717=CARTESIAN_POINT('',(-2.38992440861982,-0.397099130227147,2.79626751340937));
#9718=CARTESIAN_POINT('',(-2.695364499989,-0.412370743394132,2.50317017262605));
#9719=CARTESIAN_POINT('',(-2.96510775283822,-0.427642356561117,2.17692138343148));
#9720=CARTESIAN_POINT('',(-3.19558175388581,-0.442913969728101,1.82184191178847));
#9721=CARTESIAN_POINT('',(-3.38373415235736,-0.458185582895086,1.44263435525005));
#9722=CARTESIAN_POINT('',(-3.52707309870928,-0.473457196062071,1.0443208574482));
#9723=CARTESIAN_POINT('',(-3.62370024238938,-0.488728809229055,0.632176597320344));
#9724=CARTESIAN_POINT('',(-3.67233587419386,-0.50400042239604,0.21165992538478));
#9725=CARTESIAN_POINT('',(-3.67233587419386,-0.519272035563025,-0.211659925384788));
#9726=CARTESIAN_POINT('',(-3.62370024238938,-0.53454364873001,-0.632176597320352));
#9727=CARTESIAN_POINT('',(-3.52707309870927,-0.549815261896995,-1.0443208574482));
#9728=CARTESIAN_POINT('',(-3.38373415235735,-0.565086875063979,-1.44263435525005));
#9729=CARTESIAN_POINT('',(-3.19558175388581,-0.580358488230964,-1.82184191178847));
#9730=CARTESIAN_POINT('',(-2.96510775283821,-0.595630101397949,-2.17692138343149));
#9731=CARTESIAN_POINT('',(-2.695364499989,-0.610901714564933,-2.50317017262605));
#9732=CARTESIAN_POINT('',(-2.38992440861982,-0.626173327731918,-2.79626751340937));
#9733=CARTESIAN_POINT('',(-2.0528326946468,-0.641444940898903,-3.05233167487856));
#9734=CARTESIAN_POINT('',(-1.68855360706485,-0.656716554065888,-3.26797144401823));
#9735=CARTESIAN_POINT('',(-1.43079255855708,-0.666897629510544,-3.38287765599406));
#9736=CARTESIAN_POINT('',(-1.29903810410493,-0.671988167232872,-3.43273701198933));
#9737=CARTESIAN_POINT('',(1.,-7.3,1.22464679914735E-16));
#9738=CARTESIAN_POINT('',(-1.,-7.3,-2.02066721859313E-16));
#9739=AXIS2_PLACEMENT_3D('',#9740,#9741,#9742);
#9740=CARTESIAN_POINT('',(0.,-7.3,-4.46996081688784E-16));
#9741=DIRECTION('',(0.,1.,6.12323399573676E-17));
#9742=DIRECTION('',(1.,1.49975978266186E-32,-2.44929359829471E-16));
#9743=AXIS2_PLACEMENT_3D('',#9744,#9745,#9746);
#9744=CARTESIAN_POINT('',(0.,-7.3,-4.46996081688784E-16));
#9745=DIRECTION('',(0.,1.,6.12323399573676E-17));
#9746=DIRECTION('',(-1.,-2.24963967399279E-32,3.67394039744206E-16));
#9747=CARTESIAN_POINT('',(0.8,-7.5,9.79717439317883E-17));
#9748=AXIS2_PLACEMENT_3D('',#9749,#9750,#9751);
#9749=CARTESIAN_POINT('',(0.,-7.5,0.));
#9750=DIRECTION('',(0.,1.,0.));
#9751=DIRECTION('',(1.,0.,1.22464679914735E-16));
ENDSEC;
END-ISO-10303-21;
