ISO-10303-21;
HEADER;
FILE_DESCRIPTION(('FreeCAD Model'),'2;1');
FILE_NAME('Open CASCADE Shape Model','2026-09-14T19:39:23',('Author'),(
    ''),'Open CASCADE STEP processor 7.8','FreeCAD','Unknown');
FILE_SCHEMA(('AUTOMOTIVE_DESIGN { 1 0 10303 214 1 1 1 1 }'));
ENDSEC;
DATA;
#1 = APPLICATION_PROTOCOL_DEFINITION('international standard',
  'automotive_design',2000,#2);
#2 = APPLICATION_CONTEXT(
  'core data for automotive mechanical design processes');
#3 = SHAPE_DEFINITION_REPRESENTATION(#4,#10);
#4 = PRODUCT_DEFINITION_SHAPE('','',#5);
#5 = PRODUCT_DEFINITION('design','',#6,#9);
#6 = PRODUCT_DEFINITION_FORMATION('','',#7);
#7 = PRODUCT('Mini360 module (native schematic)',
  'Mini360 module (native schematic)','',(#8));
#8 = PRODUCT_CONTEXT('',#2,'mechanical');
#9 = PRODUCT_DEFINITION_CONTEXT('part definition',#2,'design');
#10 = SHAPE_REPRESENTATION('',(#11,#15,#19,#23),#27);
#11 = AXIS2_PLACEMENT_3D('',#12,#13,#14);
#12 = CARTESIAN_POINT('',(0.,0.,0.));
#13 = DIRECTION('',(0.,0.,1.));
#14 = DIRECTION('',(1.,0.,-0.));
#15 = AXIS2_PLACEMENT_3D('',#16,#17,#18);
#16 = CARTESIAN_POINT('',(0.,0.,0.));
#17 = DIRECTION('',(0.,0.,1.));
#18 = DIRECTION('',(1.,0.,0.));
#19 = AXIS2_PLACEMENT_3D('',#20,#21,#22);
#20 = CARTESIAN_POINT('',(0.,0.,0.));
#21 = DIRECTION('',(0.,0.,1.));
#22 = DIRECTION('',(1.,0.,0.));
#23 = AXIS2_PLACEMENT_3D('',#24,#25,#26);
#24 = CARTESIAN_POINT('',(0.,0.,0.));
#25 = DIRECTION('',(0.,0.,1.));
#26 = DIRECTION('',(1.,0.,0.));
#27 = ( GEOMETRIC_REPRESENTATION_CONTEXT(3) 
GLOBAL_UNCERTAINTY_ASSIGNED_CONTEXT((#31)) GLOBAL_UNIT_ASSIGNED_CONTEXT(
(#28,#29,#30)) REPRESENTATION_CONTEXT('Context #1',
  '3D Context with UNIT and UNCERTAINTY') );
#28 = ( LENGTH_UNIT() NAMED_UNIT(*) SI_UNIT(.MILLI.,.METRE.) );
#29 = ( NAMED_UNIT(*) PLANE_ANGLE_UNIT() SI_UNIT($,.RADIAN.) );
#30 = ( NAMED_UNIT(*) SI_UNIT($,.STERADIAN.) SOLID_ANGLE_UNIT() );
#31 = UNCERTAINTY_MEASURE_WITH_UNIT(LENGTH_MEASURE(1.E-07),#28,
  'distance_accuracy_value','confusion accuracy');
#32 = PRODUCT_RELATED_PRODUCT_CATEGORY('part',$,(#7));
#33 = SHAPE_DEFINITION_REPRESENTATION(#34,#40);
#34 = PRODUCT_DEFINITION_SHAPE('','',#35);
#35 = PRODUCT_DEFINITION('design','',#36,#39);
#36 = PRODUCT_DEFINITION_FORMATION('','',#37);
#37 = PRODUCT('PCB','PCB','',(#38));
#38 = PRODUCT_CONTEXT('',#2,'mechanical');
#39 = PRODUCT_DEFINITION_CONTEXT('part definition',#2,'design');
#40 = SHAPE_REPRESENTATION('',(#11,#41),#45);
#41 = AXIS2_PLACEMENT_3D('',#42,#43,#44);
#42 = CARTESIAN_POINT('',(0.,0.,0.));
#43 = DIRECTION('',(0.,0.,1.));
#44 = DIRECTION('',(1.,0.,0.));
#45 = ( GEOMETRIC_REPRESENTATION_CONTEXT(3) 
GLOBAL_UNCERTAINTY_ASSIGNED_CONTEXT((#49)) GLOBAL_UNIT_ASSIGNED_CONTEXT(
(#46,#47,#48)) REPRESENTATION_CONTEXT('Context #1',
  '3D Context with UNIT and UNCERTAINTY') );
#46 = ( LENGTH_UNIT() NAMED_UNIT(*) SI_UNIT(.MILLI.,.METRE.) );
#47 = ( NAMED_UNIT(*) PLANE_ANGLE_UNIT() SI_UNIT($,.RADIAN.) );
#48 = ( NAMED_UNIT(*) SI_UNIT($,.STERADIAN.) SOLID_ANGLE_UNIT() );
#49 = UNCERTAINTY_MEASURE_WITH_UNIT(LENGTH_MEASURE(1.E-07),#46,
  'distance_accuracy_value','confusion accuracy');
#50 = CONTEXT_DEPENDENT_SHAPE_REPRESENTATION(#51,#53);
#51 = ( REPRESENTATION_RELATIONSHIP('','',#40,#10) 
REPRESENTATION_RELATIONSHIP_WITH_TRANSFORMATION(#52) 
SHAPE_REPRESENTATION_RELATIONSHIP() );
#52 = ITEM_DEFINED_TRANSFORMATION('','',#11,#15);
#53 = PRODUCT_DEFINITION_SHAPE('Placement','Placement of an item',#54);
#54 = NEXT_ASSEMBLY_USAGE_OCCURRENCE('2','PCB','',#5,#35,$);
#55 = PRODUCT_RELATED_PRODUCT_CATEGORY('part',$,(#37));
#56 = SHAPE_DEFINITION_REPRESENTATION(#57,#63);
#57 = PRODUCT_DEFINITION_SHAPE('','',#58);
#58 = PRODUCT_DEFINITION('design','',#59,#62);
#59 = PRODUCT_DEFINITION_FORMATION('','',#60);
#60 = PRODUCT('Mini360 PCB from KiCad footprint 17.27 x 11.5 mm',
  'Mini360 PCB from KiCad footprint 17.27 x 11.5 mm','',(#61));
#61 = PRODUCT_CONTEXT('',#2,'mechanical');
#62 = PRODUCT_DEFINITION_CONTEXT('part definition',#2,'design');
#63 = ADVANCED_BREP_SHAPE_REPRESENTATION('',(#11,#64),#370);
#64 = MANIFOLD_SOLID_BREP('',#65);
#65 = CLOSED_SHELL('',(#66,#106,#137,#205,#229,#290,#302,#319,#336,#353)
  );
#66 = ADVANCED_FACE('',(#67),#101,.F.);
#67 = FACE_BOUND('',#68,.F.);
#68 = EDGE_LOOP('',(#69,#79,#87,#95));
#69 = ORIENTED_EDGE('',*,*,#70,.F.);
#70 = EDGE_CURVE('',#71,#73,#75,.T.);
#71 = VERTEX_POINT('',#72);
#72 = CARTESIAN_POINT('',(-6.4883697493,-8.8672931197,2.54));
#73 = VERTEX_POINT('',#74);
#74 = CARTESIAN_POINT('',(-6.4883697493,-8.8672931197,3.7905));
#75 = LINE('',#76,#77);
#76 = CARTESIAN_POINT('',(-6.4883697493,-8.8672931197,2.54));
#77 = VECTOR('',#78,1.);
#78 = DIRECTION('',(0.,0.,1.));
#79 = ORIENTED_EDGE('',*,*,#80,.T.);
#80 = EDGE_CURVE('',#71,#81,#83,.T.);
#81 = VERTEX_POINT('',#82);
#82 = CARTESIAN_POINT('',(-6.4883697493,9.2810694819,2.54));
#83 = LINE('',#84,#85);
#84 = CARTESIAN_POINT('',(-6.4883697493,-8.8672931197,2.54));
#85 = VECTOR('',#86,1.);
#86 = DIRECTION('',(-0.,1.,0.));
#87 = ORIENTED_EDGE('',*,*,#88,.T.);
#88 = EDGE_CURVE('',#81,#89,#91,.T.);
#89 = VERTEX_POINT('',#90);
#90 = CARTESIAN_POINT('',(-6.4883697493,9.2810694819,3.7905));
#91 = LINE('',#92,#93);
#92 = CARTESIAN_POINT('',(-6.4883697493,9.2810694819,2.54));
#93 = VECTOR('',#94,1.);
#94 = DIRECTION('',(0.,0.,1.));
#95 = ORIENTED_EDGE('',*,*,#96,.F.);
#96 = EDGE_CURVE('',#73,#89,#97,.T.);
#97 = LINE('',#98,#99);
#98 = CARTESIAN_POINT('',(-6.4883697493,-8.8672931197,3.7905));
#99 = VECTOR('',#100,1.);
#100 = DIRECTION('',(-0.,1.,0.));
#101 = PLANE('',#102);
#102 = AXIS2_PLACEMENT_3D('',#103,#104,#105);
#103 = CARTESIAN_POINT('',(-6.4883697493,-8.8672931197,2.54));
#104 = DIRECTION('',(1.,0.,-0.));
#105 = DIRECTION('',(0.,0.,1.));
#106 = ADVANCED_FACE('',(#107),#132,.F.);
#107 = FACE_BOUND('',#108,.F.);
#108 = EDGE_LOOP('',(#109,#117,#118,#126));
#109 = ORIENTED_EDGE('',*,*,#110,.F.);
#110 = EDGE_CURVE('',#71,#111,#113,.T.);
#111 = VERTEX_POINT('',#112);
#112 = CARTESIAN_POINT('',(6.6816251087,-8.8672931197,2.54));
#113 = LINE('',#114,#115);
#114 = CARTESIAN_POINT('',(-6.4883697493,-8.8672931197,2.54));
#115 = VECTOR('',#116,1.);
#116 = DIRECTION('',(1.,0.,-0.));
#117 = ORIENTED_EDGE('',*,*,#70,.T.);
#118 = ORIENTED_EDGE('',*,*,#119,.T.);
#119 = EDGE_CURVE('',#73,#120,#122,.T.);
#120 = VERTEX_POINT('',#121);
#121 = CARTESIAN_POINT('',(6.6816251087,-8.8672931197,3.7905));
#122 = LINE('',#123,#124);
#123 = CARTESIAN_POINT('',(-6.4883697493,-8.8672931197,3.7905));
#124 = VECTOR('',#125,1.);
#125 = DIRECTION('',(1.,0.,-0.));
#126 = ORIENTED_EDGE('',*,*,#127,.F.);
#127 = EDGE_CURVE('',#111,#120,#128,.T.);
#128 = LINE('',#129,#130);
#129 = CARTESIAN_POINT('',(6.6816251087,-8.8672931197,2.54));
#130 = VECTOR('',#131,1.);
#131 = DIRECTION('',(0.,0.,1.));
#132 = PLANE('',#133);
#133 = AXIS2_PLACEMENT_3D('',#134,#135,#136);
#134 = CARTESIAN_POINT('',(-6.4883697493,-8.8672931197,2.54));
#135 = DIRECTION('',(-0.,1.,0.));
#136 = DIRECTION('',(0.,0.,1.));
#137 = ADVANCED_FACE('',(#138,#156,#167,#178,#189),#200,.T.);
#138 = FACE_BOUND('',#139,.T.);
#139 = EDGE_LOOP('',(#140,#141,#142,#150));
#140 = ORIENTED_EDGE('',*,*,#96,.F.);
#141 = ORIENTED_EDGE('',*,*,#119,.T.);
#142 = ORIENTED_EDGE('',*,*,#143,.T.);
#143 = EDGE_CURVE('',#120,#144,#146,.T.);
#144 = VERTEX_POINT('',#145);
#145 = CARTESIAN_POINT('',(6.6816251087,9.2810694819,3.7905));
#146 = LINE('',#147,#148);
#147 = CARTESIAN_POINT('',(6.6816251087,-8.8672931197,3.7905));
#148 = VECTOR('',#149,1.);
#149 = DIRECTION('',(-0.,1.,0.));
#150 = ORIENTED_EDGE('',*,*,#151,.F.);
#151 = EDGE_CURVE('',#89,#144,#152,.T.);
#152 = LINE('',#153,#154);
#153 = CARTESIAN_POINT('',(-6.4883697493,9.2810694819,3.7905));
#154 = VECTOR('',#155,1.);
#155 = DIRECTION('',(1.,0.,-0.));
#156 = FACE_BOUND('',#157,.T.);
#157 = EDGE_LOOP('',(#158));
#158 = ORIENTED_EDGE('',*,*,#159,.F.);
#159 = EDGE_CURVE('',#160,#160,#162,.T.);
#160 = VERTEX_POINT('',#161);
#161 = CARTESIAN_POINT('',(-4.600000687,-8.199996637,3.7905));
#162 = CIRCLE('',#163,0.6);
#163 = AXIS2_PLACEMENT_3D('',#164,#165,#166);
#164 = CARTESIAN_POINT('',(-5.200000687,-8.199996637,3.7905));
#165 = DIRECTION('',(0.,0.,1.));
#166 = DIRECTION('',(1.,0.,-0.));
#167 = FACE_BOUND('',#168,.T.);
#168 = EDGE_LOOP('',(#169));
#169 = ORIENTED_EDGE('',*,*,#170,.F.);
#170 = EDGE_CURVE('',#171,#171,#173,.T.);
#171 = VERTEX_POINT('',#172);
#172 = CARTESIAN_POINT('',(5.881597394,-8.199996637,3.7905));
#173 = CIRCLE('',#174,0.6);
#174 = AXIS2_PLACEMENT_3D('',#175,#176,#177);
#175 = CARTESIAN_POINT('',(5.281597394,-8.199996637,3.7905));
#176 = DIRECTION('',(0.,0.,1.));
#177 = DIRECTION('',(1.,0.,-0.));
#178 = FACE_BOUND('',#179,.T.);
#179 = EDGE_LOOP('',(#180));
#180 = ORIENTED_EDGE('',*,*,#181,.F.);
#181 = EDGE_CURVE('',#182,#182,#184,.T.);
#182 = VERTEX_POINT('',#183);
#183 = CARTESIAN_POINT('',(-4.600000687,8.193428758,3.7905));
#184 = CIRCLE('',#185,0.6);
#185 = AXIS2_PLACEMENT_3D('',#186,#187,#188);
#186 = CARTESIAN_POINT('',(-5.200000687,8.193428758,3.7905));
#187 = DIRECTION('',(0.,0.,1.));
#188 = DIRECTION('',(1.,0.,-0.));
#189 = FACE_BOUND('',#190,.T.);
#190 = EDGE_LOOP('',(#191));
#191 = ORIENTED_EDGE('',*,*,#192,.F.);
#192 = EDGE_CURVE('',#193,#193,#195,.T.);
#193 = VERTEX_POINT('',#194);
#194 = CARTESIAN_POINT('',(5.71840398,8.206564516,3.7905));
#195 = CIRCLE('',#196,0.6);
#196 = AXIS2_PLACEMENT_3D('',#197,#198,#199);
#197 = CARTESIAN_POINT('',(5.11840398,8.206564516,3.7905));
#198 = DIRECTION('',(0.,0.,1.));
#199 = DIRECTION('',(1.,0.,-0.));
#200 = PLANE('',#201);
#201 = AXIS2_PLACEMENT_3D('',#202,#203,#204);
#202 = CARTESIAN_POINT('',(-6.4883697493,-8.8672931197,3.7905));
#203 = DIRECTION('',(0.,0.,1.));
#204 = DIRECTION('',(1.,0.,-0.));
#205 = ADVANCED_FACE('',(#206),#224,.T.);
#206 = FACE_BOUND('',#207,.T.);
#207 = EDGE_LOOP('',(#208,#216,#217,#218));
#208 = ORIENTED_EDGE('',*,*,#209,.F.);
#209 = EDGE_CURVE('',#81,#210,#212,.T.);
#210 = VERTEX_POINT('',#211);
#211 = CARTESIAN_POINT('',(6.6816251087,9.2810694819,2.54));
#212 = LINE('',#213,#214);
#213 = CARTESIAN_POINT('',(-6.4883697493,9.2810694819,2.54));
#214 = VECTOR('',#215,1.);
#215 = DIRECTION('',(1.,0.,-0.));
#216 = ORIENTED_EDGE('',*,*,#88,.T.);
#217 = ORIENTED_EDGE('',*,*,#151,.T.);
#218 = ORIENTED_EDGE('',*,*,#219,.F.);
#219 = EDGE_CURVE('',#210,#144,#220,.T.);
#220 = LINE('',#221,#222);
#221 = CARTESIAN_POINT('',(6.6816251087,9.2810694819,2.54));
#222 = VECTOR('',#223,1.);
#223 = DIRECTION('',(0.,0.,1.));
#224 = PLANE('',#225);
#225 = AXIS2_PLACEMENT_3D('',#226,#227,#228);
#226 = CARTESIAN_POINT('',(-6.4883697493,9.2810694819,2.54));
#227 = DIRECTION('',(-0.,1.,0.));
#228 = DIRECTION('',(0.,0.,1.));
#229 = ADVANCED_FACE('',(#230,#241,#252,#263,#274),#285,.F.);
#230 = FACE_BOUND('',#231,.F.);
#231 = EDGE_LOOP('',(#232,#233,#234,#240));
#232 = ORIENTED_EDGE('',*,*,#80,.F.);
#233 = ORIENTED_EDGE('',*,*,#110,.T.);
#234 = ORIENTED_EDGE('',*,*,#235,.T.);
#235 = EDGE_CURVE('',#111,#210,#236,.T.);
#236 = LINE('',#237,#238);
#237 = CARTESIAN_POINT('',(6.6816251087,-8.8672931197,2.54));
#238 = VECTOR('',#239,1.);
#239 = DIRECTION('',(-0.,1.,0.));
#240 = ORIENTED_EDGE('',*,*,#209,.F.);
#241 = FACE_BOUND('',#242,.F.);
#242 = EDGE_LOOP('',(#243));
#243 = ORIENTED_EDGE('',*,*,#244,.F.);
#244 = EDGE_CURVE('',#245,#245,#247,.T.);
#245 = VERTEX_POINT('',#246);
#246 = CARTESIAN_POINT('',(-4.600000687,-8.199996637,2.54));
#247 = CIRCLE('',#248,0.6);
#248 = AXIS2_PLACEMENT_3D('',#249,#250,#251);
#249 = CARTESIAN_POINT('',(-5.200000687,-8.199996637,2.54));
#250 = DIRECTION('',(0.,0.,1.));
#251 = DIRECTION('',(1.,0.,-0.));
#252 = FACE_BOUND('',#253,.F.);
#253 = EDGE_LOOP('',(#254));
#254 = ORIENTED_EDGE('',*,*,#255,.F.);
#255 = EDGE_CURVE('',#256,#256,#258,.T.);
#256 = VERTEX_POINT('',#257);
#257 = CARTESIAN_POINT('',(5.881597394,-8.199996637,2.54));
#258 = CIRCLE('',#259,0.6);
#259 = AXIS2_PLACEMENT_3D('',#260,#261,#262);
#260 = CARTESIAN_POINT('',(5.281597394,-8.199996637,2.54));
#261 = DIRECTION('',(0.,0.,1.));
#262 = DIRECTION('',(1.,0.,-0.));
#263 = FACE_BOUND('',#264,.F.);
#264 = EDGE_LOOP('',(#265));
#265 = ORIENTED_EDGE('',*,*,#266,.F.);
#266 = EDGE_CURVE('',#267,#267,#269,.T.);
#267 = VERTEX_POINT('',#268);
#268 = CARTESIAN_POINT('',(-4.600000687,8.193428758,2.54));
#269 = CIRCLE('',#270,0.6);
#270 = AXIS2_PLACEMENT_3D('',#271,#272,#273);
#271 = CARTESIAN_POINT('',(-5.200000687,8.193428758,2.54));
#272 = DIRECTION('',(0.,0.,1.));
#273 = DIRECTION('',(1.,0.,-0.));
#274 = FACE_BOUND('',#275,.F.);
#275 = EDGE_LOOP('',(#276));
#276 = ORIENTED_EDGE('',*,*,#277,.F.);
#277 = EDGE_CURVE('',#278,#278,#280,.T.);
#278 = VERTEX_POINT('',#279);
#279 = CARTESIAN_POINT('',(5.71840398,8.206564516,2.54));
#280 = CIRCLE('',#281,0.6);
#281 = AXIS2_PLACEMENT_3D('',#282,#283,#284);
#282 = CARTESIAN_POINT('',(5.11840398,8.206564516,2.54));
#283 = DIRECTION('',(0.,0.,1.));
#284 = DIRECTION('',(1.,0.,-0.));
#285 = PLANE('',#286);
#286 = AXIS2_PLACEMENT_3D('',#287,#288,#289);
#287 = CARTESIAN_POINT('',(-6.4883697493,-8.8672931197,2.54));
#288 = DIRECTION('',(0.,0.,1.));
#289 = DIRECTION('',(1.,0.,-0.));
#290 = ADVANCED_FACE('',(#291),#297,.T.);
#291 = FACE_BOUND('',#292,.T.);
#292 = EDGE_LOOP('',(#293,#294,#295,#296));
#293 = ORIENTED_EDGE('',*,*,#127,.F.);
#294 = ORIENTED_EDGE('',*,*,#235,.T.);
#295 = ORIENTED_EDGE('',*,*,#219,.T.);
#296 = ORIENTED_EDGE('',*,*,#143,.F.);
#297 = PLANE('',#298);
#298 = AXIS2_PLACEMENT_3D('',#299,#300,#301);
#299 = CARTESIAN_POINT('',(6.6816251087,-8.8672931197,2.54));
#300 = DIRECTION('',(1.,0.,-0.));
#301 = DIRECTION('',(0.,0.,1.));
#302 = ADVANCED_FACE('',(#303),#314,.F.);
#303 = FACE_BOUND('',#304,.F.);
#304 = EDGE_LOOP('',(#305,#306,#312,#313));
#305 = ORIENTED_EDGE('',*,*,#159,.F.);
#306 = ORIENTED_EDGE('',*,*,#307,.F.);
#307 = EDGE_CURVE('',#245,#160,#308,.T.);
#308 = LINE('',#309,#310);
#309 = CARTESIAN_POINT('',(-4.600000687,-8.199996637,2.54));
#310 = VECTOR('',#311,1.);
#311 = DIRECTION('',(0.,0.,1.));
#312 = ORIENTED_EDGE('',*,*,#244,.T.);
#313 = ORIENTED_EDGE('',*,*,#307,.T.);
#314 = CYLINDRICAL_SURFACE('',#315,0.6);
#315 = AXIS2_PLACEMENT_3D('',#316,#317,#318);
#316 = CARTESIAN_POINT('',(-5.200000687,-8.199996637,2.54));
#317 = DIRECTION('',(0.,0.,1.));
#318 = DIRECTION('',(1.,0.,-0.));
#319 = ADVANCED_FACE('',(#320),#331,.F.);
#320 = FACE_BOUND('',#321,.F.);
#321 = EDGE_LOOP('',(#322,#323,#329,#330));
#322 = ORIENTED_EDGE('',*,*,#170,.F.);
#323 = ORIENTED_EDGE('',*,*,#324,.F.);
#324 = EDGE_CURVE('',#256,#171,#325,.T.);
#325 = LINE('',#326,#327);
#326 = CARTESIAN_POINT('',(5.881597394,-8.199996637,2.54));
#327 = VECTOR('',#328,1.);
#328 = DIRECTION('',(0.,0.,1.));
#329 = ORIENTED_EDGE('',*,*,#255,.T.);
#330 = ORIENTED_EDGE('',*,*,#324,.T.);
#331 = CYLINDRICAL_SURFACE('',#332,0.6);
#332 = AXIS2_PLACEMENT_3D('',#333,#334,#335);
#333 = CARTESIAN_POINT('',(5.281597394,-8.199996637,2.54));
#334 = DIRECTION('',(0.,0.,1.));
#335 = DIRECTION('',(1.,0.,-0.));
#336 = ADVANCED_FACE('',(#337),#348,.F.);
#337 = FACE_BOUND('',#338,.F.);
#338 = EDGE_LOOP('',(#339,#340,#346,#347));
#339 = ORIENTED_EDGE('',*,*,#181,.F.);
#340 = ORIENTED_EDGE('',*,*,#341,.F.);
#341 = EDGE_CURVE('',#267,#182,#342,.T.);
#342 = LINE('',#343,#344);
#343 = CARTESIAN_POINT('',(-4.600000687,8.193428758,2.54));
#344 = VECTOR('',#345,1.);
#345 = DIRECTION('',(0.,0.,1.));
#346 = ORIENTED_EDGE('',*,*,#266,.T.);
#347 = ORIENTED_EDGE('',*,*,#341,.T.);
#348 = CYLINDRICAL_SURFACE('',#349,0.6);
#349 = AXIS2_PLACEMENT_3D('',#350,#351,#352);
#350 = CARTESIAN_POINT('',(-5.200000687,8.193428758,2.54));
#351 = DIRECTION('',(0.,0.,1.));
#352 = DIRECTION('',(1.,0.,-0.));
#353 = ADVANCED_FACE('',(#354),#365,.F.);
#354 = FACE_BOUND('',#355,.F.);
#355 = EDGE_LOOP('',(#356,#357,#363,#364));
#356 = ORIENTED_EDGE('',*,*,#192,.F.);
#357 = ORIENTED_EDGE('',*,*,#358,.F.);
#358 = EDGE_CURVE('',#278,#193,#359,.T.);
#359 = LINE('',#360,#361);
#360 = CARTESIAN_POINT('',(5.71840398,8.206564516,2.54));
#361 = VECTOR('',#362,1.);
#362 = DIRECTION('',(0.,0.,1.));
#363 = ORIENTED_EDGE('',*,*,#277,.T.);
#364 = ORIENTED_EDGE('',*,*,#358,.T.);
#365 = CYLINDRICAL_SURFACE('',#366,0.6);
#366 = AXIS2_PLACEMENT_3D('',#367,#368,#369);
#367 = CARTESIAN_POINT('',(5.11840398,8.206564516,2.54));
#368 = DIRECTION('',(0.,0.,1.));
#369 = DIRECTION('',(1.,0.,-0.));
#370 = ( GEOMETRIC_REPRESENTATION_CONTEXT(3) 
GLOBAL_UNCERTAINTY_ASSIGNED_CONTEXT((#374)) GLOBAL_UNIT_ASSIGNED_CONTEXT
((#371,#372,#373)) REPRESENTATION_CONTEXT('Context #1',
  '3D Context with UNIT and UNCERTAINTY') );
#371 = ( LENGTH_UNIT() NAMED_UNIT(*) SI_UNIT(.MILLI.,.METRE.) );
#372 = ( NAMED_UNIT(*) PLANE_ANGLE_UNIT() SI_UNIT($,.RADIAN.) );
#373 = ( NAMED_UNIT(*) SI_UNIT($,.STERADIAN.) SOLID_ANGLE_UNIT() );
#374 = UNCERTAINTY_MEASURE_WITH_UNIT(LENGTH_MEASURE(1.E-07),#371,
  'distance_accuracy_value','confusion accuracy');
#375 = CONTEXT_DEPENDENT_SHAPE_REPRESENTATION(#376,#378);
#376 = ( REPRESENTATION_RELATIONSHIP('','',#63,#40) 
REPRESENTATION_RELATIONSHIP_WITH_TRANSFORMATION(#377) 
SHAPE_REPRESENTATION_RELATIONSHIP() );
#377 = ITEM_DEFINED_TRANSFORMATION('','',#11,#41);
#378 = PRODUCT_DEFINITION_SHAPE('Placement','Placement of an item',#379
  );
#379 = NEXT_ASSEMBLY_USAGE_OCCURRENCE('1',
  'Mini360 PCB from KiCad footprint 17.27 x 11.5 mm','',#35,#58,$);
#380 = PRODUCT_RELATED_PRODUCT_CATEGORY('part',$,(#60));
#381 = SHAPE_DEFINITION_REPRESENTATION(#382,#388);
#382 = PRODUCT_DEFINITION_SHAPE('','',#383);
#383 = PRODUCT_DEFINITION('design','',#384,#387);
#384 = PRODUCT_DEFINITION_FORMATION('','',#385);
#385 = PRODUCT('PLS x 4','PLS x 4','',(#386));
#386 = PRODUCT_CONTEXT('',#2,'mechanical');
#387 = PRODUCT_DEFINITION_CONTEXT('part definition',#2,'design');
#388 = SHAPE_REPRESENTATION('',(#11,#389,#393,#397,#401),#405);
#389 = AXIS2_PLACEMENT_3D('',#390,#391,#392);
#390 = CARTESIAN_POINT('',(-5.200000687,-8.199996637,2.54));
#391 = DIRECTION('',(0.,0.,-1.));
#392 = DIRECTION('',(1.,0.,0.));
#393 = AXIS2_PLACEMENT_3D('',#394,#395,#396);
#394 = CARTESIAN_POINT('',(-5.200000687,8.193428758,2.54));
#395 = DIRECTION('',(0.,0.,-1.));
#396 = DIRECTION('',(1.,0.,0.));
#397 = AXIS2_PLACEMENT_3D('',#398,#399,#400);
#398 = CARTESIAN_POINT('',(5.281597394,-8.199996637,2.54));
#399 = DIRECTION('',(0.,0.,-1.));
#400 = DIRECTION('',(1.,0.,0.));
#401 = AXIS2_PLACEMENT_3D('',#402,#403,#404);
#402 = CARTESIAN_POINT('',(5.11840398,8.206564516,2.54));
#403 = DIRECTION('',(0.,0.,-1.));
#404 = DIRECTION('',(1.,0.,0.));
#405 = ( GEOMETRIC_REPRESENTATION_CONTEXT(3) 
GLOBAL_UNCERTAINTY_ASSIGNED_CONTEXT((#409)) GLOBAL_UNIT_ASSIGNED_CONTEXT
((#406,#407,#408)) REPRESENTATION_CONTEXT('Context #1',
  '3D Context with UNIT and UNCERTAINTY') );
#406 = ( LENGTH_UNIT() NAMED_UNIT(*) SI_UNIT(.MILLI.,.METRE.) );
#407 = ( NAMED_UNIT(*) PLANE_ANGLE_UNIT() SI_UNIT($,.RADIAN.) );
#408 = ( NAMED_UNIT(*) SI_UNIT($,.STERADIAN.) SOLID_ANGLE_UNIT() );
#409 = UNCERTAINTY_MEASURE_WITH_UNIT(LENGTH_MEASURE(1.E-07),#406,
  'distance_accuracy_value','confusion accuracy');
#410 = CONTEXT_DEPENDENT_SHAPE_REPRESENTATION(#411,#413);
#411 = ( REPRESENTATION_RELATIONSHIP('','',#388,#10) 
REPRESENTATION_RELATIONSHIP_WITH_TRANSFORMATION(#412) 
SHAPE_REPRESENTATION_RELATIONSHIP() );
#412 = ITEM_DEFINED_TRANSFORMATION('','',#11,#19);
#413 = PRODUCT_DEFINITION_SHAPE('Placement','Placement of an item',#414
  );
#414 = NEXT_ASSEMBLY_USAGE_OCCURRENCE('7','PLS x 4','',#5,#383,$);
#415 = PRODUCT_RELATED_PRODUCT_CATEGORY('part',$,(#385));
#416 = SHAPE_DEFINITION_REPRESENTATION(#417,#423);
#417 = PRODUCT_DEFINITION_SHAPE('','',#418);
#418 = PRODUCT_DEFINITION('design','',#419,#422);
#419 = PRODUCT_DEFINITION_FORMATION('','',#420);
#420 = PRODUCT('PLS_1x01 01','PLS_1x01 01','',(#421));
#421 = PRODUCT_CONTEXT('',#2,'mechanical');
#422 = PRODUCT_DEFINITION_CONTEXT('part definition',#2,'design');
#423 = ADVANCED_BREP_SHAPE_REPRESENTATION('',(#11,#424),#1182);
#424 = MANIFOLD_SOLID_BREP('',#425);
#425 = CLOSED_SHELL('',(#426,#466,#497,#528,#611,#694,#711,#728,#745,
    #762,#774,#805,#829,#853,#870,#901,#925,#949,#966,#997,#1021,#1045,
    #1062,#1093,#1117,#1141,#1158,#1170));
#426 = ADVANCED_FACE('',(#427),#461,.F.);
#427 = FACE_BOUND('',#428,.F.);
#428 = EDGE_LOOP('',(#429,#439,#447,#455));
#429 = ORIENTED_EDGE('',*,*,#430,.T.);
#430 = EDGE_CURVE('',#431,#433,#435,.T.);
#431 = VERTEX_POINT('',#432);
#432 = CARTESIAN_POINT('',(-1.016,1.27,0.));
#433 = VERTEX_POINT('',#434);
#434 = CARTESIAN_POINT('',(-1.016,1.27,2.54));
#435 = LINE('',#436,#437);
#436 = CARTESIAN_POINT('',(-1.016,1.27,0.));
#437 = VECTOR('',#438,1.);
#438 = DIRECTION('',(0.,0.,1.));
#439 = ORIENTED_EDGE('',*,*,#440,.T.);
#440 = EDGE_CURVE('',#433,#441,#443,.T.);
#441 = VERTEX_POINT('',#442);
#442 = CARTESIAN_POINT('',(-1.27,1.016,2.54));
#443 = LINE('',#444,#445);
#444 = CARTESIAN_POINT('',(-1.016,1.27,2.54));
#445 = VECTOR('',#446,1.);
#446 = DIRECTION('',(-0.707106781187,-0.707106781187,0.));
#447 = ORIENTED_EDGE('',*,*,#448,.F.);
#448 = EDGE_CURVE('',#449,#441,#451,.T.);
#449 = VERTEX_POINT('',#450);
#450 = CARTESIAN_POINT('',(-1.27,1.016,0.));
#451 = LINE('',#452,#453);
#452 = CARTESIAN_POINT('',(-1.27,1.016,0.));
#453 = VECTOR('',#454,1.);
#454 = DIRECTION('',(0.,0.,1.));
#455 = ORIENTED_EDGE('',*,*,#456,.F.);
#456 = EDGE_CURVE('',#431,#449,#457,.T.);
#457 = LINE('',#458,#459);
#458 = CARTESIAN_POINT('',(-1.016,1.27,0.));
#459 = VECTOR('',#460,1.);
#460 = DIRECTION('',(-0.707106781187,-0.707106781187,0.));
#461 = PLANE('',#462);
#462 = AXIS2_PLACEMENT_3D('',#463,#464,#465);
#463 = CARTESIAN_POINT('',(-1.016,1.27,0.));
#464 = DIRECTION('',(0.707106781187,-0.707106781187,0.));
#465 = DIRECTION('',(-0.707106781187,-0.707106781187,0.));
#466 = ADVANCED_FACE('',(#467),#492,.F.);
#467 = FACE_BOUND('',#468,.F.);
#468 = EDGE_LOOP('',(#469,#479,#485,#486));
#469 = ORIENTED_EDGE('',*,*,#470,.T.);
#470 = EDGE_CURVE('',#471,#473,#475,.T.);
#471 = VERTEX_POINT('',#472);
#472 = CARTESIAN_POINT('',(1.016,1.27,0.));
#473 = VERTEX_POINT('',#474);
#474 = CARTESIAN_POINT('',(1.016,1.27,2.54));
#475 = LINE('',#476,#477);
#476 = CARTESIAN_POINT('',(1.016,1.27,0.));
#477 = VECTOR('',#478,1.);
#478 = DIRECTION('',(0.,0.,1.));
#479 = ORIENTED_EDGE('',*,*,#480,.T.);
#480 = EDGE_CURVE('',#473,#433,#481,.T.);
#481 = LINE('',#482,#483);
#482 = CARTESIAN_POINT('',(1.016,1.27,2.54));
#483 = VECTOR('',#484,1.);
#484 = DIRECTION('',(-1.,0.,0.));
#485 = ORIENTED_EDGE('',*,*,#430,.F.);
#486 = ORIENTED_EDGE('',*,*,#487,.F.);
#487 = EDGE_CURVE('',#471,#431,#488,.T.);
#488 = LINE('',#489,#490);
#489 = CARTESIAN_POINT('',(1.016,1.27,0.));
#490 = VECTOR('',#491,1.);
#491 = DIRECTION('',(-1.,0.,0.));
#492 = PLANE('',#493);
#493 = AXIS2_PLACEMENT_3D('',#494,#495,#496);
#494 = CARTESIAN_POINT('',(1.016,1.27,0.));
#495 = DIRECTION('',(0.,-1.,0.));
#496 = DIRECTION('',(-1.,0.,0.));
#497 = ADVANCED_FACE('',(#498),#523,.F.);
#498 = FACE_BOUND('',#499,.F.);
#499 = EDGE_LOOP('',(#500,#501,#509,#517));
#500 = ORIENTED_EDGE('',*,*,#448,.T.);
#501 = ORIENTED_EDGE('',*,*,#502,.T.);
#502 = EDGE_CURVE('',#441,#503,#505,.T.);
#503 = VERTEX_POINT('',#504);
#504 = CARTESIAN_POINT('',(-1.27,-1.016,2.54));
#505 = LINE('',#506,#507);
#506 = CARTESIAN_POINT('',(-1.27,1.016,2.54));
#507 = VECTOR('',#508,1.);
#508 = DIRECTION('',(0.,-1.,0.));
#509 = ORIENTED_EDGE('',*,*,#510,.F.);
#510 = EDGE_CURVE('',#511,#503,#513,.T.);
#511 = VERTEX_POINT('',#512);
#512 = CARTESIAN_POINT('',(-1.27,-1.016,0.));
#513 = LINE('',#514,#515);
#514 = CARTESIAN_POINT('',(-1.27,-1.016,0.));
#515 = VECTOR('',#516,1.);
#516 = DIRECTION('',(0.,0.,1.));
#517 = ORIENTED_EDGE('',*,*,#518,.F.);
#518 = EDGE_CURVE('',#449,#511,#519,.T.);
#519 = LINE('',#520,#521);
#520 = CARTESIAN_POINT('',(-1.27,1.016,0.));
#521 = VECTOR('',#522,1.);
#522 = DIRECTION('',(0.,-1.,0.));
#523 = PLANE('',#524);
#524 = AXIS2_PLACEMENT_3D('',#525,#526,#527);
#525 = CARTESIAN_POINT('',(-1.27,1.016,0.));
#526 = DIRECTION('',(1.,0.,0.));
#527 = DIRECTION('',(0.,-1.,0.));
#528 = ADVANCED_FACE('',(#529,#572),#606,.F.);
#529 = FACE_BOUND('',#530,.F.);
#530 = EDGE_LOOP('',(#531,#532,#533,#541,#549,#557,#565,#571));
#531 = ORIENTED_EDGE('',*,*,#456,.T.);
#532 = ORIENTED_EDGE('',*,*,#518,.T.);
#533 = ORIENTED_EDGE('',*,*,#534,.T.);
#534 = EDGE_CURVE('',#511,#535,#537,.T.);
#535 = VERTEX_POINT('',#536);
#536 = CARTESIAN_POINT('',(-1.016,-1.27,0.));
#537 = LINE('',#538,#539);
#538 = CARTESIAN_POINT('',(-1.27,-1.016,0.));
#539 = VECTOR('',#540,1.);
#540 = DIRECTION('',(0.707106781187,-0.707106781187,0.));
#541 = ORIENTED_EDGE('',*,*,#542,.T.);
#542 = EDGE_CURVE('',#535,#543,#545,.T.);
#543 = VERTEX_POINT('',#544);
#544 = CARTESIAN_POINT('',(1.016,-1.27,0.));
#545 = LINE('',#546,#547);
#546 = CARTESIAN_POINT('',(-1.016,-1.27,0.));
#547 = VECTOR('',#548,1.);
#548 = DIRECTION('',(1.,0.,0.));
#549 = ORIENTED_EDGE('',*,*,#550,.T.);
#550 = EDGE_CURVE('',#543,#551,#553,.T.);
#551 = VERTEX_POINT('',#552);
#552 = CARTESIAN_POINT('',(1.27,-1.016,0.));
#553 = LINE('',#554,#555);
#554 = CARTESIAN_POINT('',(1.016,-1.27,0.));
#555 = VECTOR('',#556,1.);
#556 = DIRECTION('',(0.707106781187,0.707106781187,0.));
#557 = ORIENTED_EDGE('',*,*,#558,.T.);
#558 = EDGE_CURVE('',#551,#559,#561,.T.);
#559 = VERTEX_POINT('',#560);
#560 = CARTESIAN_POINT('',(1.27,1.016,0.));
#561 = LINE('',#562,#563);
#562 = CARTESIAN_POINT('',(1.27,-1.016,0.));
#563 = VECTOR('',#564,1.);
#564 = DIRECTION('',(0.,1.,0.));
#565 = ORIENTED_EDGE('',*,*,#566,.T.);
#566 = EDGE_CURVE('',#559,#471,#567,.T.);
#567 = LINE('',#568,#569);
#568 = CARTESIAN_POINT('',(1.27,1.016,0.));
#569 = VECTOR('',#570,1.);
#570 = DIRECTION('',(-0.707106781187,0.707106781187,0.));
#571 = ORIENTED_EDGE('',*,*,#487,.T.);
#572 = FACE_BOUND('',#573,.F.);
#573 = EDGE_LOOP('',(#574,#584,#592,#600));
#574 = ORIENTED_EDGE('',*,*,#575,.T.);
#575 = EDGE_CURVE('',#576,#578,#580,.T.);
#576 = VERTEX_POINT('',#577);
#577 = CARTESIAN_POINT('',(0.32,-0.32,0.));
#578 = VERTEX_POINT('',#579);
#579 = CARTESIAN_POINT('',(-0.32,-0.32,0.));
#580 = LINE('',#581,#582);
#581 = CARTESIAN_POINT('',(-0.16,-0.32,0.));
#582 = VECTOR('',#583,1.);
#583 = DIRECTION('',(-1.,0.,0.));
#584 = ORIENTED_EDGE('',*,*,#585,.T.);
#585 = EDGE_CURVE('',#578,#586,#588,.T.);
#586 = VERTEX_POINT('',#587);
#587 = CARTESIAN_POINT('',(-0.32,0.32,0.));
#588 = LINE('',#589,#590);
#589 = CARTESIAN_POINT('',(-0.32,-0.16,0.));
#590 = VECTOR('',#591,1.);
#591 = DIRECTION('',(0.,1.,0.));
#592 = ORIENTED_EDGE('',*,*,#593,.F.);
#593 = EDGE_CURVE('',#594,#586,#596,.T.);
#594 = VERTEX_POINT('',#595);
#595 = CARTESIAN_POINT('',(0.32,0.32,0.));
#596 = LINE('',#597,#598);
#597 = CARTESIAN_POINT('',(-0.16,0.32,0.));
#598 = VECTOR('',#599,1.);
#599 = DIRECTION('',(-1.,0.,0.));
#600 = ORIENTED_EDGE('',*,*,#601,.F.);
#601 = EDGE_CURVE('',#576,#594,#602,.T.);
#602 = LINE('',#603,#604);
#603 = CARTESIAN_POINT('',(0.32,-0.16,0.));
#604 = VECTOR('',#605,1.);
#605 = DIRECTION('',(0.,1.,0.));
#606 = PLANE('',#607);
#607 = AXIS2_PLACEMENT_3D('',#608,#609,#610);
#608 = CARTESIAN_POINT('',(2.E-17,5.E-17,0.));
#609 = DIRECTION('',(0.,0.,1.));
#610 = DIRECTION('',(1.,0.,-0.));
#611 = ADVANCED_FACE('',(#612,#655),#689,.T.);
#612 = FACE_BOUND('',#613,.T.);
#613 = EDGE_LOOP('',(#614,#615,#616,#624,#632,#640,#648,#654));
#614 = ORIENTED_EDGE('',*,*,#440,.T.);
#615 = ORIENTED_EDGE('',*,*,#502,.T.);
#616 = ORIENTED_EDGE('',*,*,#617,.T.);
#617 = EDGE_CURVE('',#503,#618,#620,.T.);
#618 = VERTEX_POINT('',#619);
#619 = CARTESIAN_POINT('',(-1.016,-1.27,2.54));
#620 = LINE('',#621,#622);
#621 = CARTESIAN_POINT('',(-1.27,-1.016,2.54));
#622 = VECTOR('',#623,1.);
#623 = DIRECTION('',(0.707106781187,-0.707106781187,0.));
#624 = ORIENTED_EDGE('',*,*,#625,.T.);
#625 = EDGE_CURVE('',#618,#626,#628,.T.);
#626 = VERTEX_POINT('',#627);
#627 = CARTESIAN_POINT('',(1.016,-1.27,2.54));
#628 = LINE('',#629,#630);
#629 = CARTESIAN_POINT('',(-1.016,-1.27,2.54));
#630 = VECTOR('',#631,1.);
#631 = DIRECTION('',(1.,0.,0.));
#632 = ORIENTED_EDGE('',*,*,#633,.T.);
#633 = EDGE_CURVE('',#626,#634,#636,.T.);
#634 = VERTEX_POINT('',#635);
#635 = CARTESIAN_POINT('',(1.27,-1.016,2.54));
#636 = LINE('',#637,#638);
#637 = CARTESIAN_POINT('',(1.016,-1.27,2.54));
#638 = VECTOR('',#639,1.);
#639 = DIRECTION('',(0.707106781187,0.707106781187,0.));
#640 = ORIENTED_EDGE('',*,*,#641,.T.);
#641 = EDGE_CURVE('',#634,#642,#644,.T.);
#642 = VERTEX_POINT('',#643);
#643 = CARTESIAN_POINT('',(1.27,1.016,2.54));
#644 = LINE('',#645,#646);
#645 = CARTESIAN_POINT('',(1.27,-1.016,2.54));
#646 = VECTOR('',#647,1.);
#647 = DIRECTION('',(0.,1.,0.));
#648 = ORIENTED_EDGE('',*,*,#649,.T.);
#649 = EDGE_CURVE('',#642,#473,#650,.T.);
#650 = LINE('',#651,#652);
#651 = CARTESIAN_POINT('',(1.27,1.016,2.54));
#652 = VECTOR('',#653,1.);
#653 = DIRECTION('',(-0.707106781187,0.707106781187,0.));
#654 = ORIENTED_EDGE('',*,*,#480,.T.);
#655 = FACE_BOUND('',#656,.T.);
#656 = EDGE_LOOP('',(#657,#667,#675,#683));
#657 = ORIENTED_EDGE('',*,*,#658,.T.);
#658 = EDGE_CURVE('',#659,#661,#663,.T.);
#659 = VERTEX_POINT('',#660);
#660 = CARTESIAN_POINT('',(0.32,-0.32,2.54));
#661 = VERTEX_POINT('',#662);
#662 = CARTESIAN_POINT('',(-0.32,-0.32,2.54));
#663 = LINE('',#664,#665);
#664 = CARTESIAN_POINT('',(-0.16,-0.32,2.54));
#665 = VECTOR('',#666,1.);
#666 = DIRECTION('',(-1.,0.,0.));
#667 = ORIENTED_EDGE('',*,*,#668,.T.);
#668 = EDGE_CURVE('',#661,#669,#671,.T.);
#669 = VERTEX_POINT('',#670);
#670 = CARTESIAN_POINT('',(-0.32,0.32,2.54));
#671 = LINE('',#672,#673);
#672 = CARTESIAN_POINT('',(-0.32,-0.16,2.54));
#673 = VECTOR('',#674,1.);
#674 = DIRECTION('',(0.,1.,0.));
#675 = ORIENTED_EDGE('',*,*,#676,.F.);
#676 = EDGE_CURVE('',#677,#669,#679,.T.);
#677 = VERTEX_POINT('',#678);
#678 = CARTESIAN_POINT('',(0.32,0.32,2.54));
#679 = LINE('',#680,#681);
#680 = CARTESIAN_POINT('',(-0.16,0.32,2.54));
#681 = VECTOR('',#682,1.);
#682 = DIRECTION('',(-1.,0.,0.));
#683 = ORIENTED_EDGE('',*,*,#684,.F.);
#684 = EDGE_CURVE('',#659,#677,#685,.T.);
#685 = LINE('',#686,#687);
#686 = CARTESIAN_POINT('',(0.32,-0.16,2.54));
#687 = VECTOR('',#688,1.);
#688 = DIRECTION('',(0.,1.,0.));
#689 = PLANE('',#690);
#690 = AXIS2_PLACEMENT_3D('',#691,#692,#693);
#691 = CARTESIAN_POINT('',(2.E-17,5.E-17,2.54));
#692 = DIRECTION('',(0.,0.,1.));
#693 = DIRECTION('',(1.,0.,-0.));
#694 = ADVANCED_FACE('',(#695),#706,.F.);
#695 = FACE_BOUND('',#696,.F.);
#696 = EDGE_LOOP('',(#697,#703,#704,#705));
#697 = ORIENTED_EDGE('',*,*,#698,.T.);
#698 = EDGE_CURVE('',#559,#642,#699,.T.);
#699 = LINE('',#700,#701);
#700 = CARTESIAN_POINT('',(1.27,1.016,0.));
#701 = VECTOR('',#702,1.);
#702 = DIRECTION('',(0.,0.,1.));
#703 = ORIENTED_EDGE('',*,*,#649,.T.);
#704 = ORIENTED_EDGE('',*,*,#470,.F.);
#705 = ORIENTED_EDGE('',*,*,#566,.F.);
#706 = PLANE('',#707);
#707 = AXIS2_PLACEMENT_3D('',#708,#709,#710);
#708 = CARTESIAN_POINT('',(1.27,1.016,0.));
#709 = DIRECTION('',(-0.707106781187,-0.707106781187,0.));
#710 = DIRECTION('',(-0.707106781187,0.707106781187,0.));
#711 = ADVANCED_FACE('',(#712),#723,.F.);
#712 = FACE_BOUND('',#713,.F.);
#713 = EDGE_LOOP('',(#714,#715,#716,#722));
#714 = ORIENTED_EDGE('',*,*,#510,.T.);
#715 = ORIENTED_EDGE('',*,*,#617,.T.);
#716 = ORIENTED_EDGE('',*,*,#717,.F.);
#717 = EDGE_CURVE('',#535,#618,#718,.T.);
#718 = LINE('',#719,#720);
#719 = CARTESIAN_POINT('',(-1.016,-1.27,0.));
#720 = VECTOR('',#721,1.);
#721 = DIRECTION('',(0.,0.,1.));
#722 = ORIENTED_EDGE('',*,*,#534,.F.);
#723 = PLANE('',#724);
#724 = AXIS2_PLACEMENT_3D('',#725,#726,#727);
#725 = CARTESIAN_POINT('',(-1.27,-1.016,0.));
#726 = DIRECTION('',(0.707106781187,0.707106781187,0.));
#727 = DIRECTION('',(0.707106781187,-0.707106781187,0.));
#728 = ADVANCED_FACE('',(#729),#740,.F.);
#729 = FACE_BOUND('',#730,.F.);
#730 = EDGE_LOOP('',(#731,#737,#738,#739));
#731 = ORIENTED_EDGE('',*,*,#732,.T.);
#732 = EDGE_CURVE('',#551,#634,#733,.T.);
#733 = LINE('',#734,#735);
#734 = CARTESIAN_POINT('',(1.27,-1.016,0.));
#735 = VECTOR('',#736,1.);
#736 = DIRECTION('',(0.,0.,1.));
#737 = ORIENTED_EDGE('',*,*,#641,.T.);
#738 = ORIENTED_EDGE('',*,*,#698,.F.);
#739 = ORIENTED_EDGE('',*,*,#558,.F.);
#740 = PLANE('',#741);
#741 = AXIS2_PLACEMENT_3D('',#742,#743,#744);
#742 = CARTESIAN_POINT('',(1.27,-1.016,0.));
#743 = DIRECTION('',(-1.,0.,0.));
#744 = DIRECTION('',(0.,1.,0.));
#745 = ADVANCED_FACE('',(#746),#757,.F.);
#746 = FACE_BOUND('',#747,.F.);
#747 = EDGE_LOOP('',(#748,#749,#750,#756));
#748 = ORIENTED_EDGE('',*,*,#717,.T.);
#749 = ORIENTED_EDGE('',*,*,#625,.T.);
#750 = ORIENTED_EDGE('',*,*,#751,.F.);
#751 = EDGE_CURVE('',#543,#626,#752,.T.);
#752 = LINE('',#753,#754);
#753 = CARTESIAN_POINT('',(1.016,-1.27,0.));
#754 = VECTOR('',#755,1.);
#755 = DIRECTION('',(0.,0.,1.));
#756 = ORIENTED_EDGE('',*,*,#542,.F.);
#757 = PLANE('',#758);
#758 = AXIS2_PLACEMENT_3D('',#759,#760,#761);
#759 = CARTESIAN_POINT('',(-1.016,-1.27,0.));
#760 = DIRECTION('',(0.,1.,0.));
#761 = DIRECTION('',(1.,0.,0.));
#762 = ADVANCED_FACE('',(#763),#769,.F.);
#763 = FACE_BOUND('',#764,.F.);
#764 = EDGE_LOOP('',(#765,#766,#767,#768));
#765 = ORIENTED_EDGE('',*,*,#751,.T.);
#766 = ORIENTED_EDGE('',*,*,#633,.T.);
#767 = ORIENTED_EDGE('',*,*,#732,.F.);
#768 = ORIENTED_EDGE('',*,*,#550,.F.);
#769 = PLANE('',#770);
#770 = AXIS2_PLACEMENT_3D('',#771,#772,#773);
#771 = CARTESIAN_POINT('',(1.016,-1.27,0.));
#772 = DIRECTION('',(-0.707106781187,0.707106781187,0.));
#773 = DIRECTION('',(0.707106781187,0.707106781187,0.));
#774 = ADVANCED_FACE('',(#775),#800,.F.);
#775 = FACE_BOUND('',#776,.F.);
#776 = EDGE_LOOP('',(#777,#785,#793,#799));
#777 = ORIENTED_EDGE('',*,*,#778,.F.);
#778 = EDGE_CURVE('',#779,#576,#781,.T.);
#779 = VERTEX_POINT('',#780);
#780 = CARTESIAN_POINT('',(0.32,-0.32,-2.84));
#781 = LINE('',#782,#783);
#782 = CARTESIAN_POINT('',(0.32,-0.32,-3.));
#783 = VECTOR('',#784,1.);
#784 = DIRECTION('',(0.,0.,1.));
#785 = ORIENTED_EDGE('',*,*,#786,.F.);
#786 = EDGE_CURVE('',#787,#779,#789,.T.);
#787 = VERTEX_POINT('',#788);
#788 = CARTESIAN_POINT('',(-0.32,-0.32,-2.84));
#789 = LINE('',#790,#791);
#790 = CARTESIAN_POINT('',(-0.32,-0.32,-2.84));
#791 = VECTOR('',#792,1.);
#792 = DIRECTION('',(1.,0.,0.));
#793 = ORIENTED_EDGE('',*,*,#794,.T.);
#794 = EDGE_CURVE('',#787,#578,#795,.T.);
#795 = LINE('',#796,#797);
#796 = CARTESIAN_POINT('',(-0.32,-0.32,-3.));
#797 = VECTOR('',#798,1.);
#798 = DIRECTION('',(0.,0.,1.));
#799 = ORIENTED_EDGE('',*,*,#575,.F.);
#800 = PLANE('',#801);
#801 = AXIS2_PLACEMENT_3D('',#802,#803,#804);
#802 = CARTESIAN_POINT('',(-0.32,-0.32,-3.));
#803 = DIRECTION('',(0.,1.,0.));
#804 = DIRECTION('',(0.,-0.,1.));
#805 = ADVANCED_FACE('',(#806),#824,.T.);
#806 = FACE_BOUND('',#807,.T.);
#807 = EDGE_LOOP('',(#808,#809,#817,#823));
#808 = ORIENTED_EDGE('',*,*,#778,.F.);
#809 = ORIENTED_EDGE('',*,*,#810,.T.);
#810 = EDGE_CURVE('',#779,#811,#813,.T.);
#811 = VERTEX_POINT('',#812);
#812 = CARTESIAN_POINT('',(0.32,0.32,-2.84));
#813 = LINE('',#814,#815);
#814 = CARTESIAN_POINT('',(0.32,-0.32,-2.84));
#815 = VECTOR('',#816,1.);
#816 = DIRECTION('',(0.,1.,0.));
#817 = ORIENTED_EDGE('',*,*,#818,.T.);
#818 = EDGE_CURVE('',#811,#594,#819,.T.);
#819 = LINE('',#820,#821);
#820 = CARTESIAN_POINT('',(0.32,0.32,-3.));
#821 = VECTOR('',#822,1.);
#822 = DIRECTION('',(0.,0.,1.));
#823 = ORIENTED_EDGE('',*,*,#601,.F.);
#824 = PLANE('',#825);
#825 = AXIS2_PLACEMENT_3D('',#826,#827,#828);
#826 = CARTESIAN_POINT('',(0.32,-0.32,-3.));
#827 = DIRECTION('',(1.,0.,0.));
#828 = DIRECTION('',(0.,0.,1.));
#829 = ADVANCED_FACE('',(#830),#848,.T.);
#830 = FACE_BOUND('',#831,.T.);
#831 = EDGE_LOOP('',(#832,#833,#841,#847));
#832 = ORIENTED_EDGE('',*,*,#818,.F.);
#833 = ORIENTED_EDGE('',*,*,#834,.F.);
#834 = EDGE_CURVE('',#835,#811,#837,.T.);
#835 = VERTEX_POINT('',#836);
#836 = CARTESIAN_POINT('',(-0.32,0.32,-2.84));
#837 = LINE('',#838,#839);
#838 = CARTESIAN_POINT('',(-0.32,0.32,-2.84));
#839 = VECTOR('',#840,1.);
#840 = DIRECTION('',(1.,0.,0.));
#841 = ORIENTED_EDGE('',*,*,#842,.T.);
#842 = EDGE_CURVE('',#835,#586,#843,.T.);
#843 = LINE('',#844,#845);
#844 = CARTESIAN_POINT('',(-0.32,0.32,-3.));
#845 = VECTOR('',#846,1.);
#846 = DIRECTION('',(0.,0.,1.));
#847 = ORIENTED_EDGE('',*,*,#593,.F.);
#848 = PLANE('',#849);
#849 = AXIS2_PLACEMENT_3D('',#850,#851,#852);
#850 = CARTESIAN_POINT('',(-0.32,0.32,-3.));
#851 = DIRECTION('',(0.,1.,0.));
#852 = DIRECTION('',(0.,-0.,1.));
#853 = ADVANCED_FACE('',(#854),#865,.F.);
#854 = FACE_BOUND('',#855,.F.);
#855 = EDGE_LOOP('',(#856,#857,#863,#864));
#856 = ORIENTED_EDGE('',*,*,#794,.F.);
#857 = ORIENTED_EDGE('',*,*,#858,.T.);
#858 = EDGE_CURVE('',#787,#835,#859,.T.);
#859 = LINE('',#860,#861);
#860 = CARTESIAN_POINT('',(-0.32,-0.32,-2.84));
#861 = VECTOR('',#862,1.);
#862 = DIRECTION('',(0.,1.,0.));
#863 = ORIENTED_EDGE('',*,*,#842,.T.);
#864 = ORIENTED_EDGE('',*,*,#585,.F.);
#865 = PLANE('',#866);
#866 = AXIS2_PLACEMENT_3D('',#867,#868,#869);
#867 = CARTESIAN_POINT('',(-0.32,-0.32,-3.));
#868 = DIRECTION('',(1.,0.,0.));
#869 = DIRECTION('',(0.,0.,1.));
#870 = ADVANCED_FACE('',(#871),#896,.F.);
#871 = FACE_BOUND('',#872,.F.);
#872 = EDGE_LOOP('',(#873,#881,#882,#890));
#873 = ORIENTED_EDGE('',*,*,#874,.F.);
#874 = EDGE_CURVE('',#659,#875,#877,.T.);
#875 = VERTEX_POINT('',#876);
#876 = CARTESIAN_POINT('',(0.32,-0.32,8.38));
#877 = LINE('',#878,#879);
#878 = CARTESIAN_POINT('',(0.32,-0.32,-3.));
#879 = VECTOR('',#880,1.);
#880 = DIRECTION('',(0.,0.,1.));
#881 = ORIENTED_EDGE('',*,*,#658,.T.);
#882 = ORIENTED_EDGE('',*,*,#883,.T.);
#883 = EDGE_CURVE('',#661,#884,#886,.T.);
#884 = VERTEX_POINT('',#885);
#885 = CARTESIAN_POINT('',(-0.32,-0.32,8.38));
#886 = LINE('',#887,#888);
#887 = CARTESIAN_POINT('',(-0.32,-0.32,-3.));
#888 = VECTOR('',#889,1.);
#889 = DIRECTION('',(0.,0.,1.));
#890 = ORIENTED_EDGE('',*,*,#891,.T.);
#891 = EDGE_CURVE('',#884,#875,#892,.T.);
#892 = LINE('',#893,#894);
#893 = CARTESIAN_POINT('',(-0.32,-0.32,8.38));
#894 = VECTOR('',#895,1.);
#895 = DIRECTION('',(1.,0.,0.));
#896 = PLANE('',#897);
#897 = AXIS2_PLACEMENT_3D('',#898,#899,#900);
#898 = CARTESIAN_POINT('',(-0.32,-0.32,-3.));
#899 = DIRECTION('',(0.,1.,0.));
#900 = DIRECTION('',(0.,-0.,1.));
#901 = ADVANCED_FACE('',(#902),#920,.T.);
#902 = FACE_BOUND('',#903,.T.);
#903 = EDGE_LOOP('',(#904,#905,#906,#914));
#904 = ORIENTED_EDGE('',*,*,#874,.F.);
#905 = ORIENTED_EDGE('',*,*,#684,.T.);
#906 = ORIENTED_EDGE('',*,*,#907,.T.);
#907 = EDGE_CURVE('',#677,#908,#910,.T.);
#908 = VERTEX_POINT('',#909);
#909 = CARTESIAN_POINT('',(0.32,0.32,8.38));
#910 = LINE('',#911,#912);
#911 = CARTESIAN_POINT('',(0.32,0.32,-3.));
#912 = VECTOR('',#913,1.);
#913 = DIRECTION('',(0.,0.,1.));
#914 = ORIENTED_EDGE('',*,*,#915,.F.);
#915 = EDGE_CURVE('',#875,#908,#916,.T.);
#916 = LINE('',#917,#918);
#917 = CARTESIAN_POINT('',(0.32,-0.32,8.38));
#918 = VECTOR('',#919,1.);
#919 = DIRECTION('',(0.,1.,0.));
#920 = PLANE('',#921);
#921 = AXIS2_PLACEMENT_3D('',#922,#923,#924);
#922 = CARTESIAN_POINT('',(0.32,-0.32,-3.));
#923 = DIRECTION('',(1.,0.,0.));
#924 = DIRECTION('',(0.,0.,1.));
#925 = ADVANCED_FACE('',(#926),#944,.T.);
#926 = FACE_BOUND('',#927,.T.);
#927 = EDGE_LOOP('',(#928,#929,#930,#938));
#928 = ORIENTED_EDGE('',*,*,#907,.F.);
#929 = ORIENTED_EDGE('',*,*,#676,.T.);
#930 = ORIENTED_EDGE('',*,*,#931,.T.);
#931 = EDGE_CURVE('',#669,#932,#934,.T.);
#932 = VERTEX_POINT('',#933);
#933 = CARTESIAN_POINT('',(-0.32,0.32,8.38));
#934 = LINE('',#935,#936);
#935 = CARTESIAN_POINT('',(-0.32,0.32,-3.));
#936 = VECTOR('',#937,1.);
#937 = DIRECTION('',(0.,0.,1.));
#938 = ORIENTED_EDGE('',*,*,#939,.T.);
#939 = EDGE_CURVE('',#932,#908,#940,.T.);
#940 = LINE('',#941,#942);
#941 = CARTESIAN_POINT('',(-0.32,0.32,8.38));
#942 = VECTOR('',#943,1.);
#943 = DIRECTION('',(1.,0.,0.));
#944 = PLANE('',#945);
#945 = AXIS2_PLACEMENT_3D('',#946,#947,#948);
#946 = CARTESIAN_POINT('',(-0.32,0.32,-3.));
#947 = DIRECTION('',(0.,1.,0.));
#948 = DIRECTION('',(0.,-0.,1.));
#949 = ADVANCED_FACE('',(#950),#961,.F.);
#950 = FACE_BOUND('',#951,.F.);
#951 = EDGE_LOOP('',(#952,#953,#954,#955));
#952 = ORIENTED_EDGE('',*,*,#883,.F.);
#953 = ORIENTED_EDGE('',*,*,#668,.T.);
#954 = ORIENTED_EDGE('',*,*,#931,.T.);
#955 = ORIENTED_EDGE('',*,*,#956,.F.);
#956 = EDGE_CURVE('',#884,#932,#957,.T.);
#957 = LINE('',#958,#959);
#958 = CARTESIAN_POINT('',(-0.32,-0.32,8.38));
#959 = VECTOR('',#960,1.);
#960 = DIRECTION('',(0.,1.,0.));
#961 = PLANE('',#962);
#962 = AXIS2_PLACEMENT_3D('',#963,#964,#965);
#963 = CARTESIAN_POINT('',(-0.32,-0.32,-3.));
#964 = DIRECTION('',(1.,0.,0.));
#965 = DIRECTION('',(0.,0.,1.));
#966 = ADVANCED_FACE('',(#967),#992,.T.);
#967 = FACE_BOUND('',#968,.F.);
#968 = EDGE_LOOP('',(#969,#977,#978,#986));
#969 = ORIENTED_EDGE('',*,*,#970,.F.);
#970 = EDGE_CURVE('',#787,#971,#973,.T.);
#971 = VERTEX_POINT('',#972);
#972 = CARTESIAN_POINT('',(-0.16,-0.16,-3.));
#973 = LINE('',#974,#975);
#974 = CARTESIAN_POINT('',(-0.266666666667,-0.266666666667,
    -2.893333333333));
#975 = VECTOR('',#976,1.);
#976 = DIRECTION('',(0.57735026919,0.57735026919,-0.57735026919));
#977 = ORIENTED_EDGE('',*,*,#786,.T.);
#978 = ORIENTED_EDGE('',*,*,#979,.T.);
#979 = EDGE_CURVE('',#779,#980,#982,.T.);
#980 = VERTEX_POINT('',#981);
#981 = CARTESIAN_POINT('',(0.16,-0.16,-3.));
#982 = LINE('',#983,#984);
#983 = CARTESIAN_POINT('',(0.16,-0.16,-3.));
#984 = VECTOR('',#985,1.);
#985 = DIRECTION('',(-0.57735026919,0.57735026919,-0.57735026919));
#986 = ORIENTED_EDGE('',*,*,#987,.F.);
#987 = EDGE_CURVE('',#971,#980,#988,.T.);
#988 = LINE('',#989,#990);
#989 = CARTESIAN_POINT('',(-0.32,-0.16,-3.));
#990 = VECTOR('',#991,1.);
#991 = DIRECTION('',(1.,0.,0.));
#992 = PLANE('',#993);
#993 = AXIS2_PLACEMENT_3D('',#994,#995,#996);
#994 = CARTESIAN_POINT('',(-0.32,-0.24,-2.92));
#995 = DIRECTION('',(0.,-0.707106781187,-0.707106781187));
#996 = DIRECTION('',(-1.,-0.,0.));
#997 = ADVANCED_FACE('',(#998),#1016,.F.);
#998 = FACE_BOUND('',#999,.F.);
#999 = EDGE_LOOP('',(#1000,#1001,#1002,#1010));
#1000 = ORIENTED_EDGE('',*,*,#979,.F.);
#1001 = ORIENTED_EDGE('',*,*,#810,.T.);
#1002 = ORIENTED_EDGE('',*,*,#1003,.T.);
#1003 = EDGE_CURVE('',#811,#1004,#1006,.T.);
#1004 = VERTEX_POINT('',#1005);
#1005 = CARTESIAN_POINT('',(0.16,0.16,-3.));
#1006 = LINE('',#1007,#1008);
#1007 = CARTESIAN_POINT('',(5.333333333333E-02,5.333333333333E-02,
    -3.106666666667));
#1008 = VECTOR('',#1009,1.);
#1009 = DIRECTION('',(-0.57735026919,-0.57735026919,-0.57735026919));
#1010 = ORIENTED_EDGE('',*,*,#1011,.F.);
#1011 = EDGE_CURVE('',#980,#1004,#1012,.T.);
#1012 = LINE('',#1013,#1014);
#1013 = CARTESIAN_POINT('',(0.16,-0.32,-3.));
#1014 = VECTOR('',#1015,1.);
#1015 = DIRECTION('',(0.,1.,0.));
#1016 = PLANE('',#1017);
#1017 = AXIS2_PLACEMENT_3D('',#1018,#1019,#1020);
#1018 = CARTESIAN_POINT('',(0.24,-0.32,-2.92));
#1019 = DIRECTION('',(-0.707106781187,0.,0.707106781187));
#1020 = DIRECTION('',(0.,1.,-0.));
#1021 = ADVANCED_FACE('',(#1022),#1040,.F.);
#1022 = FACE_BOUND('',#1023,.T.);
#1023 = EDGE_LOOP('',(#1024,#1032,#1033,#1034));
#1024 = ORIENTED_EDGE('',*,*,#1025,.F.);
#1025 = EDGE_CURVE('',#835,#1026,#1028,.T.);
#1026 = VERTEX_POINT('',#1027);
#1027 = CARTESIAN_POINT('',(-0.16,0.16,-3.));
#1028 = LINE('',#1029,#1030);
#1029 = CARTESIAN_POINT('',(-0.16,0.16,-3.));
#1030 = VECTOR('',#1031,1.);
#1031 = DIRECTION('',(0.57735026919,-0.57735026919,-0.57735026919));
#1032 = ORIENTED_EDGE('',*,*,#834,.T.);
#1033 = ORIENTED_EDGE('',*,*,#1003,.T.);
#1034 = ORIENTED_EDGE('',*,*,#1035,.F.);
#1035 = EDGE_CURVE('',#1026,#1004,#1036,.T.);
#1036 = LINE('',#1037,#1038);
#1037 = CARTESIAN_POINT('',(-0.32,0.16,-3.));
#1038 = VECTOR('',#1039,1.);
#1039 = DIRECTION('',(1.,0.,0.));
#1040 = PLANE('',#1041);
#1041 = AXIS2_PLACEMENT_3D('',#1042,#1043,#1044);
#1042 = CARTESIAN_POINT('',(-0.32,0.24,-2.92));
#1043 = DIRECTION('',(-0.,-0.707106781187,0.707106781187));
#1044 = DIRECTION('',(-1.,0.,0.));
#1045 = ADVANCED_FACE('',(#1046),#1057,.T.);
#1046 = FACE_BOUND('',#1047,.T.);
#1047 = EDGE_LOOP('',(#1048,#1049,#1050,#1051));
#1048 = ORIENTED_EDGE('',*,*,#970,.F.);
#1049 = ORIENTED_EDGE('',*,*,#858,.T.);
#1050 = ORIENTED_EDGE('',*,*,#1025,.T.);
#1051 = ORIENTED_EDGE('',*,*,#1052,.F.);
#1052 = EDGE_CURVE('',#971,#1026,#1053,.T.);
#1053 = LINE('',#1054,#1055);
#1054 = CARTESIAN_POINT('',(-0.16,-0.32,-3.));
#1055 = VECTOR('',#1056,1.);
#1056 = DIRECTION('',(0.,1.,0.));
#1057 = PLANE('',#1058);
#1058 = AXIS2_PLACEMENT_3D('',#1059,#1060,#1061);
#1059 = CARTESIAN_POINT('',(-0.24,-0.32,-2.92));
#1060 = DIRECTION('',(-0.707106781187,-0.,-0.707106781187));
#1061 = DIRECTION('',(0.,1.,-0.));
#1062 = ADVANCED_FACE('',(#1063),#1088,.F.);
#1063 = FACE_BOUND('',#1064,.T.);
#1064 = EDGE_LOOP('',(#1065,#1073,#1074,#1082));
#1065 = ORIENTED_EDGE('',*,*,#1066,.F.);
#1066 = EDGE_CURVE('',#884,#1067,#1069,.T.);
#1067 = VERTEX_POINT('',#1068);
#1068 = CARTESIAN_POINT('',(-0.16,-0.16,8.54));
#1069 = LINE('',#1070,#1071);
#1070 = CARTESIAN_POINT('',(-0.266666666667,-0.266666666667,
    8.433333333333));
#1071 = VECTOR('',#1072,1.);
#1072 = DIRECTION('',(0.57735026919,0.57735026919,0.57735026919));
#1073 = ORIENTED_EDGE('',*,*,#891,.T.);
#1074 = ORIENTED_EDGE('',*,*,#1075,.T.);
#1075 = EDGE_CURVE('',#875,#1076,#1078,.T.);
#1076 = VERTEX_POINT('',#1077);
#1077 = CARTESIAN_POINT('',(0.16,-0.16,8.54));
#1078 = LINE('',#1079,#1080);
#1079 = CARTESIAN_POINT('',(0.16,-0.16,8.54));
#1080 = VECTOR('',#1081,1.);
#1081 = DIRECTION('',(-0.57735026919,0.57735026919,0.57735026919));
#1082 = ORIENTED_EDGE('',*,*,#1083,.F.);
#1083 = EDGE_CURVE('',#1067,#1076,#1084,.T.);
#1084 = LINE('',#1085,#1086);
#1085 = CARTESIAN_POINT('',(-0.32,-0.16,8.54));
#1086 = VECTOR('',#1087,1.);
#1087 = DIRECTION('',(1.,0.,0.));
#1088 = PLANE('',#1089);
#1089 = AXIS2_PLACEMENT_3D('',#1090,#1091,#1092);
#1090 = CARTESIAN_POINT('',(-0.32,-0.24,8.46));
#1091 = DIRECTION('',(-0.,0.707106781187,-0.707106781187));
#1092 = DIRECTION('',(-1.,-0.,0.));
#1093 = ADVANCED_FACE('',(#1094),#1112,.T.);
#1094 = FACE_BOUND('',#1095,.T.);
#1095 = EDGE_LOOP('',(#1096,#1097,#1098,#1106));
#1096 = ORIENTED_EDGE('',*,*,#1075,.F.);
#1097 = ORIENTED_EDGE('',*,*,#915,.T.);
#1098 = ORIENTED_EDGE('',*,*,#1099,.T.);
#1099 = EDGE_CURVE('',#908,#1100,#1102,.T.);
#1100 = VERTEX_POINT('',#1101);
#1101 = CARTESIAN_POINT('',(0.16,0.16,8.54));
#1102 = LINE('',#1103,#1104);
#1103 = CARTESIAN_POINT('',(5.333333333333E-02,5.333333333333E-02,
    8.646666666667));
#1104 = VECTOR('',#1105,1.);
#1105 = DIRECTION('',(-0.57735026919,-0.57735026919,0.57735026919));
#1106 = ORIENTED_EDGE('',*,*,#1107,.F.);
#1107 = EDGE_CURVE('',#1076,#1100,#1108,.T.);
#1108 = LINE('',#1109,#1110);
#1109 = CARTESIAN_POINT('',(0.16,-0.32,8.54));
#1110 = VECTOR('',#1111,1.);
#1111 = DIRECTION('',(0.,1.,0.));
#1112 = PLANE('',#1113);
#1113 = AXIS2_PLACEMENT_3D('',#1114,#1115,#1116);
#1114 = CARTESIAN_POINT('',(0.24,-0.32,8.46));
#1115 = DIRECTION('',(0.707106781187,-0.,0.707106781187));
#1116 = DIRECTION('',(0.,1.,0.));
#1117 = ADVANCED_FACE('',(#1118),#1136,.T.);
#1118 = FACE_BOUND('',#1119,.F.);
#1119 = EDGE_LOOP('',(#1120,#1128,#1129,#1130));
#1120 = ORIENTED_EDGE('',*,*,#1121,.F.);
#1121 = EDGE_CURVE('',#932,#1122,#1124,.T.);
#1122 = VERTEX_POINT('',#1123);
#1123 = CARTESIAN_POINT('',(-0.16,0.16,8.54));
#1124 = LINE('',#1125,#1126);
#1125 = CARTESIAN_POINT('',(-0.16,0.16,8.54));
#1126 = VECTOR('',#1127,1.);
#1127 = DIRECTION('',(0.57735026919,-0.57735026919,0.57735026919));
#1128 = ORIENTED_EDGE('',*,*,#939,.T.);
#1129 = ORIENTED_EDGE('',*,*,#1099,.T.);
#1130 = ORIENTED_EDGE('',*,*,#1131,.F.);
#1131 = EDGE_CURVE('',#1122,#1100,#1132,.T.);
#1132 = LINE('',#1133,#1134);
#1133 = CARTESIAN_POINT('',(-0.32,0.16,8.54));
#1134 = VECTOR('',#1135,1.);
#1135 = DIRECTION('',(1.,0.,0.));
#1136 = PLANE('',#1137);
#1137 = AXIS2_PLACEMENT_3D('',#1138,#1139,#1140);
#1138 = CARTESIAN_POINT('',(-0.32,0.24,8.46));
#1139 = DIRECTION('',(0.,0.707106781187,0.707106781187));
#1140 = DIRECTION('',(-1.,0.,0.));
#1141 = ADVANCED_FACE('',(#1142),#1153,.F.);
#1142 = FACE_BOUND('',#1143,.F.);
#1143 = EDGE_LOOP('',(#1144,#1145,#1146,#1147));
#1144 = ORIENTED_EDGE('',*,*,#1066,.F.);
#1145 = ORIENTED_EDGE('',*,*,#956,.T.);
#1146 = ORIENTED_EDGE('',*,*,#1121,.T.);
#1147 = ORIENTED_EDGE('',*,*,#1148,.F.);
#1148 = EDGE_CURVE('',#1067,#1122,#1149,.T.);
#1149 = LINE('',#1150,#1151);
#1150 = CARTESIAN_POINT('',(-0.16,-0.32,8.54));
#1151 = VECTOR('',#1152,1.);
#1152 = DIRECTION('',(0.,1.,0.));
#1153 = PLANE('',#1154);
#1154 = AXIS2_PLACEMENT_3D('',#1155,#1156,#1157);
#1155 = CARTESIAN_POINT('',(-0.24,-0.32,8.46));
#1156 = DIRECTION('',(0.707106781187,0.,-0.707106781187));
#1157 = DIRECTION('',(0.,1.,0.));
#1158 = ADVANCED_FACE('',(#1159),#1165,.F.);
#1159 = FACE_BOUND('',#1160,.F.);
#1160 = EDGE_LOOP('',(#1161,#1162,#1163,#1164));
#1161 = ORIENTED_EDGE('',*,*,#1035,.F.);
#1162 = ORIENTED_EDGE('',*,*,#1052,.F.);
#1163 = ORIENTED_EDGE('',*,*,#987,.T.);
#1164 = ORIENTED_EDGE('',*,*,#1011,.T.);
#1165 = PLANE('',#1166);
#1166 = AXIS2_PLACEMENT_3D('',#1167,#1168,#1169);
#1167 = CARTESIAN_POINT('',(-0.32,-0.32,-3.));
#1168 = DIRECTION('',(0.,0.,1.));
#1169 = DIRECTION('',(1.,0.,-0.));
#1170 = ADVANCED_FACE('',(#1171),#1177,.T.);
#1171 = FACE_BOUND('',#1172,.T.);
#1172 = EDGE_LOOP('',(#1173,#1174,#1175,#1176));
#1173 = ORIENTED_EDGE('',*,*,#1107,.T.);
#1174 = ORIENTED_EDGE('',*,*,#1131,.F.);
#1175 = ORIENTED_EDGE('',*,*,#1148,.F.);
#1176 = ORIENTED_EDGE('',*,*,#1083,.T.);
#1177 = PLANE('',#1178);
#1178 = AXIS2_PLACEMENT_3D('',#1179,#1180,#1181);
#1179 = CARTESIAN_POINT('',(-0.32,-0.32,8.54));
#1180 = DIRECTION('',(0.,0.,1.));
#1181 = DIRECTION('',(1.,0.,-0.));
#1182 = ( GEOMETRIC_REPRESENTATION_CONTEXT(3) 
GLOBAL_UNCERTAINTY_ASSIGNED_CONTEXT((#1186)) 
GLOBAL_UNIT_ASSIGNED_CONTEXT((#1183,#1184,#1185)) REPRESENTATION_CONTEXT
('Context #1','3D Context with UNIT and UNCERTAINTY') );
#1183 = ( LENGTH_UNIT() NAMED_UNIT(*) SI_UNIT(.MILLI.,.METRE.) );
#1184 = ( NAMED_UNIT(*) PLANE_ANGLE_UNIT() SI_UNIT($,.RADIAN.) );
#1185 = ( NAMED_UNIT(*) SI_UNIT($,.STERADIAN.) SOLID_ANGLE_UNIT() );
#1186 = UNCERTAINTY_MEASURE_WITH_UNIT(LENGTH_MEASURE(1.E-07),#1183,
  'distance_accuracy_value','confusion accuracy');
#1187 = CONTEXT_DEPENDENT_SHAPE_REPRESENTATION(#1188,#1190);
#1188 = ( REPRESENTATION_RELATIONSHIP('','',#423,#388) 
REPRESENTATION_RELATIONSHIP_WITH_TRANSFORMATION(#1189) 
SHAPE_REPRESENTATION_RELATIONSHIP() );
#1189 = ITEM_DEFINED_TRANSFORMATION('','',#11,#389);
#1190 = PRODUCT_DEFINITION_SHAPE('Placement','Placement of an item',
  #1191);
#1191 = NEXT_ASSEMBLY_USAGE_OCCURRENCE('3','PLS_1x01 01','',#383,#418,$
  );
#1192 = PRODUCT_RELATED_PRODUCT_CATEGORY('part',$,(#420));
#1193 = SHAPE_DEFINITION_REPRESENTATION(#1194,#1200);
#1194 = PRODUCT_DEFINITION_SHAPE('','',#1195);
#1195 = PRODUCT_DEFINITION('design','',#1196,#1199);
#1196 = PRODUCT_DEFINITION_FORMATION('','',#1197);
#1197 = PRODUCT('PLS_1x01 02','PLS_1x01 02','',(#1198));
#1198 = PRODUCT_CONTEXT('',#2,'mechanical');
#1199 = PRODUCT_DEFINITION_CONTEXT('part definition',#2,'design');
#1200 = ADVANCED_BREP_SHAPE_REPRESENTATION('',(#11,#1201),#1959);
#1201 = MANIFOLD_SOLID_BREP('',#1202);
#1202 = CLOSED_SHELL('',(#1203,#1243,#1274,#1305,#1388,#1471,#1488,#1505
    ,#1522,#1539,#1551,#1582,#1606,#1630,#1647,#1678,#1702,#1726,#1743,
    #1774,#1798,#1822,#1839,#1870,#1894,#1918,#1935,#1947));
#1203 = ADVANCED_FACE('',(#1204),#1238,.F.);
#1204 = FACE_BOUND('',#1205,.F.);
#1205 = EDGE_LOOP('',(#1206,#1216,#1224,#1232));
#1206 = ORIENTED_EDGE('',*,*,#1207,.T.);
#1207 = EDGE_CURVE('',#1208,#1210,#1212,.T.);
#1208 = VERTEX_POINT('',#1209);
#1209 = CARTESIAN_POINT('',(-1.016,1.27,0.));
#1210 = VERTEX_POINT('',#1211);
#1211 = CARTESIAN_POINT('',(-1.016,1.27,2.54));
#1212 = LINE('',#1213,#1214);
#1213 = CARTESIAN_POINT('',(-1.016,1.27,0.));
#1214 = VECTOR('',#1215,1.);
#1215 = DIRECTION('',(0.,0.,1.));
#1216 = ORIENTED_EDGE('',*,*,#1217,.T.);
#1217 = EDGE_CURVE('',#1210,#1218,#1220,.T.);
#1218 = VERTEX_POINT('',#1219);
#1219 = CARTESIAN_POINT('',(-1.27,1.016,2.54));
#1220 = LINE('',#1221,#1222);
#1221 = CARTESIAN_POINT('',(-1.016,1.27,2.54));
#1222 = VECTOR('',#1223,1.);
#1223 = DIRECTION('',(-0.707106781187,-0.707106781187,0.));
#1224 = ORIENTED_EDGE('',*,*,#1225,.F.);
#1225 = EDGE_CURVE('',#1226,#1218,#1228,.T.);
#1226 = VERTEX_POINT('',#1227);
#1227 = CARTESIAN_POINT('',(-1.27,1.016,0.));
#1228 = LINE('',#1229,#1230);
#1229 = CARTESIAN_POINT('',(-1.27,1.016,0.));
#1230 = VECTOR('',#1231,1.);
#1231 = DIRECTION('',(0.,0.,1.));
#1232 = ORIENTED_EDGE('',*,*,#1233,.F.);
#1233 = EDGE_CURVE('',#1208,#1226,#1234,.T.);
#1234 = LINE('',#1235,#1236);
#1235 = CARTESIAN_POINT('',(-1.016,1.27,0.));
#1236 = VECTOR('',#1237,1.);
#1237 = DIRECTION('',(-0.707106781187,-0.707106781187,0.));
#1238 = PLANE('',#1239);
#1239 = AXIS2_PLACEMENT_3D('',#1240,#1241,#1242);
#1240 = CARTESIAN_POINT('',(-1.016,1.27,0.));
#1241 = DIRECTION('',(0.707106781187,-0.707106781187,0.));
#1242 = DIRECTION('',(-0.707106781187,-0.707106781187,0.));
#1243 = ADVANCED_FACE('',(#1244),#1269,.F.);
#1244 = FACE_BOUND('',#1245,.F.);
#1245 = EDGE_LOOP('',(#1246,#1256,#1262,#1263));
#1246 = ORIENTED_EDGE('',*,*,#1247,.T.);
#1247 = EDGE_CURVE('',#1248,#1250,#1252,.T.);
#1248 = VERTEX_POINT('',#1249);
#1249 = CARTESIAN_POINT('',(1.016,1.27,0.));
#1250 = VERTEX_POINT('',#1251);
#1251 = CARTESIAN_POINT('',(1.016,1.27,2.54));
#1252 = LINE('',#1253,#1254);
#1253 = CARTESIAN_POINT('',(1.016,1.27,0.));
#1254 = VECTOR('',#1255,1.);
#1255 = DIRECTION('',(0.,0.,1.));
#1256 = ORIENTED_EDGE('',*,*,#1257,.T.);
#1257 = EDGE_CURVE('',#1250,#1210,#1258,.T.);
#1258 = LINE('',#1259,#1260);
#1259 = CARTESIAN_POINT('',(1.016,1.27,2.54));
#1260 = VECTOR('',#1261,1.);
#1261 = DIRECTION('',(-1.,0.,0.));
#1262 = ORIENTED_EDGE('',*,*,#1207,.F.);
#1263 = ORIENTED_EDGE('',*,*,#1264,.F.);
#1264 = EDGE_CURVE('',#1248,#1208,#1265,.T.);
#1265 = LINE('',#1266,#1267);
#1266 = CARTESIAN_POINT('',(1.016,1.27,0.));
#1267 = VECTOR('',#1268,1.);
#1268 = DIRECTION('',(-1.,0.,0.));
#1269 = PLANE('',#1270);
#1270 = AXIS2_PLACEMENT_3D('',#1271,#1272,#1273);
#1271 = CARTESIAN_POINT('',(1.016,1.27,0.));
#1272 = DIRECTION('',(0.,-1.,0.));
#1273 = DIRECTION('',(-1.,0.,0.));
#1274 = ADVANCED_FACE('',(#1275),#1300,.F.);
#1275 = FACE_BOUND('',#1276,.F.);
#1276 = EDGE_LOOP('',(#1277,#1278,#1286,#1294));
#1277 = ORIENTED_EDGE('',*,*,#1225,.T.);
#1278 = ORIENTED_EDGE('',*,*,#1279,.T.);
#1279 = EDGE_CURVE('',#1218,#1280,#1282,.T.);
#1280 = VERTEX_POINT('',#1281);
#1281 = CARTESIAN_POINT('',(-1.27,-1.016,2.54));
#1282 = LINE('',#1283,#1284);
#1283 = CARTESIAN_POINT('',(-1.27,1.016,2.54));
#1284 = VECTOR('',#1285,1.);
#1285 = DIRECTION('',(0.,-1.,0.));
#1286 = ORIENTED_EDGE('',*,*,#1287,.F.);
#1287 = EDGE_CURVE('',#1288,#1280,#1290,.T.);
#1288 = VERTEX_POINT('',#1289);
#1289 = CARTESIAN_POINT('',(-1.27,-1.016,0.));
#1290 = LINE('',#1291,#1292);
#1291 = CARTESIAN_POINT('',(-1.27,-1.016,0.));
#1292 = VECTOR('',#1293,1.);
#1293 = DIRECTION('',(0.,0.,1.));
#1294 = ORIENTED_EDGE('',*,*,#1295,.F.);
#1295 = EDGE_CURVE('',#1226,#1288,#1296,.T.);
#1296 = LINE('',#1297,#1298);
#1297 = CARTESIAN_POINT('',(-1.27,1.016,0.));
#1298 = VECTOR('',#1299,1.);
#1299 = DIRECTION('',(0.,-1.,0.));
#1300 = PLANE('',#1301);
#1301 = AXIS2_PLACEMENT_3D('',#1302,#1303,#1304);
#1302 = CARTESIAN_POINT('',(-1.27,1.016,0.));
#1303 = DIRECTION('',(1.,0.,0.));
#1304 = DIRECTION('',(0.,-1.,0.));
#1305 = ADVANCED_FACE('',(#1306,#1349),#1383,.F.);
#1306 = FACE_BOUND('',#1307,.F.);
#1307 = EDGE_LOOP('',(#1308,#1309,#1310,#1318,#1326,#1334,#1342,#1348));
#1308 = ORIENTED_EDGE('',*,*,#1233,.T.);
#1309 = ORIENTED_EDGE('',*,*,#1295,.T.);
#1310 = ORIENTED_EDGE('',*,*,#1311,.T.);
#1311 = EDGE_CURVE('',#1288,#1312,#1314,.T.);
#1312 = VERTEX_POINT('',#1313);
#1313 = CARTESIAN_POINT('',(-1.016,-1.27,0.));
#1314 = LINE('',#1315,#1316);
#1315 = CARTESIAN_POINT('',(-1.27,-1.016,0.));
#1316 = VECTOR('',#1317,1.);
#1317 = DIRECTION('',(0.707106781187,-0.707106781187,0.));
#1318 = ORIENTED_EDGE('',*,*,#1319,.T.);
#1319 = EDGE_CURVE('',#1312,#1320,#1322,.T.);
#1320 = VERTEX_POINT('',#1321);
#1321 = CARTESIAN_POINT('',(1.016,-1.27,0.));
#1322 = LINE('',#1323,#1324);
#1323 = CARTESIAN_POINT('',(-1.016,-1.27,0.));
#1324 = VECTOR('',#1325,1.);
#1325 = DIRECTION('',(1.,0.,0.));
#1326 = ORIENTED_EDGE('',*,*,#1327,.T.);
#1327 = EDGE_CURVE('',#1320,#1328,#1330,.T.);
#1328 = VERTEX_POINT('',#1329);
#1329 = CARTESIAN_POINT('',(1.27,-1.016,0.));
#1330 = LINE('',#1331,#1332);
#1331 = CARTESIAN_POINT('',(1.016,-1.27,0.));
#1332 = VECTOR('',#1333,1.);
#1333 = DIRECTION('',(0.707106781187,0.707106781187,0.));
#1334 = ORIENTED_EDGE('',*,*,#1335,.T.);
#1335 = EDGE_CURVE('',#1328,#1336,#1338,.T.);
#1336 = VERTEX_POINT('',#1337);
#1337 = CARTESIAN_POINT('',(1.27,1.016,0.));
#1338 = LINE('',#1339,#1340);
#1339 = CARTESIAN_POINT('',(1.27,-1.016,0.));
#1340 = VECTOR('',#1341,1.);
#1341 = DIRECTION('',(0.,1.,0.));
#1342 = ORIENTED_EDGE('',*,*,#1343,.T.);
#1343 = EDGE_CURVE('',#1336,#1248,#1344,.T.);
#1344 = LINE('',#1345,#1346);
#1345 = CARTESIAN_POINT('',(1.27,1.016,0.));
#1346 = VECTOR('',#1347,1.);
#1347 = DIRECTION('',(-0.707106781187,0.707106781187,0.));
#1348 = ORIENTED_EDGE('',*,*,#1264,.T.);
#1349 = FACE_BOUND('',#1350,.F.);
#1350 = EDGE_LOOP('',(#1351,#1361,#1369,#1377));
#1351 = ORIENTED_EDGE('',*,*,#1352,.T.);
#1352 = EDGE_CURVE('',#1353,#1355,#1357,.T.);
#1353 = VERTEX_POINT('',#1354);
#1354 = CARTESIAN_POINT('',(0.32,-0.32,0.));
#1355 = VERTEX_POINT('',#1356);
#1356 = CARTESIAN_POINT('',(-0.32,-0.32,0.));
#1357 = LINE('',#1358,#1359);
#1358 = CARTESIAN_POINT('',(-0.16,-0.32,0.));
#1359 = VECTOR('',#1360,1.);
#1360 = DIRECTION('',(-1.,0.,0.));
#1361 = ORIENTED_EDGE('',*,*,#1362,.T.);
#1362 = EDGE_CURVE('',#1355,#1363,#1365,.T.);
#1363 = VERTEX_POINT('',#1364);
#1364 = CARTESIAN_POINT('',(-0.32,0.32,0.));
#1365 = LINE('',#1366,#1367);
#1366 = CARTESIAN_POINT('',(-0.32,-0.16,0.));
#1367 = VECTOR('',#1368,1.);
#1368 = DIRECTION('',(0.,1.,0.));
#1369 = ORIENTED_EDGE('',*,*,#1370,.F.);
#1370 = EDGE_CURVE('',#1371,#1363,#1373,.T.);
#1371 = VERTEX_POINT('',#1372);
#1372 = CARTESIAN_POINT('',(0.32,0.32,0.));
#1373 = LINE('',#1374,#1375);
#1374 = CARTESIAN_POINT('',(-0.16,0.32,0.));
#1375 = VECTOR('',#1376,1.);
#1376 = DIRECTION('',(-1.,0.,0.));
#1377 = ORIENTED_EDGE('',*,*,#1378,.F.);
#1378 = EDGE_CURVE('',#1353,#1371,#1379,.T.);
#1379 = LINE('',#1380,#1381);
#1380 = CARTESIAN_POINT('',(0.32,-0.16,0.));
#1381 = VECTOR('',#1382,1.);
#1382 = DIRECTION('',(0.,1.,0.));
#1383 = PLANE('',#1384);
#1384 = AXIS2_PLACEMENT_3D('',#1385,#1386,#1387);
#1385 = CARTESIAN_POINT('',(2.E-17,5.E-17,0.));
#1386 = DIRECTION('',(0.,0.,1.));
#1387 = DIRECTION('',(1.,0.,-0.));
#1388 = ADVANCED_FACE('',(#1389,#1432),#1466,.T.);
#1389 = FACE_BOUND('',#1390,.T.);
#1390 = EDGE_LOOP('',(#1391,#1392,#1393,#1401,#1409,#1417,#1425,#1431));
#1391 = ORIENTED_EDGE('',*,*,#1217,.T.);
#1392 = ORIENTED_EDGE('',*,*,#1279,.T.);
#1393 = ORIENTED_EDGE('',*,*,#1394,.T.);
#1394 = EDGE_CURVE('',#1280,#1395,#1397,.T.);
#1395 = VERTEX_POINT('',#1396);
#1396 = CARTESIAN_POINT('',(-1.016,-1.27,2.54));
#1397 = LINE('',#1398,#1399);
#1398 = CARTESIAN_POINT('',(-1.27,-1.016,2.54));
#1399 = VECTOR('',#1400,1.);
#1400 = DIRECTION('',(0.707106781187,-0.707106781187,0.));
#1401 = ORIENTED_EDGE('',*,*,#1402,.T.);
#1402 = EDGE_CURVE('',#1395,#1403,#1405,.T.);
#1403 = VERTEX_POINT('',#1404);
#1404 = CARTESIAN_POINT('',(1.016,-1.27,2.54));
#1405 = LINE('',#1406,#1407);
#1406 = CARTESIAN_POINT('',(-1.016,-1.27,2.54));
#1407 = VECTOR('',#1408,1.);
#1408 = DIRECTION('',(1.,0.,0.));
#1409 = ORIENTED_EDGE('',*,*,#1410,.T.);
#1410 = EDGE_CURVE('',#1403,#1411,#1413,.T.);
#1411 = VERTEX_POINT('',#1412);
#1412 = CARTESIAN_POINT('',(1.27,-1.016,2.54));
#1413 = LINE('',#1414,#1415);
#1414 = CARTESIAN_POINT('',(1.016,-1.27,2.54));
#1415 = VECTOR('',#1416,1.);
#1416 = DIRECTION('',(0.707106781187,0.707106781187,0.));
#1417 = ORIENTED_EDGE('',*,*,#1418,.T.);
#1418 = EDGE_CURVE('',#1411,#1419,#1421,.T.);
#1419 = VERTEX_POINT('',#1420);
#1420 = CARTESIAN_POINT('',(1.27,1.016,2.54));
#1421 = LINE('',#1422,#1423);
#1422 = CARTESIAN_POINT('',(1.27,-1.016,2.54));
#1423 = VECTOR('',#1424,1.);
#1424 = DIRECTION('',(0.,1.,0.));
#1425 = ORIENTED_EDGE('',*,*,#1426,.T.);
#1426 = EDGE_CURVE('',#1419,#1250,#1427,.T.);
#1427 = LINE('',#1428,#1429);
#1428 = CARTESIAN_POINT('',(1.27,1.016,2.54));
#1429 = VECTOR('',#1430,1.);
#1430 = DIRECTION('',(-0.707106781187,0.707106781187,0.));
#1431 = ORIENTED_EDGE('',*,*,#1257,.T.);
#1432 = FACE_BOUND('',#1433,.T.);
#1433 = EDGE_LOOP('',(#1434,#1444,#1452,#1460));
#1434 = ORIENTED_EDGE('',*,*,#1435,.T.);
#1435 = EDGE_CURVE('',#1436,#1438,#1440,.T.);
#1436 = VERTEX_POINT('',#1437);
#1437 = CARTESIAN_POINT('',(0.32,-0.32,2.54));
#1438 = VERTEX_POINT('',#1439);
#1439 = CARTESIAN_POINT('',(-0.32,-0.32,2.54));
#1440 = LINE('',#1441,#1442);
#1441 = CARTESIAN_POINT('',(-0.16,-0.32,2.54));
#1442 = VECTOR('',#1443,1.);
#1443 = DIRECTION('',(-1.,0.,0.));
#1444 = ORIENTED_EDGE('',*,*,#1445,.T.);
#1445 = EDGE_CURVE('',#1438,#1446,#1448,.T.);
#1446 = VERTEX_POINT('',#1447);
#1447 = CARTESIAN_POINT('',(-0.32,0.32,2.54));
#1448 = LINE('',#1449,#1450);
#1449 = CARTESIAN_POINT('',(-0.32,-0.16,2.54));
#1450 = VECTOR('',#1451,1.);
#1451 = DIRECTION('',(0.,1.,0.));
#1452 = ORIENTED_EDGE('',*,*,#1453,.F.);
#1453 = EDGE_CURVE('',#1454,#1446,#1456,.T.);
#1454 = VERTEX_POINT('',#1455);
#1455 = CARTESIAN_POINT('',(0.32,0.32,2.54));
#1456 = LINE('',#1457,#1458);
#1457 = CARTESIAN_POINT('',(-0.16,0.32,2.54));
#1458 = VECTOR('',#1459,1.);
#1459 = DIRECTION('',(-1.,0.,0.));
#1460 = ORIENTED_EDGE('',*,*,#1461,.F.);
#1461 = EDGE_CURVE('',#1436,#1454,#1462,.T.);
#1462 = LINE('',#1463,#1464);
#1463 = CARTESIAN_POINT('',(0.32,-0.16,2.54));
#1464 = VECTOR('',#1465,1.);
#1465 = DIRECTION('',(0.,1.,0.));
#1466 = PLANE('',#1467);
#1467 = AXIS2_PLACEMENT_3D('',#1468,#1469,#1470);
#1468 = CARTESIAN_POINT('',(2.E-17,5.E-17,2.54));
#1469 = DIRECTION('',(0.,0.,1.));
#1470 = DIRECTION('',(1.,0.,-0.));
#1471 = ADVANCED_FACE('',(#1472),#1483,.F.);
#1472 = FACE_BOUND('',#1473,.F.);
#1473 = EDGE_LOOP('',(#1474,#1480,#1481,#1482));
#1474 = ORIENTED_EDGE('',*,*,#1475,.T.);
#1475 = EDGE_CURVE('',#1336,#1419,#1476,.T.);
#1476 = LINE('',#1477,#1478);
#1477 = CARTESIAN_POINT('',(1.27,1.016,0.));
#1478 = VECTOR('',#1479,1.);
#1479 = DIRECTION('',(0.,0.,1.));
#1480 = ORIENTED_EDGE('',*,*,#1426,.T.);
#1481 = ORIENTED_EDGE('',*,*,#1247,.F.);
#1482 = ORIENTED_EDGE('',*,*,#1343,.F.);
#1483 = PLANE('',#1484);
#1484 = AXIS2_PLACEMENT_3D('',#1485,#1486,#1487);
#1485 = CARTESIAN_POINT('',(1.27,1.016,0.));
#1486 = DIRECTION('',(-0.707106781187,-0.707106781187,0.));
#1487 = DIRECTION('',(-0.707106781187,0.707106781187,0.));
#1488 = ADVANCED_FACE('',(#1489),#1500,.F.);
#1489 = FACE_BOUND('',#1490,.F.);
#1490 = EDGE_LOOP('',(#1491,#1492,#1493,#1499));
#1491 = ORIENTED_EDGE('',*,*,#1287,.T.);
#1492 = ORIENTED_EDGE('',*,*,#1394,.T.);
#1493 = ORIENTED_EDGE('',*,*,#1494,.F.);
#1494 = EDGE_CURVE('',#1312,#1395,#1495,.T.);
#1495 = LINE('',#1496,#1497);
#1496 = CARTESIAN_POINT('',(-1.016,-1.27,0.));
#1497 = VECTOR('',#1498,1.);
#1498 = DIRECTION('',(0.,0.,1.));
#1499 = ORIENTED_EDGE('',*,*,#1311,.F.);
#1500 = PLANE('',#1501);
#1501 = AXIS2_PLACEMENT_3D('',#1502,#1503,#1504);
#1502 = CARTESIAN_POINT('',(-1.27,-1.016,0.));
#1503 = DIRECTION('',(0.707106781187,0.707106781187,0.));
#1504 = DIRECTION('',(0.707106781187,-0.707106781187,0.));
#1505 = ADVANCED_FACE('',(#1506),#1517,.F.);
#1506 = FACE_BOUND('',#1507,.F.);
#1507 = EDGE_LOOP('',(#1508,#1514,#1515,#1516));
#1508 = ORIENTED_EDGE('',*,*,#1509,.T.);
#1509 = EDGE_CURVE('',#1328,#1411,#1510,.T.);
#1510 = LINE('',#1511,#1512);
#1511 = CARTESIAN_POINT('',(1.27,-1.016,0.));
#1512 = VECTOR('',#1513,1.);
#1513 = DIRECTION('',(0.,0.,1.));
#1514 = ORIENTED_EDGE('',*,*,#1418,.T.);
#1515 = ORIENTED_EDGE('',*,*,#1475,.F.);
#1516 = ORIENTED_EDGE('',*,*,#1335,.F.);
#1517 = PLANE('',#1518);
#1518 = AXIS2_PLACEMENT_3D('',#1519,#1520,#1521);
#1519 = CARTESIAN_POINT('',(1.27,-1.016,0.));
#1520 = DIRECTION('',(-1.,0.,0.));
#1521 = DIRECTION('',(0.,1.,0.));
#1522 = ADVANCED_FACE('',(#1523),#1534,.F.);
#1523 = FACE_BOUND('',#1524,.F.);
#1524 = EDGE_LOOP('',(#1525,#1526,#1527,#1533));
#1525 = ORIENTED_EDGE('',*,*,#1494,.T.);
#1526 = ORIENTED_EDGE('',*,*,#1402,.T.);
#1527 = ORIENTED_EDGE('',*,*,#1528,.F.);
#1528 = EDGE_CURVE('',#1320,#1403,#1529,.T.);
#1529 = LINE('',#1530,#1531);
#1530 = CARTESIAN_POINT('',(1.016,-1.27,0.));
#1531 = VECTOR('',#1532,1.);
#1532 = DIRECTION('',(0.,0.,1.));
#1533 = ORIENTED_EDGE('',*,*,#1319,.F.);
#1534 = PLANE('',#1535);
#1535 = AXIS2_PLACEMENT_3D('',#1536,#1537,#1538);
#1536 = CARTESIAN_POINT('',(-1.016,-1.27,0.));
#1537 = DIRECTION('',(0.,1.,0.));
#1538 = DIRECTION('',(1.,0.,0.));
#1539 = ADVANCED_FACE('',(#1540),#1546,.F.);
#1540 = FACE_BOUND('',#1541,.F.);
#1541 = EDGE_LOOP('',(#1542,#1543,#1544,#1545));
#1542 = ORIENTED_EDGE('',*,*,#1528,.T.);
#1543 = ORIENTED_EDGE('',*,*,#1410,.T.);
#1544 = ORIENTED_EDGE('',*,*,#1509,.F.);
#1545 = ORIENTED_EDGE('',*,*,#1327,.F.);
#1546 = PLANE('',#1547);
#1547 = AXIS2_PLACEMENT_3D('',#1548,#1549,#1550);
#1548 = CARTESIAN_POINT('',(1.016,-1.27,0.));
#1549 = DIRECTION('',(-0.707106781187,0.707106781187,0.));
#1550 = DIRECTION('',(0.707106781187,0.707106781187,0.));
#1551 = ADVANCED_FACE('',(#1552),#1577,.F.);
#1552 = FACE_BOUND('',#1553,.F.);
#1553 = EDGE_LOOP('',(#1554,#1562,#1570,#1576));
#1554 = ORIENTED_EDGE('',*,*,#1555,.F.);
#1555 = EDGE_CURVE('',#1556,#1353,#1558,.T.);
#1556 = VERTEX_POINT('',#1557);
#1557 = CARTESIAN_POINT('',(0.32,-0.32,-2.84));
#1558 = LINE('',#1559,#1560);
#1559 = CARTESIAN_POINT('',(0.32,-0.32,-3.));
#1560 = VECTOR('',#1561,1.);
#1561 = DIRECTION('',(0.,0.,1.));
#1562 = ORIENTED_EDGE('',*,*,#1563,.F.);
#1563 = EDGE_CURVE('',#1564,#1556,#1566,.T.);
#1564 = VERTEX_POINT('',#1565);
#1565 = CARTESIAN_POINT('',(-0.32,-0.32,-2.84));
#1566 = LINE('',#1567,#1568);
#1567 = CARTESIAN_POINT('',(-0.32,-0.32,-2.84));
#1568 = VECTOR('',#1569,1.);
#1569 = DIRECTION('',(1.,0.,0.));
#1570 = ORIENTED_EDGE('',*,*,#1571,.T.);
#1571 = EDGE_CURVE('',#1564,#1355,#1572,.T.);
#1572 = LINE('',#1573,#1574);
#1573 = CARTESIAN_POINT('',(-0.32,-0.32,-3.));
#1574 = VECTOR('',#1575,1.);
#1575 = DIRECTION('',(0.,0.,1.));
#1576 = ORIENTED_EDGE('',*,*,#1352,.F.);
#1577 = PLANE('',#1578);
#1578 = AXIS2_PLACEMENT_3D('',#1579,#1580,#1581);
#1579 = CARTESIAN_POINT('',(-0.32,-0.32,-3.));
#1580 = DIRECTION('',(0.,1.,0.));
#1581 = DIRECTION('',(0.,-0.,1.));
#1582 = ADVANCED_FACE('',(#1583),#1601,.T.);
#1583 = FACE_BOUND('',#1584,.T.);
#1584 = EDGE_LOOP('',(#1585,#1586,#1594,#1600));
#1585 = ORIENTED_EDGE('',*,*,#1555,.F.);
#1586 = ORIENTED_EDGE('',*,*,#1587,.T.);
#1587 = EDGE_CURVE('',#1556,#1588,#1590,.T.);
#1588 = VERTEX_POINT('',#1589);
#1589 = CARTESIAN_POINT('',(0.32,0.32,-2.84));
#1590 = LINE('',#1591,#1592);
#1591 = CARTESIAN_POINT('',(0.32,-0.32,-2.84));
#1592 = VECTOR('',#1593,1.);
#1593 = DIRECTION('',(0.,1.,0.));
#1594 = ORIENTED_EDGE('',*,*,#1595,.T.);
#1595 = EDGE_CURVE('',#1588,#1371,#1596,.T.);
#1596 = LINE('',#1597,#1598);
#1597 = CARTESIAN_POINT('',(0.32,0.32,-3.));
#1598 = VECTOR('',#1599,1.);
#1599 = DIRECTION('',(0.,0.,1.));
#1600 = ORIENTED_EDGE('',*,*,#1378,.F.);
#1601 = PLANE('',#1602);
#1602 = AXIS2_PLACEMENT_3D('',#1603,#1604,#1605);
#1603 = CARTESIAN_POINT('',(0.32,-0.32,-3.));
#1604 = DIRECTION('',(1.,0.,0.));
#1605 = DIRECTION('',(0.,0.,1.));
#1606 = ADVANCED_FACE('',(#1607),#1625,.T.);
#1607 = FACE_BOUND('',#1608,.T.);
#1608 = EDGE_LOOP('',(#1609,#1610,#1618,#1624));
#1609 = ORIENTED_EDGE('',*,*,#1595,.F.);
#1610 = ORIENTED_EDGE('',*,*,#1611,.F.);
#1611 = EDGE_CURVE('',#1612,#1588,#1614,.T.);
#1612 = VERTEX_POINT('',#1613);
#1613 = CARTESIAN_POINT('',(-0.32,0.32,-2.84));
#1614 = LINE('',#1615,#1616);
#1615 = CARTESIAN_POINT('',(-0.32,0.32,-2.84));
#1616 = VECTOR('',#1617,1.);
#1617 = DIRECTION('',(1.,0.,0.));
#1618 = ORIENTED_EDGE('',*,*,#1619,.T.);
#1619 = EDGE_CURVE('',#1612,#1363,#1620,.T.);
#1620 = LINE('',#1621,#1622);
#1621 = CARTESIAN_POINT('',(-0.32,0.32,-3.));
#1622 = VECTOR('',#1623,1.);
#1623 = DIRECTION('',(0.,0.,1.));
#1624 = ORIENTED_EDGE('',*,*,#1370,.F.);
#1625 = PLANE('',#1626);
#1626 = AXIS2_PLACEMENT_3D('',#1627,#1628,#1629);
#1627 = CARTESIAN_POINT('',(-0.32,0.32,-3.));
#1628 = DIRECTION('',(0.,1.,0.));
#1629 = DIRECTION('',(0.,-0.,1.));
#1630 = ADVANCED_FACE('',(#1631),#1642,.F.);
#1631 = FACE_BOUND('',#1632,.F.);
#1632 = EDGE_LOOP('',(#1633,#1634,#1640,#1641));
#1633 = ORIENTED_EDGE('',*,*,#1571,.F.);
#1634 = ORIENTED_EDGE('',*,*,#1635,.T.);
#1635 = EDGE_CURVE('',#1564,#1612,#1636,.T.);
#1636 = LINE('',#1637,#1638);
#1637 = CARTESIAN_POINT('',(-0.32,-0.32,-2.84));
#1638 = VECTOR('',#1639,1.);
#1639 = DIRECTION('',(0.,1.,0.));
#1640 = ORIENTED_EDGE('',*,*,#1619,.T.);
#1641 = ORIENTED_EDGE('',*,*,#1362,.F.);
#1642 = PLANE('',#1643);
#1643 = AXIS2_PLACEMENT_3D('',#1644,#1645,#1646);
#1644 = CARTESIAN_POINT('',(-0.32,-0.32,-3.));
#1645 = DIRECTION('',(1.,0.,0.));
#1646 = DIRECTION('',(0.,0.,1.));
#1647 = ADVANCED_FACE('',(#1648),#1673,.F.);
#1648 = FACE_BOUND('',#1649,.F.);
#1649 = EDGE_LOOP('',(#1650,#1658,#1659,#1667));
#1650 = ORIENTED_EDGE('',*,*,#1651,.F.);
#1651 = EDGE_CURVE('',#1436,#1652,#1654,.T.);
#1652 = VERTEX_POINT('',#1653);
#1653 = CARTESIAN_POINT('',(0.32,-0.32,8.38));
#1654 = LINE('',#1655,#1656);
#1655 = CARTESIAN_POINT('',(0.32,-0.32,-3.));
#1656 = VECTOR('',#1657,1.);
#1657 = DIRECTION('',(0.,0.,1.));
#1658 = ORIENTED_EDGE('',*,*,#1435,.T.);
#1659 = ORIENTED_EDGE('',*,*,#1660,.T.);
#1660 = EDGE_CURVE('',#1438,#1661,#1663,.T.);
#1661 = VERTEX_POINT('',#1662);
#1662 = CARTESIAN_POINT('',(-0.32,-0.32,8.38));
#1663 = LINE('',#1664,#1665);
#1664 = CARTESIAN_POINT('',(-0.32,-0.32,-3.));
#1665 = VECTOR('',#1666,1.);
#1666 = DIRECTION('',(0.,0.,1.));
#1667 = ORIENTED_EDGE('',*,*,#1668,.T.);
#1668 = EDGE_CURVE('',#1661,#1652,#1669,.T.);
#1669 = LINE('',#1670,#1671);
#1670 = CARTESIAN_POINT('',(-0.32,-0.32,8.38));
#1671 = VECTOR('',#1672,1.);
#1672 = DIRECTION('',(1.,0.,0.));
#1673 = PLANE('',#1674);
#1674 = AXIS2_PLACEMENT_3D('',#1675,#1676,#1677);
#1675 = CARTESIAN_POINT('',(-0.32,-0.32,-3.));
#1676 = DIRECTION('',(0.,1.,0.));
#1677 = DIRECTION('',(0.,-0.,1.));
#1678 = ADVANCED_FACE('',(#1679),#1697,.T.);
#1679 = FACE_BOUND('',#1680,.T.);
#1680 = EDGE_LOOP('',(#1681,#1682,#1683,#1691));
#1681 = ORIENTED_EDGE('',*,*,#1651,.F.);
#1682 = ORIENTED_EDGE('',*,*,#1461,.T.);
#1683 = ORIENTED_EDGE('',*,*,#1684,.T.);
#1684 = EDGE_CURVE('',#1454,#1685,#1687,.T.);
#1685 = VERTEX_POINT('',#1686);
#1686 = CARTESIAN_POINT('',(0.32,0.32,8.38));
#1687 = LINE('',#1688,#1689);
#1688 = CARTESIAN_POINT('',(0.32,0.32,-3.));
#1689 = VECTOR('',#1690,1.);
#1690 = DIRECTION('',(0.,0.,1.));
#1691 = ORIENTED_EDGE('',*,*,#1692,.F.);
#1692 = EDGE_CURVE('',#1652,#1685,#1693,.T.);
#1693 = LINE('',#1694,#1695);
#1694 = CARTESIAN_POINT('',(0.32,-0.32,8.38));
#1695 = VECTOR('',#1696,1.);
#1696 = DIRECTION('',(0.,1.,0.));
#1697 = PLANE('',#1698);
#1698 = AXIS2_PLACEMENT_3D('',#1699,#1700,#1701);
#1699 = CARTESIAN_POINT('',(0.32,-0.32,-3.));
#1700 = DIRECTION('',(1.,0.,0.));
#1701 = DIRECTION('',(0.,0.,1.));
#1702 = ADVANCED_FACE('',(#1703),#1721,.T.);
#1703 = FACE_BOUND('',#1704,.T.);
#1704 = EDGE_LOOP('',(#1705,#1706,#1707,#1715));
#1705 = ORIENTED_EDGE('',*,*,#1684,.F.);
#1706 = ORIENTED_EDGE('',*,*,#1453,.T.);
#1707 = ORIENTED_EDGE('',*,*,#1708,.T.);
#1708 = EDGE_CURVE('',#1446,#1709,#1711,.T.);
#1709 = VERTEX_POINT('',#1710);
#1710 = CARTESIAN_POINT('',(-0.32,0.32,8.38));
#1711 = LINE('',#1712,#1713);
#1712 = CARTESIAN_POINT('',(-0.32,0.32,-3.));
#1713 = VECTOR('',#1714,1.);
#1714 = DIRECTION('',(0.,0.,1.));
#1715 = ORIENTED_EDGE('',*,*,#1716,.T.);
#1716 = EDGE_CURVE('',#1709,#1685,#1717,.T.);
#1717 = LINE('',#1718,#1719);
#1718 = CARTESIAN_POINT('',(-0.32,0.32,8.38));
#1719 = VECTOR('',#1720,1.);
#1720 = DIRECTION('',(1.,0.,0.));
#1721 = PLANE('',#1722);
#1722 = AXIS2_PLACEMENT_3D('',#1723,#1724,#1725);
#1723 = CARTESIAN_POINT('',(-0.32,0.32,-3.));
#1724 = DIRECTION('',(0.,1.,0.));
#1725 = DIRECTION('',(0.,-0.,1.));
#1726 = ADVANCED_FACE('',(#1727),#1738,.F.);
#1727 = FACE_BOUND('',#1728,.F.);
#1728 = EDGE_LOOP('',(#1729,#1730,#1731,#1732));
#1729 = ORIENTED_EDGE('',*,*,#1660,.F.);
#1730 = ORIENTED_EDGE('',*,*,#1445,.T.);
#1731 = ORIENTED_EDGE('',*,*,#1708,.T.);
#1732 = ORIENTED_EDGE('',*,*,#1733,.F.);
#1733 = EDGE_CURVE('',#1661,#1709,#1734,.T.);
#1734 = LINE('',#1735,#1736);
#1735 = CARTESIAN_POINT('',(-0.32,-0.32,8.38));
#1736 = VECTOR('',#1737,1.);
#1737 = DIRECTION('',(0.,1.,0.));
#1738 = PLANE('',#1739);
#1739 = AXIS2_PLACEMENT_3D('',#1740,#1741,#1742);
#1740 = CARTESIAN_POINT('',(-0.32,-0.32,-3.));
#1741 = DIRECTION('',(1.,0.,0.));
#1742 = DIRECTION('',(0.,0.,1.));
#1743 = ADVANCED_FACE('',(#1744),#1769,.T.);
#1744 = FACE_BOUND('',#1745,.F.);
#1745 = EDGE_LOOP('',(#1746,#1754,#1755,#1763));
#1746 = ORIENTED_EDGE('',*,*,#1747,.F.);
#1747 = EDGE_CURVE('',#1564,#1748,#1750,.T.);
#1748 = VERTEX_POINT('',#1749);
#1749 = CARTESIAN_POINT('',(-0.16,-0.16,-3.));
#1750 = LINE('',#1751,#1752);
#1751 = CARTESIAN_POINT('',(-0.266666666667,-0.266666666667,
    -2.893333333333));
#1752 = VECTOR('',#1753,1.);
#1753 = DIRECTION('',(0.57735026919,0.57735026919,-0.57735026919));
#1754 = ORIENTED_EDGE('',*,*,#1563,.T.);
#1755 = ORIENTED_EDGE('',*,*,#1756,.T.);
#1756 = EDGE_CURVE('',#1556,#1757,#1759,.T.);
#1757 = VERTEX_POINT('',#1758);
#1758 = CARTESIAN_POINT('',(0.16,-0.16,-3.));
#1759 = LINE('',#1760,#1761);
#1760 = CARTESIAN_POINT('',(0.16,-0.16,-3.));
#1761 = VECTOR('',#1762,1.);
#1762 = DIRECTION('',(-0.57735026919,0.57735026919,-0.57735026919));
#1763 = ORIENTED_EDGE('',*,*,#1764,.F.);
#1764 = EDGE_CURVE('',#1748,#1757,#1765,.T.);
#1765 = LINE('',#1766,#1767);
#1766 = CARTESIAN_POINT('',(-0.32,-0.16,-3.));
#1767 = VECTOR('',#1768,1.);
#1768 = DIRECTION('',(1.,0.,0.));
#1769 = PLANE('',#1770);
#1770 = AXIS2_PLACEMENT_3D('',#1771,#1772,#1773);
#1771 = CARTESIAN_POINT('',(-0.32,-0.24,-2.92));
#1772 = DIRECTION('',(0.,-0.707106781187,-0.707106781187));
#1773 = DIRECTION('',(-1.,-0.,0.));
#1774 = ADVANCED_FACE('',(#1775),#1793,.F.);
#1775 = FACE_BOUND('',#1776,.F.);
#1776 = EDGE_LOOP('',(#1777,#1778,#1779,#1787));
#1777 = ORIENTED_EDGE('',*,*,#1756,.F.);
#1778 = ORIENTED_EDGE('',*,*,#1587,.T.);
#1779 = ORIENTED_EDGE('',*,*,#1780,.T.);
#1780 = EDGE_CURVE('',#1588,#1781,#1783,.T.);
#1781 = VERTEX_POINT('',#1782);
#1782 = CARTESIAN_POINT('',(0.16,0.16,-3.));
#1783 = LINE('',#1784,#1785);
#1784 = CARTESIAN_POINT('',(5.333333333333E-02,5.333333333333E-02,
    -3.106666666667));
#1785 = VECTOR('',#1786,1.);
#1786 = DIRECTION('',(-0.57735026919,-0.57735026919,-0.57735026919));
#1787 = ORIENTED_EDGE('',*,*,#1788,.F.);
#1788 = EDGE_CURVE('',#1757,#1781,#1789,.T.);
#1789 = LINE('',#1790,#1791);
#1790 = CARTESIAN_POINT('',(0.16,-0.32,-3.));
#1791 = VECTOR('',#1792,1.);
#1792 = DIRECTION('',(0.,1.,0.));
#1793 = PLANE('',#1794);
#1794 = AXIS2_PLACEMENT_3D('',#1795,#1796,#1797);
#1795 = CARTESIAN_POINT('',(0.24,-0.32,-2.92));
#1796 = DIRECTION('',(-0.707106781187,0.,0.707106781187));
#1797 = DIRECTION('',(0.,1.,-0.));
#1798 = ADVANCED_FACE('',(#1799),#1817,.F.);
#1799 = FACE_BOUND('',#1800,.T.);
#1800 = EDGE_LOOP('',(#1801,#1809,#1810,#1811));
#1801 = ORIENTED_EDGE('',*,*,#1802,.F.);
#1802 = EDGE_CURVE('',#1612,#1803,#1805,.T.);
#1803 = VERTEX_POINT('',#1804);
#1804 = CARTESIAN_POINT('',(-0.16,0.16,-3.));
#1805 = LINE('',#1806,#1807);
#1806 = CARTESIAN_POINT('',(-0.16,0.16,-3.));
#1807 = VECTOR('',#1808,1.);
#1808 = DIRECTION('',(0.57735026919,-0.57735026919,-0.57735026919));
#1809 = ORIENTED_EDGE('',*,*,#1611,.T.);
#1810 = ORIENTED_EDGE('',*,*,#1780,.T.);
#1811 = ORIENTED_EDGE('',*,*,#1812,.F.);
#1812 = EDGE_CURVE('',#1803,#1781,#1813,.T.);
#1813 = LINE('',#1814,#1815);
#1814 = CARTESIAN_POINT('',(-0.32,0.16,-3.));
#1815 = VECTOR('',#1816,1.);
#1816 = DIRECTION('',(1.,0.,0.));
#1817 = PLANE('',#1818);
#1818 = AXIS2_PLACEMENT_3D('',#1819,#1820,#1821);
#1819 = CARTESIAN_POINT('',(-0.32,0.24,-2.92));
#1820 = DIRECTION('',(-0.,-0.707106781187,0.707106781187));
#1821 = DIRECTION('',(-1.,0.,0.));
#1822 = ADVANCED_FACE('',(#1823),#1834,.T.);
#1823 = FACE_BOUND('',#1824,.T.);
#1824 = EDGE_LOOP('',(#1825,#1826,#1827,#1828));
#1825 = ORIENTED_EDGE('',*,*,#1747,.F.);
#1826 = ORIENTED_EDGE('',*,*,#1635,.T.);
#1827 = ORIENTED_EDGE('',*,*,#1802,.T.);
#1828 = ORIENTED_EDGE('',*,*,#1829,.F.);
#1829 = EDGE_CURVE('',#1748,#1803,#1830,.T.);
#1830 = LINE('',#1831,#1832);
#1831 = CARTESIAN_POINT('',(-0.16,-0.32,-3.));
#1832 = VECTOR('',#1833,1.);
#1833 = DIRECTION('',(0.,1.,0.));
#1834 = PLANE('',#1835);
#1835 = AXIS2_PLACEMENT_3D('',#1836,#1837,#1838);
#1836 = CARTESIAN_POINT('',(-0.24,-0.32,-2.92));
#1837 = DIRECTION('',(-0.707106781187,-0.,-0.707106781187));
#1838 = DIRECTION('',(0.,1.,-0.));
#1839 = ADVANCED_FACE('',(#1840),#1865,.F.);
#1840 = FACE_BOUND('',#1841,.T.);
#1841 = EDGE_LOOP('',(#1842,#1850,#1851,#1859));
#1842 = ORIENTED_EDGE('',*,*,#1843,.F.);
#1843 = EDGE_CURVE('',#1661,#1844,#1846,.T.);
#1844 = VERTEX_POINT('',#1845);
#1845 = CARTESIAN_POINT('',(-0.16,-0.16,8.54));
#1846 = LINE('',#1847,#1848);
#1847 = CARTESIAN_POINT('',(-0.266666666667,-0.266666666667,
    8.433333333333));
#1848 = VECTOR('',#1849,1.);
#1849 = DIRECTION('',(0.57735026919,0.57735026919,0.57735026919));
#1850 = ORIENTED_EDGE('',*,*,#1668,.T.);
#1851 = ORIENTED_EDGE('',*,*,#1852,.T.);
#1852 = EDGE_CURVE('',#1652,#1853,#1855,.T.);
#1853 = VERTEX_POINT('',#1854);
#1854 = CARTESIAN_POINT('',(0.16,-0.16,8.54));
#1855 = LINE('',#1856,#1857);
#1856 = CARTESIAN_POINT('',(0.16,-0.16,8.54));
#1857 = VECTOR('',#1858,1.);
#1858 = DIRECTION('',(-0.57735026919,0.57735026919,0.57735026919));
#1859 = ORIENTED_EDGE('',*,*,#1860,.F.);
#1860 = EDGE_CURVE('',#1844,#1853,#1861,.T.);
#1861 = LINE('',#1862,#1863);
#1862 = CARTESIAN_POINT('',(-0.32,-0.16,8.54));
#1863 = VECTOR('',#1864,1.);
#1864 = DIRECTION('',(1.,0.,0.));
#1865 = PLANE('',#1866);
#1866 = AXIS2_PLACEMENT_3D('',#1867,#1868,#1869);
#1867 = CARTESIAN_POINT('',(-0.32,-0.24,8.46));
#1868 = DIRECTION('',(-0.,0.707106781187,-0.707106781187));
#1869 = DIRECTION('',(-1.,-0.,0.));
#1870 = ADVANCED_FACE('',(#1871),#1889,.T.);
#1871 = FACE_BOUND('',#1872,.T.);
#1872 = EDGE_LOOP('',(#1873,#1874,#1875,#1883));
#1873 = ORIENTED_EDGE('',*,*,#1852,.F.);
#1874 = ORIENTED_EDGE('',*,*,#1692,.T.);
#1875 = ORIENTED_EDGE('',*,*,#1876,.T.);
#1876 = EDGE_CURVE('',#1685,#1877,#1879,.T.);
#1877 = VERTEX_POINT('',#1878);
#1878 = CARTESIAN_POINT('',(0.16,0.16,8.54));
#1879 = LINE('',#1880,#1881);
#1880 = CARTESIAN_POINT('',(5.333333333333E-02,5.333333333333E-02,
    8.646666666667));
#1881 = VECTOR('',#1882,1.);
#1882 = DIRECTION('',(-0.57735026919,-0.57735026919,0.57735026919));
#1883 = ORIENTED_EDGE('',*,*,#1884,.F.);
#1884 = EDGE_CURVE('',#1853,#1877,#1885,.T.);
#1885 = LINE('',#1886,#1887);
#1886 = CARTESIAN_POINT('',(0.16,-0.32,8.54));
#1887 = VECTOR('',#1888,1.);
#1888 = DIRECTION('',(0.,1.,0.));
#1889 = PLANE('',#1890);
#1890 = AXIS2_PLACEMENT_3D('',#1891,#1892,#1893);
#1891 = CARTESIAN_POINT('',(0.24,-0.32,8.46));
#1892 = DIRECTION('',(0.707106781187,-0.,0.707106781187));
#1893 = DIRECTION('',(0.,1.,0.));
#1894 = ADVANCED_FACE('',(#1895),#1913,.T.);
#1895 = FACE_BOUND('',#1896,.F.);
#1896 = EDGE_LOOP('',(#1897,#1905,#1906,#1907));
#1897 = ORIENTED_EDGE('',*,*,#1898,.F.);
#1898 = EDGE_CURVE('',#1709,#1899,#1901,.T.);
#1899 = VERTEX_POINT('',#1900);
#1900 = CARTESIAN_POINT('',(-0.16,0.16,8.54));
#1901 = LINE('',#1902,#1903);
#1902 = CARTESIAN_POINT('',(-0.16,0.16,8.54));
#1903 = VECTOR('',#1904,1.);
#1904 = DIRECTION('',(0.57735026919,-0.57735026919,0.57735026919));
#1905 = ORIENTED_EDGE('',*,*,#1716,.T.);
#1906 = ORIENTED_EDGE('',*,*,#1876,.T.);
#1907 = ORIENTED_EDGE('',*,*,#1908,.F.);
#1908 = EDGE_CURVE('',#1899,#1877,#1909,.T.);
#1909 = LINE('',#1910,#1911);
#1910 = CARTESIAN_POINT('',(-0.32,0.16,8.54));
#1911 = VECTOR('',#1912,1.);
#1912 = DIRECTION('',(1.,0.,0.));
#1913 = PLANE('',#1914);
#1914 = AXIS2_PLACEMENT_3D('',#1915,#1916,#1917);
#1915 = CARTESIAN_POINT('',(-0.32,0.24,8.46));
#1916 = DIRECTION('',(0.,0.707106781187,0.707106781187));
#1917 = DIRECTION('',(-1.,0.,0.));
#1918 = ADVANCED_FACE('',(#1919),#1930,.F.);
#1919 = FACE_BOUND('',#1920,.F.);
#1920 = EDGE_LOOP('',(#1921,#1922,#1923,#1924));
#1921 = ORIENTED_EDGE('',*,*,#1843,.F.);
#1922 = ORIENTED_EDGE('',*,*,#1733,.T.);
#1923 = ORIENTED_EDGE('',*,*,#1898,.T.);
#1924 = ORIENTED_EDGE('',*,*,#1925,.F.);
#1925 = EDGE_CURVE('',#1844,#1899,#1926,.T.);
#1926 = LINE('',#1927,#1928);
#1927 = CARTESIAN_POINT('',(-0.16,-0.32,8.54));
#1928 = VECTOR('',#1929,1.);
#1929 = DIRECTION('',(0.,1.,0.));
#1930 = PLANE('',#1931);
#1931 = AXIS2_PLACEMENT_3D('',#1932,#1933,#1934);
#1932 = CARTESIAN_POINT('',(-0.24,-0.32,8.46));
#1933 = DIRECTION('',(0.707106781187,0.,-0.707106781187));
#1934 = DIRECTION('',(0.,1.,0.));
#1935 = ADVANCED_FACE('',(#1936),#1942,.F.);
#1936 = FACE_BOUND('',#1937,.F.);
#1937 = EDGE_LOOP('',(#1938,#1939,#1940,#1941));
#1938 = ORIENTED_EDGE('',*,*,#1812,.F.);
#1939 = ORIENTED_EDGE('',*,*,#1829,.F.);
#1940 = ORIENTED_EDGE('',*,*,#1764,.T.);
#1941 = ORIENTED_EDGE('',*,*,#1788,.T.);
#1942 = PLANE('',#1943);
#1943 = AXIS2_PLACEMENT_3D('',#1944,#1945,#1946);
#1944 = CARTESIAN_POINT('',(-0.32,-0.32,-3.));
#1945 = DIRECTION('',(0.,0.,1.));
#1946 = DIRECTION('',(1.,0.,-0.));
#1947 = ADVANCED_FACE('',(#1948),#1954,.T.);
#1948 = FACE_BOUND('',#1949,.T.);
#1949 = EDGE_LOOP('',(#1950,#1951,#1952,#1953));
#1950 = ORIENTED_EDGE('',*,*,#1884,.T.);
#1951 = ORIENTED_EDGE('',*,*,#1908,.F.);
#1952 = ORIENTED_EDGE('',*,*,#1925,.F.);
#1953 = ORIENTED_EDGE('',*,*,#1860,.T.);
#1954 = PLANE('',#1955);
#1955 = AXIS2_PLACEMENT_3D('',#1956,#1957,#1958);
#1956 = CARTESIAN_POINT('',(-0.32,-0.32,8.54));
#1957 = DIRECTION('',(0.,0.,1.));
#1958 = DIRECTION('',(1.,0.,-0.));
#1959 = ( GEOMETRIC_REPRESENTATION_CONTEXT(3) 
GLOBAL_UNCERTAINTY_ASSIGNED_CONTEXT((#1963)) 
GLOBAL_UNIT_ASSIGNED_CONTEXT((#1960,#1961,#1962)) REPRESENTATION_CONTEXT
('Context #1','3D Context with UNIT and UNCERTAINTY') );
#1960 = ( LENGTH_UNIT() NAMED_UNIT(*) SI_UNIT(.MILLI.,.METRE.) );
#1961 = ( NAMED_UNIT(*) PLANE_ANGLE_UNIT() SI_UNIT($,.RADIAN.) );
#1962 = ( NAMED_UNIT(*) SI_UNIT($,.STERADIAN.) SOLID_ANGLE_UNIT() );
#1963 = UNCERTAINTY_MEASURE_WITH_UNIT(LENGTH_MEASURE(1.E-07),#1960,
  'distance_accuracy_value','confusion accuracy');
#1964 = CONTEXT_DEPENDENT_SHAPE_REPRESENTATION(#1965,#1967);
#1965 = ( REPRESENTATION_RELATIONSHIP('','',#1200,#388) 
REPRESENTATION_RELATIONSHIP_WITH_TRANSFORMATION(#1966) 
SHAPE_REPRESENTATION_RELATIONSHIP() );
#1966 = ITEM_DEFINED_TRANSFORMATION('','',#11,#393);
#1967 = PRODUCT_DEFINITION_SHAPE('Placement','Placement of an item',
  #1968);
#1968 = NEXT_ASSEMBLY_USAGE_OCCURRENCE('4','PLS_1x01 02','',#383,#1195,$
  );
#1969 = PRODUCT_RELATED_PRODUCT_CATEGORY('part',$,(#1197));
#1970 = SHAPE_DEFINITION_REPRESENTATION(#1971,#1977);
#1971 = PRODUCT_DEFINITION_SHAPE('','',#1972);
#1972 = PRODUCT_DEFINITION('design','',#1973,#1976);
#1973 = PRODUCT_DEFINITION_FORMATION('','',#1974);
#1974 = PRODUCT('PLS_1x01 03','PLS_1x01 03','',(#1975));
#1975 = PRODUCT_CONTEXT('',#2,'mechanical');
#1976 = PRODUCT_DEFINITION_CONTEXT('part definition',#2,'design');
#1977 = ADVANCED_BREP_SHAPE_REPRESENTATION('',(#11,#1978),#2736);
#1978 = MANIFOLD_SOLID_BREP('',#1979);
#1979 = CLOSED_SHELL('',(#1980,#2020,#2051,#2082,#2165,#2248,#2265,#2282
    ,#2299,#2316,#2328,#2359,#2383,#2407,#2424,#2455,#2479,#2503,#2520,
    #2551,#2575,#2599,#2616,#2647,#2671,#2695,#2712,#2724));
#1980 = ADVANCED_FACE('',(#1981),#2015,.F.);
#1981 = FACE_BOUND('',#1982,.F.);
#1982 = EDGE_LOOP('',(#1983,#1993,#2001,#2009));
#1983 = ORIENTED_EDGE('',*,*,#1984,.T.);
#1984 = EDGE_CURVE('',#1985,#1987,#1989,.T.);
#1985 = VERTEX_POINT('',#1986);
#1986 = CARTESIAN_POINT('',(-1.016,1.27,0.));
#1987 = VERTEX_POINT('',#1988);
#1988 = CARTESIAN_POINT('',(-1.016,1.27,2.54));
#1989 = LINE('',#1990,#1991);
#1990 = CARTESIAN_POINT('',(-1.016,1.27,0.));
#1991 = VECTOR('',#1992,1.);
#1992 = DIRECTION('',(0.,0.,1.));
#1993 = ORIENTED_EDGE('',*,*,#1994,.T.);
#1994 = EDGE_CURVE('',#1987,#1995,#1997,.T.);
#1995 = VERTEX_POINT('',#1996);
#1996 = CARTESIAN_POINT('',(-1.27,1.016,2.54));
#1997 = LINE('',#1998,#1999);
#1998 = CARTESIAN_POINT('',(-1.016,1.27,2.54));
#1999 = VECTOR('',#2000,1.);
#2000 = DIRECTION('',(-0.707106781187,-0.707106781187,0.));
#2001 = ORIENTED_EDGE('',*,*,#2002,.F.);
#2002 = EDGE_CURVE('',#2003,#1995,#2005,.T.);
#2003 = VERTEX_POINT('',#2004);
#2004 = CARTESIAN_POINT('',(-1.27,1.016,0.));
#2005 = LINE('',#2006,#2007);
#2006 = CARTESIAN_POINT('',(-1.27,1.016,0.));
#2007 = VECTOR('',#2008,1.);
#2008 = DIRECTION('',(0.,0.,1.));
#2009 = ORIENTED_EDGE('',*,*,#2010,.F.);
#2010 = EDGE_CURVE('',#1985,#2003,#2011,.T.);
#2011 = LINE('',#2012,#2013);
#2012 = CARTESIAN_POINT('',(-1.016,1.27,0.));
#2013 = VECTOR('',#2014,1.);
#2014 = DIRECTION('',(-0.707106781187,-0.707106781187,0.));
#2015 = PLANE('',#2016);
#2016 = AXIS2_PLACEMENT_3D('',#2017,#2018,#2019);
#2017 = CARTESIAN_POINT('',(-1.016,1.27,0.));
#2018 = DIRECTION('',(0.707106781187,-0.707106781187,0.));
#2019 = DIRECTION('',(-0.707106781187,-0.707106781187,0.));
#2020 = ADVANCED_FACE('',(#2021),#2046,.F.);
#2021 = FACE_BOUND('',#2022,.F.);
#2022 = EDGE_LOOP('',(#2023,#2033,#2039,#2040));
#2023 = ORIENTED_EDGE('',*,*,#2024,.T.);
#2024 = EDGE_CURVE('',#2025,#2027,#2029,.T.);
#2025 = VERTEX_POINT('',#2026);
#2026 = CARTESIAN_POINT('',(1.016,1.27,0.));
#2027 = VERTEX_POINT('',#2028);
#2028 = CARTESIAN_POINT('',(1.016,1.27,2.54));
#2029 = LINE('',#2030,#2031);
#2030 = CARTESIAN_POINT('',(1.016,1.27,0.));
#2031 = VECTOR('',#2032,1.);
#2032 = DIRECTION('',(0.,0.,1.));
#2033 = ORIENTED_EDGE('',*,*,#2034,.T.);
#2034 = EDGE_CURVE('',#2027,#1987,#2035,.T.);
#2035 = LINE('',#2036,#2037);
#2036 = CARTESIAN_POINT('',(1.016,1.27,2.54));
#2037 = VECTOR('',#2038,1.);
#2038 = DIRECTION('',(-1.,0.,0.));
#2039 = ORIENTED_EDGE('',*,*,#1984,.F.);
#2040 = ORIENTED_EDGE('',*,*,#2041,.F.);
#2041 = EDGE_CURVE('',#2025,#1985,#2042,.T.);
#2042 = LINE('',#2043,#2044);
#2043 = CARTESIAN_POINT('',(1.016,1.27,0.));
#2044 = VECTOR('',#2045,1.);
#2045 = DIRECTION('',(-1.,0.,0.));
#2046 = PLANE('',#2047);
#2047 = AXIS2_PLACEMENT_3D('',#2048,#2049,#2050);
#2048 = CARTESIAN_POINT('',(1.016,1.27,0.));
#2049 = DIRECTION('',(0.,-1.,0.));
#2050 = DIRECTION('',(-1.,0.,0.));
#2051 = ADVANCED_FACE('',(#2052),#2077,.F.);
#2052 = FACE_BOUND('',#2053,.F.);
#2053 = EDGE_LOOP('',(#2054,#2055,#2063,#2071));
#2054 = ORIENTED_EDGE('',*,*,#2002,.T.);
#2055 = ORIENTED_EDGE('',*,*,#2056,.T.);
#2056 = EDGE_CURVE('',#1995,#2057,#2059,.T.);
#2057 = VERTEX_POINT('',#2058);
#2058 = CARTESIAN_POINT('',(-1.27,-1.016,2.54));
#2059 = LINE('',#2060,#2061);
#2060 = CARTESIAN_POINT('',(-1.27,1.016,2.54));
#2061 = VECTOR('',#2062,1.);
#2062 = DIRECTION('',(0.,-1.,0.));
#2063 = ORIENTED_EDGE('',*,*,#2064,.F.);
#2064 = EDGE_CURVE('',#2065,#2057,#2067,.T.);
#2065 = VERTEX_POINT('',#2066);
#2066 = CARTESIAN_POINT('',(-1.27,-1.016,0.));
#2067 = LINE('',#2068,#2069);
#2068 = CARTESIAN_POINT('',(-1.27,-1.016,0.));
#2069 = VECTOR('',#2070,1.);
#2070 = DIRECTION('',(0.,0.,1.));
#2071 = ORIENTED_EDGE('',*,*,#2072,.F.);
#2072 = EDGE_CURVE('',#2003,#2065,#2073,.T.);
#2073 = LINE('',#2074,#2075);
#2074 = CARTESIAN_POINT('',(-1.27,1.016,0.));
#2075 = VECTOR('',#2076,1.);
#2076 = DIRECTION('',(0.,-1.,0.));
#2077 = PLANE('',#2078);
#2078 = AXIS2_PLACEMENT_3D('',#2079,#2080,#2081);
#2079 = CARTESIAN_POINT('',(-1.27,1.016,0.));
#2080 = DIRECTION('',(1.,0.,0.));
#2081 = DIRECTION('',(0.,-1.,0.));
#2082 = ADVANCED_FACE('',(#2083,#2126),#2160,.F.);
#2083 = FACE_BOUND('',#2084,.F.);
#2084 = EDGE_LOOP('',(#2085,#2086,#2087,#2095,#2103,#2111,#2119,#2125));
#2085 = ORIENTED_EDGE('',*,*,#2010,.T.);
#2086 = ORIENTED_EDGE('',*,*,#2072,.T.);
#2087 = ORIENTED_EDGE('',*,*,#2088,.T.);
#2088 = EDGE_CURVE('',#2065,#2089,#2091,.T.);
#2089 = VERTEX_POINT('',#2090);
#2090 = CARTESIAN_POINT('',(-1.016,-1.27,0.));
#2091 = LINE('',#2092,#2093);
#2092 = CARTESIAN_POINT('',(-1.27,-1.016,0.));
#2093 = VECTOR('',#2094,1.);
#2094 = DIRECTION('',(0.707106781187,-0.707106781187,0.));
#2095 = ORIENTED_EDGE('',*,*,#2096,.T.);
#2096 = EDGE_CURVE('',#2089,#2097,#2099,.T.);
#2097 = VERTEX_POINT('',#2098);
#2098 = CARTESIAN_POINT('',(1.016,-1.27,0.));
#2099 = LINE('',#2100,#2101);
#2100 = CARTESIAN_POINT('',(-1.016,-1.27,0.));
#2101 = VECTOR('',#2102,1.);
#2102 = DIRECTION('',(1.,0.,0.));
#2103 = ORIENTED_EDGE('',*,*,#2104,.T.);
#2104 = EDGE_CURVE('',#2097,#2105,#2107,.T.);
#2105 = VERTEX_POINT('',#2106);
#2106 = CARTESIAN_POINT('',(1.27,-1.016,0.));
#2107 = LINE('',#2108,#2109);
#2108 = CARTESIAN_POINT('',(1.016,-1.27,0.));
#2109 = VECTOR('',#2110,1.);
#2110 = DIRECTION('',(0.707106781187,0.707106781187,0.));
#2111 = ORIENTED_EDGE('',*,*,#2112,.T.);
#2112 = EDGE_CURVE('',#2105,#2113,#2115,.T.);
#2113 = VERTEX_POINT('',#2114);
#2114 = CARTESIAN_POINT('',(1.27,1.016,0.));
#2115 = LINE('',#2116,#2117);
#2116 = CARTESIAN_POINT('',(1.27,-1.016,0.));
#2117 = VECTOR('',#2118,1.);
#2118 = DIRECTION('',(0.,1.,0.));
#2119 = ORIENTED_EDGE('',*,*,#2120,.T.);
#2120 = EDGE_CURVE('',#2113,#2025,#2121,.T.);
#2121 = LINE('',#2122,#2123);
#2122 = CARTESIAN_POINT('',(1.27,1.016,0.));
#2123 = VECTOR('',#2124,1.);
#2124 = DIRECTION('',(-0.707106781187,0.707106781187,0.));
#2125 = ORIENTED_EDGE('',*,*,#2041,.T.);
#2126 = FACE_BOUND('',#2127,.F.);
#2127 = EDGE_LOOP('',(#2128,#2138,#2146,#2154));
#2128 = ORIENTED_EDGE('',*,*,#2129,.T.);
#2129 = EDGE_CURVE('',#2130,#2132,#2134,.T.);
#2130 = VERTEX_POINT('',#2131);
#2131 = CARTESIAN_POINT('',(0.32,-0.32,0.));
#2132 = VERTEX_POINT('',#2133);
#2133 = CARTESIAN_POINT('',(-0.32,-0.32,0.));
#2134 = LINE('',#2135,#2136);
#2135 = CARTESIAN_POINT('',(-0.16,-0.32,0.));
#2136 = VECTOR('',#2137,1.);
#2137 = DIRECTION('',(-1.,0.,0.));
#2138 = ORIENTED_EDGE('',*,*,#2139,.T.);
#2139 = EDGE_CURVE('',#2132,#2140,#2142,.T.);
#2140 = VERTEX_POINT('',#2141);
#2141 = CARTESIAN_POINT('',(-0.32,0.32,0.));
#2142 = LINE('',#2143,#2144);
#2143 = CARTESIAN_POINT('',(-0.32,-0.16,0.));
#2144 = VECTOR('',#2145,1.);
#2145 = DIRECTION('',(0.,1.,0.));
#2146 = ORIENTED_EDGE('',*,*,#2147,.F.);
#2147 = EDGE_CURVE('',#2148,#2140,#2150,.T.);
#2148 = VERTEX_POINT('',#2149);
#2149 = CARTESIAN_POINT('',(0.32,0.32,0.));
#2150 = LINE('',#2151,#2152);
#2151 = CARTESIAN_POINT('',(-0.16,0.32,0.));
#2152 = VECTOR('',#2153,1.);
#2153 = DIRECTION('',(-1.,0.,0.));
#2154 = ORIENTED_EDGE('',*,*,#2155,.F.);
#2155 = EDGE_CURVE('',#2130,#2148,#2156,.T.);
#2156 = LINE('',#2157,#2158);
#2157 = CARTESIAN_POINT('',(0.32,-0.16,0.));
#2158 = VECTOR('',#2159,1.);
#2159 = DIRECTION('',(0.,1.,0.));
#2160 = PLANE('',#2161);
#2161 = AXIS2_PLACEMENT_3D('',#2162,#2163,#2164);
#2162 = CARTESIAN_POINT('',(2.E-17,5.E-17,0.));
#2163 = DIRECTION('',(0.,0.,1.));
#2164 = DIRECTION('',(1.,0.,-0.));
#2165 = ADVANCED_FACE('',(#2166,#2209),#2243,.T.);
#2166 = FACE_BOUND('',#2167,.T.);
#2167 = EDGE_LOOP('',(#2168,#2169,#2170,#2178,#2186,#2194,#2202,#2208));
#2168 = ORIENTED_EDGE('',*,*,#1994,.T.);
#2169 = ORIENTED_EDGE('',*,*,#2056,.T.);
#2170 = ORIENTED_EDGE('',*,*,#2171,.T.);
#2171 = EDGE_CURVE('',#2057,#2172,#2174,.T.);
#2172 = VERTEX_POINT('',#2173);
#2173 = CARTESIAN_POINT('',(-1.016,-1.27,2.54));
#2174 = LINE('',#2175,#2176);
#2175 = CARTESIAN_POINT('',(-1.27,-1.016,2.54));
#2176 = VECTOR('',#2177,1.);
#2177 = DIRECTION('',(0.707106781187,-0.707106781187,0.));
#2178 = ORIENTED_EDGE('',*,*,#2179,.T.);
#2179 = EDGE_CURVE('',#2172,#2180,#2182,.T.);
#2180 = VERTEX_POINT('',#2181);
#2181 = CARTESIAN_POINT('',(1.016,-1.27,2.54));
#2182 = LINE('',#2183,#2184);
#2183 = CARTESIAN_POINT('',(-1.016,-1.27,2.54));
#2184 = VECTOR('',#2185,1.);
#2185 = DIRECTION('',(1.,0.,0.));
#2186 = ORIENTED_EDGE('',*,*,#2187,.T.);
#2187 = EDGE_CURVE('',#2180,#2188,#2190,.T.);
#2188 = VERTEX_POINT('',#2189);
#2189 = CARTESIAN_POINT('',(1.27,-1.016,2.54));
#2190 = LINE('',#2191,#2192);
#2191 = CARTESIAN_POINT('',(1.016,-1.27,2.54));
#2192 = VECTOR('',#2193,1.);
#2193 = DIRECTION('',(0.707106781187,0.707106781187,0.));
#2194 = ORIENTED_EDGE('',*,*,#2195,.T.);
#2195 = EDGE_CURVE('',#2188,#2196,#2198,.T.);
#2196 = VERTEX_POINT('',#2197);
#2197 = CARTESIAN_POINT('',(1.27,1.016,2.54));
#2198 = LINE('',#2199,#2200);
#2199 = CARTESIAN_POINT('',(1.27,-1.016,2.54));
#2200 = VECTOR('',#2201,1.);
#2201 = DIRECTION('',(0.,1.,0.));
#2202 = ORIENTED_EDGE('',*,*,#2203,.T.);
#2203 = EDGE_CURVE('',#2196,#2027,#2204,.T.);
#2204 = LINE('',#2205,#2206);
#2205 = CARTESIAN_POINT('',(1.27,1.016,2.54));
#2206 = VECTOR('',#2207,1.);
#2207 = DIRECTION('',(-0.707106781187,0.707106781187,0.));
#2208 = ORIENTED_EDGE('',*,*,#2034,.T.);
#2209 = FACE_BOUND('',#2210,.T.);
#2210 = EDGE_LOOP('',(#2211,#2221,#2229,#2237));
#2211 = ORIENTED_EDGE('',*,*,#2212,.T.);
#2212 = EDGE_CURVE('',#2213,#2215,#2217,.T.);
#2213 = VERTEX_POINT('',#2214);
#2214 = CARTESIAN_POINT('',(0.32,-0.32,2.54));
#2215 = VERTEX_POINT('',#2216);
#2216 = CARTESIAN_POINT('',(-0.32,-0.32,2.54));
#2217 = LINE('',#2218,#2219);
#2218 = CARTESIAN_POINT('',(-0.16,-0.32,2.54));
#2219 = VECTOR('',#2220,1.);
#2220 = DIRECTION('',(-1.,0.,0.));
#2221 = ORIENTED_EDGE('',*,*,#2222,.T.);
#2222 = EDGE_CURVE('',#2215,#2223,#2225,.T.);
#2223 = VERTEX_POINT('',#2224);
#2224 = CARTESIAN_POINT('',(-0.32,0.32,2.54));
#2225 = LINE('',#2226,#2227);
#2226 = CARTESIAN_POINT('',(-0.32,-0.16,2.54));
#2227 = VECTOR('',#2228,1.);
#2228 = DIRECTION('',(0.,1.,0.));
#2229 = ORIENTED_EDGE('',*,*,#2230,.F.);
#2230 = EDGE_CURVE('',#2231,#2223,#2233,.T.);
#2231 = VERTEX_POINT('',#2232);
#2232 = CARTESIAN_POINT('',(0.32,0.32,2.54));
#2233 = LINE('',#2234,#2235);
#2234 = CARTESIAN_POINT('',(-0.16,0.32,2.54));
#2235 = VECTOR('',#2236,1.);
#2236 = DIRECTION('',(-1.,0.,0.));
#2237 = ORIENTED_EDGE('',*,*,#2238,.F.);
#2238 = EDGE_CURVE('',#2213,#2231,#2239,.T.);
#2239 = LINE('',#2240,#2241);
#2240 = CARTESIAN_POINT('',(0.32,-0.16,2.54));
#2241 = VECTOR('',#2242,1.);
#2242 = DIRECTION('',(0.,1.,0.));
#2243 = PLANE('',#2244);
#2244 = AXIS2_PLACEMENT_3D('',#2245,#2246,#2247);
#2245 = CARTESIAN_POINT('',(2.E-17,5.E-17,2.54));
#2246 = DIRECTION('',(0.,0.,1.));
#2247 = DIRECTION('',(1.,0.,-0.));
#2248 = ADVANCED_FACE('',(#2249),#2260,.F.);
#2249 = FACE_BOUND('',#2250,.F.);
#2250 = EDGE_LOOP('',(#2251,#2257,#2258,#2259));
#2251 = ORIENTED_EDGE('',*,*,#2252,.T.);
#2252 = EDGE_CURVE('',#2113,#2196,#2253,.T.);
#2253 = LINE('',#2254,#2255);
#2254 = CARTESIAN_POINT('',(1.27,1.016,0.));
#2255 = VECTOR('',#2256,1.);
#2256 = DIRECTION('',(0.,0.,1.));
#2257 = ORIENTED_EDGE('',*,*,#2203,.T.);
#2258 = ORIENTED_EDGE('',*,*,#2024,.F.);
#2259 = ORIENTED_EDGE('',*,*,#2120,.F.);
#2260 = PLANE('',#2261);
#2261 = AXIS2_PLACEMENT_3D('',#2262,#2263,#2264);
#2262 = CARTESIAN_POINT('',(1.27,1.016,0.));
#2263 = DIRECTION('',(-0.707106781187,-0.707106781187,0.));
#2264 = DIRECTION('',(-0.707106781187,0.707106781187,0.));
#2265 = ADVANCED_FACE('',(#2266),#2277,.F.);
#2266 = FACE_BOUND('',#2267,.F.);
#2267 = EDGE_LOOP('',(#2268,#2269,#2270,#2276));
#2268 = ORIENTED_EDGE('',*,*,#2064,.T.);
#2269 = ORIENTED_EDGE('',*,*,#2171,.T.);
#2270 = ORIENTED_EDGE('',*,*,#2271,.F.);
#2271 = EDGE_CURVE('',#2089,#2172,#2272,.T.);
#2272 = LINE('',#2273,#2274);
#2273 = CARTESIAN_POINT('',(-1.016,-1.27,0.));
#2274 = VECTOR('',#2275,1.);
#2275 = DIRECTION('',(0.,0.,1.));
#2276 = ORIENTED_EDGE('',*,*,#2088,.F.);
#2277 = PLANE('',#2278);
#2278 = AXIS2_PLACEMENT_3D('',#2279,#2280,#2281);
#2279 = CARTESIAN_POINT('',(-1.27,-1.016,0.));
#2280 = DIRECTION('',(0.707106781187,0.707106781187,0.));
#2281 = DIRECTION('',(0.707106781187,-0.707106781187,0.));
#2282 = ADVANCED_FACE('',(#2283),#2294,.F.);
#2283 = FACE_BOUND('',#2284,.F.);
#2284 = EDGE_LOOP('',(#2285,#2291,#2292,#2293));
#2285 = ORIENTED_EDGE('',*,*,#2286,.T.);
#2286 = EDGE_CURVE('',#2105,#2188,#2287,.T.);
#2287 = LINE('',#2288,#2289);
#2288 = CARTESIAN_POINT('',(1.27,-1.016,0.));
#2289 = VECTOR('',#2290,1.);
#2290 = DIRECTION('',(0.,0.,1.));
#2291 = ORIENTED_EDGE('',*,*,#2195,.T.);
#2292 = ORIENTED_EDGE('',*,*,#2252,.F.);
#2293 = ORIENTED_EDGE('',*,*,#2112,.F.);
#2294 = PLANE('',#2295);
#2295 = AXIS2_PLACEMENT_3D('',#2296,#2297,#2298);
#2296 = CARTESIAN_POINT('',(1.27,-1.016,0.));
#2297 = DIRECTION('',(-1.,0.,0.));
#2298 = DIRECTION('',(0.,1.,0.));
#2299 = ADVANCED_FACE('',(#2300),#2311,.F.);
#2300 = FACE_BOUND('',#2301,.F.);
#2301 = EDGE_LOOP('',(#2302,#2303,#2304,#2310));
#2302 = ORIENTED_EDGE('',*,*,#2271,.T.);
#2303 = ORIENTED_EDGE('',*,*,#2179,.T.);
#2304 = ORIENTED_EDGE('',*,*,#2305,.F.);
#2305 = EDGE_CURVE('',#2097,#2180,#2306,.T.);
#2306 = LINE('',#2307,#2308);
#2307 = CARTESIAN_POINT('',(1.016,-1.27,0.));
#2308 = VECTOR('',#2309,1.);
#2309 = DIRECTION('',(0.,0.,1.));
#2310 = ORIENTED_EDGE('',*,*,#2096,.F.);
#2311 = PLANE('',#2312);
#2312 = AXIS2_PLACEMENT_3D('',#2313,#2314,#2315);
#2313 = CARTESIAN_POINT('',(-1.016,-1.27,0.));
#2314 = DIRECTION('',(0.,1.,0.));
#2315 = DIRECTION('',(1.,0.,0.));
#2316 = ADVANCED_FACE('',(#2317),#2323,.F.);
#2317 = FACE_BOUND('',#2318,.F.);
#2318 = EDGE_LOOP('',(#2319,#2320,#2321,#2322));
#2319 = ORIENTED_EDGE('',*,*,#2305,.T.);
#2320 = ORIENTED_EDGE('',*,*,#2187,.T.);
#2321 = ORIENTED_EDGE('',*,*,#2286,.F.);
#2322 = ORIENTED_EDGE('',*,*,#2104,.F.);
#2323 = PLANE('',#2324);
#2324 = AXIS2_PLACEMENT_3D('',#2325,#2326,#2327);
#2325 = CARTESIAN_POINT('',(1.016,-1.27,0.));
#2326 = DIRECTION('',(-0.707106781187,0.707106781187,0.));
#2327 = DIRECTION('',(0.707106781187,0.707106781187,0.));
#2328 = ADVANCED_FACE('',(#2329),#2354,.F.);
#2329 = FACE_BOUND('',#2330,.F.);
#2330 = EDGE_LOOP('',(#2331,#2339,#2347,#2353));
#2331 = ORIENTED_EDGE('',*,*,#2332,.F.);
#2332 = EDGE_CURVE('',#2333,#2130,#2335,.T.);
#2333 = VERTEX_POINT('',#2334);
#2334 = CARTESIAN_POINT('',(0.32,-0.32,-2.84));
#2335 = LINE('',#2336,#2337);
#2336 = CARTESIAN_POINT('',(0.32,-0.32,-3.));
#2337 = VECTOR('',#2338,1.);
#2338 = DIRECTION('',(0.,0.,1.));
#2339 = ORIENTED_EDGE('',*,*,#2340,.F.);
#2340 = EDGE_CURVE('',#2341,#2333,#2343,.T.);
#2341 = VERTEX_POINT('',#2342);
#2342 = CARTESIAN_POINT('',(-0.32,-0.32,-2.84));
#2343 = LINE('',#2344,#2345);
#2344 = CARTESIAN_POINT('',(-0.32,-0.32,-2.84));
#2345 = VECTOR('',#2346,1.);
#2346 = DIRECTION('',(1.,0.,0.));
#2347 = ORIENTED_EDGE('',*,*,#2348,.T.);
#2348 = EDGE_CURVE('',#2341,#2132,#2349,.T.);
#2349 = LINE('',#2350,#2351);
#2350 = CARTESIAN_POINT('',(-0.32,-0.32,-3.));
#2351 = VECTOR('',#2352,1.);
#2352 = DIRECTION('',(0.,0.,1.));
#2353 = ORIENTED_EDGE('',*,*,#2129,.F.);
#2354 = PLANE('',#2355);
#2355 = AXIS2_PLACEMENT_3D('',#2356,#2357,#2358);
#2356 = CARTESIAN_POINT('',(-0.32,-0.32,-3.));
#2357 = DIRECTION('',(0.,1.,0.));
#2358 = DIRECTION('',(0.,-0.,1.));
#2359 = ADVANCED_FACE('',(#2360),#2378,.T.);
#2360 = FACE_BOUND('',#2361,.T.);
#2361 = EDGE_LOOP('',(#2362,#2363,#2371,#2377));
#2362 = ORIENTED_EDGE('',*,*,#2332,.F.);
#2363 = ORIENTED_EDGE('',*,*,#2364,.T.);
#2364 = EDGE_CURVE('',#2333,#2365,#2367,.T.);
#2365 = VERTEX_POINT('',#2366);
#2366 = CARTESIAN_POINT('',(0.32,0.32,-2.84));
#2367 = LINE('',#2368,#2369);
#2368 = CARTESIAN_POINT('',(0.32,-0.32,-2.84));
#2369 = VECTOR('',#2370,1.);
#2370 = DIRECTION('',(0.,1.,0.));
#2371 = ORIENTED_EDGE('',*,*,#2372,.T.);
#2372 = EDGE_CURVE('',#2365,#2148,#2373,.T.);
#2373 = LINE('',#2374,#2375);
#2374 = CARTESIAN_POINT('',(0.32,0.32,-3.));
#2375 = VECTOR('',#2376,1.);
#2376 = DIRECTION('',(0.,0.,1.));
#2377 = ORIENTED_EDGE('',*,*,#2155,.F.);
#2378 = PLANE('',#2379);
#2379 = AXIS2_PLACEMENT_3D('',#2380,#2381,#2382);
#2380 = CARTESIAN_POINT('',(0.32,-0.32,-3.));
#2381 = DIRECTION('',(1.,0.,0.));
#2382 = DIRECTION('',(0.,0.,1.));
#2383 = ADVANCED_FACE('',(#2384),#2402,.T.);
#2384 = FACE_BOUND('',#2385,.T.);
#2385 = EDGE_LOOP('',(#2386,#2387,#2395,#2401));
#2386 = ORIENTED_EDGE('',*,*,#2372,.F.);
#2387 = ORIENTED_EDGE('',*,*,#2388,.F.);
#2388 = EDGE_CURVE('',#2389,#2365,#2391,.T.);
#2389 = VERTEX_POINT('',#2390);
#2390 = CARTESIAN_POINT('',(-0.32,0.32,-2.84));
#2391 = LINE('',#2392,#2393);
#2392 = CARTESIAN_POINT('',(-0.32,0.32,-2.84));
#2393 = VECTOR('',#2394,1.);
#2394 = DIRECTION('',(1.,0.,0.));
#2395 = ORIENTED_EDGE('',*,*,#2396,.T.);
#2396 = EDGE_CURVE('',#2389,#2140,#2397,.T.);
#2397 = LINE('',#2398,#2399);
#2398 = CARTESIAN_POINT('',(-0.32,0.32,-3.));
#2399 = VECTOR('',#2400,1.);
#2400 = DIRECTION('',(0.,0.,1.));
#2401 = ORIENTED_EDGE('',*,*,#2147,.F.);
#2402 = PLANE('',#2403);
#2403 = AXIS2_PLACEMENT_3D('',#2404,#2405,#2406);
#2404 = CARTESIAN_POINT('',(-0.32,0.32,-3.));
#2405 = DIRECTION('',(0.,1.,0.));
#2406 = DIRECTION('',(0.,-0.,1.));
#2407 = ADVANCED_FACE('',(#2408),#2419,.F.);
#2408 = FACE_BOUND('',#2409,.F.);
#2409 = EDGE_LOOP('',(#2410,#2411,#2417,#2418));
#2410 = ORIENTED_EDGE('',*,*,#2348,.F.);
#2411 = ORIENTED_EDGE('',*,*,#2412,.T.);
#2412 = EDGE_CURVE('',#2341,#2389,#2413,.T.);
#2413 = LINE('',#2414,#2415);
#2414 = CARTESIAN_POINT('',(-0.32,-0.32,-2.84));
#2415 = VECTOR('',#2416,1.);
#2416 = DIRECTION('',(0.,1.,0.));
#2417 = ORIENTED_EDGE('',*,*,#2396,.T.);
#2418 = ORIENTED_EDGE('',*,*,#2139,.F.);
#2419 = PLANE('',#2420);
#2420 = AXIS2_PLACEMENT_3D('',#2421,#2422,#2423);
#2421 = CARTESIAN_POINT('',(-0.32,-0.32,-3.));
#2422 = DIRECTION('',(1.,0.,0.));
#2423 = DIRECTION('',(0.,0.,1.));
#2424 = ADVANCED_FACE('',(#2425),#2450,.F.);
#2425 = FACE_BOUND('',#2426,.F.);
#2426 = EDGE_LOOP('',(#2427,#2435,#2436,#2444));
#2427 = ORIENTED_EDGE('',*,*,#2428,.F.);
#2428 = EDGE_CURVE('',#2213,#2429,#2431,.T.);
#2429 = VERTEX_POINT('',#2430);
#2430 = CARTESIAN_POINT('',(0.32,-0.32,8.38));
#2431 = LINE('',#2432,#2433);
#2432 = CARTESIAN_POINT('',(0.32,-0.32,-3.));
#2433 = VECTOR('',#2434,1.);
#2434 = DIRECTION('',(0.,0.,1.));
#2435 = ORIENTED_EDGE('',*,*,#2212,.T.);
#2436 = ORIENTED_EDGE('',*,*,#2437,.T.);
#2437 = EDGE_CURVE('',#2215,#2438,#2440,.T.);
#2438 = VERTEX_POINT('',#2439);
#2439 = CARTESIAN_POINT('',(-0.32,-0.32,8.38));
#2440 = LINE('',#2441,#2442);
#2441 = CARTESIAN_POINT('',(-0.32,-0.32,-3.));
#2442 = VECTOR('',#2443,1.);
#2443 = DIRECTION('',(0.,0.,1.));
#2444 = ORIENTED_EDGE('',*,*,#2445,.T.);
#2445 = EDGE_CURVE('',#2438,#2429,#2446,.T.);
#2446 = LINE('',#2447,#2448);
#2447 = CARTESIAN_POINT('',(-0.32,-0.32,8.38));
#2448 = VECTOR('',#2449,1.);
#2449 = DIRECTION('',(1.,0.,0.));
#2450 = PLANE('',#2451);
#2451 = AXIS2_PLACEMENT_3D('',#2452,#2453,#2454);
#2452 = CARTESIAN_POINT('',(-0.32,-0.32,-3.));
#2453 = DIRECTION('',(0.,1.,0.));
#2454 = DIRECTION('',(0.,-0.,1.));
#2455 = ADVANCED_FACE('',(#2456),#2474,.T.);
#2456 = FACE_BOUND('',#2457,.T.);
#2457 = EDGE_LOOP('',(#2458,#2459,#2460,#2468));
#2458 = ORIENTED_EDGE('',*,*,#2428,.F.);
#2459 = ORIENTED_EDGE('',*,*,#2238,.T.);
#2460 = ORIENTED_EDGE('',*,*,#2461,.T.);
#2461 = EDGE_CURVE('',#2231,#2462,#2464,.T.);
#2462 = VERTEX_POINT('',#2463);
#2463 = CARTESIAN_POINT('',(0.32,0.32,8.38));
#2464 = LINE('',#2465,#2466);
#2465 = CARTESIAN_POINT('',(0.32,0.32,-3.));
#2466 = VECTOR('',#2467,1.);
#2467 = DIRECTION('',(0.,0.,1.));
#2468 = ORIENTED_EDGE('',*,*,#2469,.F.);
#2469 = EDGE_CURVE('',#2429,#2462,#2470,.T.);
#2470 = LINE('',#2471,#2472);
#2471 = CARTESIAN_POINT('',(0.32,-0.32,8.38));
#2472 = VECTOR('',#2473,1.);
#2473 = DIRECTION('',(0.,1.,0.));
#2474 = PLANE('',#2475);
#2475 = AXIS2_PLACEMENT_3D('',#2476,#2477,#2478);
#2476 = CARTESIAN_POINT('',(0.32,-0.32,-3.));
#2477 = DIRECTION('',(1.,0.,0.));
#2478 = DIRECTION('',(0.,0.,1.));
#2479 = ADVANCED_FACE('',(#2480),#2498,.T.);
#2480 = FACE_BOUND('',#2481,.T.);
#2481 = EDGE_LOOP('',(#2482,#2483,#2484,#2492));
#2482 = ORIENTED_EDGE('',*,*,#2461,.F.);
#2483 = ORIENTED_EDGE('',*,*,#2230,.T.);
#2484 = ORIENTED_EDGE('',*,*,#2485,.T.);
#2485 = EDGE_CURVE('',#2223,#2486,#2488,.T.);
#2486 = VERTEX_POINT('',#2487);
#2487 = CARTESIAN_POINT('',(-0.32,0.32,8.38));
#2488 = LINE('',#2489,#2490);
#2489 = CARTESIAN_POINT('',(-0.32,0.32,-3.));
#2490 = VECTOR('',#2491,1.);
#2491 = DIRECTION('',(0.,0.,1.));
#2492 = ORIENTED_EDGE('',*,*,#2493,.T.);
#2493 = EDGE_CURVE('',#2486,#2462,#2494,.T.);
#2494 = LINE('',#2495,#2496);
#2495 = CARTESIAN_POINT('',(-0.32,0.32,8.38));
#2496 = VECTOR('',#2497,1.);
#2497 = DIRECTION('',(1.,0.,0.));
#2498 = PLANE('',#2499);
#2499 = AXIS2_PLACEMENT_3D('',#2500,#2501,#2502);
#2500 = CARTESIAN_POINT('',(-0.32,0.32,-3.));
#2501 = DIRECTION('',(0.,1.,0.));
#2502 = DIRECTION('',(0.,-0.,1.));
#2503 = ADVANCED_FACE('',(#2504),#2515,.F.);
#2504 = FACE_BOUND('',#2505,.F.);
#2505 = EDGE_LOOP('',(#2506,#2507,#2508,#2509));
#2506 = ORIENTED_EDGE('',*,*,#2437,.F.);
#2507 = ORIENTED_EDGE('',*,*,#2222,.T.);
#2508 = ORIENTED_EDGE('',*,*,#2485,.T.);
#2509 = ORIENTED_EDGE('',*,*,#2510,.F.);
#2510 = EDGE_CURVE('',#2438,#2486,#2511,.T.);
#2511 = LINE('',#2512,#2513);
#2512 = CARTESIAN_POINT('',(-0.32,-0.32,8.38));
#2513 = VECTOR('',#2514,1.);
#2514 = DIRECTION('',(0.,1.,0.));
#2515 = PLANE('',#2516);
#2516 = AXIS2_PLACEMENT_3D('',#2517,#2518,#2519);
#2517 = CARTESIAN_POINT('',(-0.32,-0.32,-3.));
#2518 = DIRECTION('',(1.,0.,0.));
#2519 = DIRECTION('',(0.,0.,1.));
#2520 = ADVANCED_FACE('',(#2521),#2546,.T.);
#2521 = FACE_BOUND('',#2522,.F.);
#2522 = EDGE_LOOP('',(#2523,#2531,#2532,#2540));
#2523 = ORIENTED_EDGE('',*,*,#2524,.F.);
#2524 = EDGE_CURVE('',#2341,#2525,#2527,.T.);
#2525 = VERTEX_POINT('',#2526);
#2526 = CARTESIAN_POINT('',(-0.16,-0.16,-3.));
#2527 = LINE('',#2528,#2529);
#2528 = CARTESIAN_POINT('',(-0.266666666667,-0.266666666667,
    -2.893333333333));
#2529 = VECTOR('',#2530,1.);
#2530 = DIRECTION('',(0.57735026919,0.57735026919,-0.57735026919));
#2531 = ORIENTED_EDGE('',*,*,#2340,.T.);
#2532 = ORIENTED_EDGE('',*,*,#2533,.T.);
#2533 = EDGE_CURVE('',#2333,#2534,#2536,.T.);
#2534 = VERTEX_POINT('',#2535);
#2535 = CARTESIAN_POINT('',(0.16,-0.16,-3.));
#2536 = LINE('',#2537,#2538);
#2537 = CARTESIAN_POINT('',(0.16,-0.16,-3.));
#2538 = VECTOR('',#2539,1.);
#2539 = DIRECTION('',(-0.57735026919,0.57735026919,-0.57735026919));
#2540 = ORIENTED_EDGE('',*,*,#2541,.F.);
#2541 = EDGE_CURVE('',#2525,#2534,#2542,.T.);
#2542 = LINE('',#2543,#2544);
#2543 = CARTESIAN_POINT('',(-0.32,-0.16,-3.));
#2544 = VECTOR('',#2545,1.);
#2545 = DIRECTION('',(1.,0.,0.));
#2546 = PLANE('',#2547);
#2547 = AXIS2_PLACEMENT_3D('',#2548,#2549,#2550);
#2548 = CARTESIAN_POINT('',(-0.32,-0.24,-2.92));
#2549 = DIRECTION('',(0.,-0.707106781187,-0.707106781187));
#2550 = DIRECTION('',(-1.,-0.,0.));
#2551 = ADVANCED_FACE('',(#2552),#2570,.F.);
#2552 = FACE_BOUND('',#2553,.F.);
#2553 = EDGE_LOOP('',(#2554,#2555,#2556,#2564));
#2554 = ORIENTED_EDGE('',*,*,#2533,.F.);
#2555 = ORIENTED_EDGE('',*,*,#2364,.T.);
#2556 = ORIENTED_EDGE('',*,*,#2557,.T.);
#2557 = EDGE_CURVE('',#2365,#2558,#2560,.T.);
#2558 = VERTEX_POINT('',#2559);
#2559 = CARTESIAN_POINT('',(0.16,0.16,-3.));
#2560 = LINE('',#2561,#2562);
#2561 = CARTESIAN_POINT('',(5.333333333333E-02,5.333333333333E-02,
    -3.106666666667));
#2562 = VECTOR('',#2563,1.);
#2563 = DIRECTION('',(-0.57735026919,-0.57735026919,-0.57735026919));
#2564 = ORIENTED_EDGE('',*,*,#2565,.F.);
#2565 = EDGE_CURVE('',#2534,#2558,#2566,.T.);
#2566 = LINE('',#2567,#2568);
#2567 = CARTESIAN_POINT('',(0.16,-0.32,-3.));
#2568 = VECTOR('',#2569,1.);
#2569 = DIRECTION('',(0.,1.,0.));
#2570 = PLANE('',#2571);
#2571 = AXIS2_PLACEMENT_3D('',#2572,#2573,#2574);
#2572 = CARTESIAN_POINT('',(0.24,-0.32,-2.92));
#2573 = DIRECTION('',(-0.707106781187,0.,0.707106781187));
#2574 = DIRECTION('',(0.,1.,-0.));
#2575 = ADVANCED_FACE('',(#2576),#2594,.F.);
#2576 = FACE_BOUND('',#2577,.T.);
#2577 = EDGE_LOOP('',(#2578,#2586,#2587,#2588));
#2578 = ORIENTED_EDGE('',*,*,#2579,.F.);
#2579 = EDGE_CURVE('',#2389,#2580,#2582,.T.);
#2580 = VERTEX_POINT('',#2581);
#2581 = CARTESIAN_POINT('',(-0.16,0.16,-3.));
#2582 = LINE('',#2583,#2584);
#2583 = CARTESIAN_POINT('',(-0.16,0.16,-3.));
#2584 = VECTOR('',#2585,1.);
#2585 = DIRECTION('',(0.57735026919,-0.57735026919,-0.57735026919));
#2586 = ORIENTED_EDGE('',*,*,#2388,.T.);
#2587 = ORIENTED_EDGE('',*,*,#2557,.T.);
#2588 = ORIENTED_EDGE('',*,*,#2589,.F.);
#2589 = EDGE_CURVE('',#2580,#2558,#2590,.T.);
#2590 = LINE('',#2591,#2592);
#2591 = CARTESIAN_POINT('',(-0.32,0.16,-3.));
#2592 = VECTOR('',#2593,1.);
#2593 = DIRECTION('',(1.,0.,0.));
#2594 = PLANE('',#2595);
#2595 = AXIS2_PLACEMENT_3D('',#2596,#2597,#2598);
#2596 = CARTESIAN_POINT('',(-0.32,0.24,-2.92));
#2597 = DIRECTION('',(-0.,-0.707106781187,0.707106781187));
#2598 = DIRECTION('',(-1.,0.,0.));
#2599 = ADVANCED_FACE('',(#2600),#2611,.T.);
#2600 = FACE_BOUND('',#2601,.T.);
#2601 = EDGE_LOOP('',(#2602,#2603,#2604,#2605));
#2602 = ORIENTED_EDGE('',*,*,#2524,.F.);
#2603 = ORIENTED_EDGE('',*,*,#2412,.T.);
#2604 = ORIENTED_EDGE('',*,*,#2579,.T.);
#2605 = ORIENTED_EDGE('',*,*,#2606,.F.);
#2606 = EDGE_CURVE('',#2525,#2580,#2607,.T.);
#2607 = LINE('',#2608,#2609);
#2608 = CARTESIAN_POINT('',(-0.16,-0.32,-3.));
#2609 = VECTOR('',#2610,1.);
#2610 = DIRECTION('',(0.,1.,0.));
#2611 = PLANE('',#2612);
#2612 = AXIS2_PLACEMENT_3D('',#2613,#2614,#2615);
#2613 = CARTESIAN_POINT('',(-0.24,-0.32,-2.92));
#2614 = DIRECTION('',(-0.707106781187,-0.,-0.707106781187));
#2615 = DIRECTION('',(0.,1.,-0.));
#2616 = ADVANCED_FACE('',(#2617),#2642,.F.);
#2617 = FACE_BOUND('',#2618,.T.);
#2618 = EDGE_LOOP('',(#2619,#2627,#2628,#2636));
#2619 = ORIENTED_EDGE('',*,*,#2620,.F.);
#2620 = EDGE_CURVE('',#2438,#2621,#2623,.T.);
#2621 = VERTEX_POINT('',#2622);
#2622 = CARTESIAN_POINT('',(-0.16,-0.16,8.54));
#2623 = LINE('',#2624,#2625);
#2624 = CARTESIAN_POINT('',(-0.266666666667,-0.266666666667,
    8.433333333333));
#2625 = VECTOR('',#2626,1.);
#2626 = DIRECTION('',(0.57735026919,0.57735026919,0.57735026919));
#2627 = ORIENTED_EDGE('',*,*,#2445,.T.);
#2628 = ORIENTED_EDGE('',*,*,#2629,.T.);
#2629 = EDGE_CURVE('',#2429,#2630,#2632,.T.);
#2630 = VERTEX_POINT('',#2631);
#2631 = CARTESIAN_POINT('',(0.16,-0.16,8.54));
#2632 = LINE('',#2633,#2634);
#2633 = CARTESIAN_POINT('',(0.16,-0.16,8.54));
#2634 = VECTOR('',#2635,1.);
#2635 = DIRECTION('',(-0.57735026919,0.57735026919,0.57735026919));
#2636 = ORIENTED_EDGE('',*,*,#2637,.F.);
#2637 = EDGE_CURVE('',#2621,#2630,#2638,.T.);
#2638 = LINE('',#2639,#2640);
#2639 = CARTESIAN_POINT('',(-0.32,-0.16,8.54));
#2640 = VECTOR('',#2641,1.);
#2641 = DIRECTION('',(1.,0.,0.));
#2642 = PLANE('',#2643);
#2643 = AXIS2_PLACEMENT_3D('',#2644,#2645,#2646);
#2644 = CARTESIAN_POINT('',(-0.32,-0.24,8.46));
#2645 = DIRECTION('',(-0.,0.707106781187,-0.707106781187));
#2646 = DIRECTION('',(-1.,-0.,0.));
#2647 = ADVANCED_FACE('',(#2648),#2666,.T.);
#2648 = FACE_BOUND('',#2649,.T.);
#2649 = EDGE_LOOP('',(#2650,#2651,#2652,#2660));
#2650 = ORIENTED_EDGE('',*,*,#2629,.F.);
#2651 = ORIENTED_EDGE('',*,*,#2469,.T.);
#2652 = ORIENTED_EDGE('',*,*,#2653,.T.);
#2653 = EDGE_CURVE('',#2462,#2654,#2656,.T.);
#2654 = VERTEX_POINT('',#2655);
#2655 = CARTESIAN_POINT('',(0.16,0.16,8.54));
#2656 = LINE('',#2657,#2658);
#2657 = CARTESIAN_POINT('',(5.333333333333E-02,5.333333333333E-02,
    8.646666666667));
#2658 = VECTOR('',#2659,1.);
#2659 = DIRECTION('',(-0.57735026919,-0.57735026919,0.57735026919));
#2660 = ORIENTED_EDGE('',*,*,#2661,.F.);
#2661 = EDGE_CURVE('',#2630,#2654,#2662,.T.);
#2662 = LINE('',#2663,#2664);
#2663 = CARTESIAN_POINT('',(0.16,-0.32,8.54));
#2664 = VECTOR('',#2665,1.);
#2665 = DIRECTION('',(0.,1.,0.));
#2666 = PLANE('',#2667);
#2667 = AXIS2_PLACEMENT_3D('',#2668,#2669,#2670);
#2668 = CARTESIAN_POINT('',(0.24,-0.32,8.46));
#2669 = DIRECTION('',(0.707106781187,-0.,0.707106781187));
#2670 = DIRECTION('',(0.,1.,0.));
#2671 = ADVANCED_FACE('',(#2672),#2690,.T.);
#2672 = FACE_BOUND('',#2673,.F.);
#2673 = EDGE_LOOP('',(#2674,#2682,#2683,#2684));
#2674 = ORIENTED_EDGE('',*,*,#2675,.F.);
#2675 = EDGE_CURVE('',#2486,#2676,#2678,.T.);
#2676 = VERTEX_POINT('',#2677);
#2677 = CARTESIAN_POINT('',(-0.16,0.16,8.54));
#2678 = LINE('',#2679,#2680);
#2679 = CARTESIAN_POINT('',(-0.16,0.16,8.54));
#2680 = VECTOR('',#2681,1.);
#2681 = DIRECTION('',(0.57735026919,-0.57735026919,0.57735026919));
#2682 = ORIENTED_EDGE('',*,*,#2493,.T.);
#2683 = ORIENTED_EDGE('',*,*,#2653,.T.);
#2684 = ORIENTED_EDGE('',*,*,#2685,.F.);
#2685 = EDGE_CURVE('',#2676,#2654,#2686,.T.);
#2686 = LINE('',#2687,#2688);
#2687 = CARTESIAN_POINT('',(-0.32,0.16,8.54));
#2688 = VECTOR('',#2689,1.);
#2689 = DIRECTION('',(1.,0.,0.));
#2690 = PLANE('',#2691);
#2691 = AXIS2_PLACEMENT_3D('',#2692,#2693,#2694);
#2692 = CARTESIAN_POINT('',(-0.32,0.24,8.46));
#2693 = DIRECTION('',(0.,0.707106781187,0.707106781187));
#2694 = DIRECTION('',(-1.,0.,0.));
#2695 = ADVANCED_FACE('',(#2696),#2707,.F.);
#2696 = FACE_BOUND('',#2697,.F.);
#2697 = EDGE_LOOP('',(#2698,#2699,#2700,#2701));
#2698 = ORIENTED_EDGE('',*,*,#2620,.F.);
#2699 = ORIENTED_EDGE('',*,*,#2510,.T.);
#2700 = ORIENTED_EDGE('',*,*,#2675,.T.);
#2701 = ORIENTED_EDGE('',*,*,#2702,.F.);
#2702 = EDGE_CURVE('',#2621,#2676,#2703,.T.);
#2703 = LINE('',#2704,#2705);
#2704 = CARTESIAN_POINT('',(-0.16,-0.32,8.54));
#2705 = VECTOR('',#2706,1.);
#2706 = DIRECTION('',(0.,1.,0.));
#2707 = PLANE('',#2708);
#2708 = AXIS2_PLACEMENT_3D('',#2709,#2710,#2711);
#2709 = CARTESIAN_POINT('',(-0.24,-0.32,8.46));
#2710 = DIRECTION('',(0.707106781187,0.,-0.707106781187));
#2711 = DIRECTION('',(0.,1.,0.));
#2712 = ADVANCED_FACE('',(#2713),#2719,.F.);
#2713 = FACE_BOUND('',#2714,.F.);
#2714 = EDGE_LOOP('',(#2715,#2716,#2717,#2718));
#2715 = ORIENTED_EDGE('',*,*,#2589,.F.);
#2716 = ORIENTED_EDGE('',*,*,#2606,.F.);
#2717 = ORIENTED_EDGE('',*,*,#2541,.T.);
#2718 = ORIENTED_EDGE('',*,*,#2565,.T.);
#2719 = PLANE('',#2720);
#2720 = AXIS2_PLACEMENT_3D('',#2721,#2722,#2723);
#2721 = CARTESIAN_POINT('',(-0.32,-0.32,-3.));
#2722 = DIRECTION('',(0.,0.,1.));
#2723 = DIRECTION('',(1.,0.,-0.));
#2724 = ADVANCED_FACE('',(#2725),#2731,.T.);
#2725 = FACE_BOUND('',#2726,.T.);
#2726 = EDGE_LOOP('',(#2727,#2728,#2729,#2730));
#2727 = ORIENTED_EDGE('',*,*,#2661,.T.);
#2728 = ORIENTED_EDGE('',*,*,#2685,.F.);
#2729 = ORIENTED_EDGE('',*,*,#2702,.F.);
#2730 = ORIENTED_EDGE('',*,*,#2637,.T.);
#2731 = PLANE('',#2732);
#2732 = AXIS2_PLACEMENT_3D('',#2733,#2734,#2735);
#2733 = CARTESIAN_POINT('',(-0.32,-0.32,8.54));
#2734 = DIRECTION('',(0.,0.,1.));
#2735 = DIRECTION('',(1.,0.,-0.));
#2736 = ( GEOMETRIC_REPRESENTATION_CONTEXT(3) 
GLOBAL_UNCERTAINTY_ASSIGNED_CONTEXT((#2740)) 
GLOBAL_UNIT_ASSIGNED_CONTEXT((#2737,#2738,#2739)) REPRESENTATION_CONTEXT
('Context #1','3D Context with UNIT and UNCERTAINTY') );
#2737 = ( LENGTH_UNIT() NAMED_UNIT(*) SI_UNIT(.MILLI.,.METRE.) );
#2738 = ( NAMED_UNIT(*) PLANE_ANGLE_UNIT() SI_UNIT($,.RADIAN.) );
#2739 = ( NAMED_UNIT(*) SI_UNIT($,.STERADIAN.) SOLID_ANGLE_UNIT() );
#2740 = UNCERTAINTY_MEASURE_WITH_UNIT(LENGTH_MEASURE(1.E-07),#2737,
  'distance_accuracy_value','confusion accuracy');
#2741 = CONTEXT_DEPENDENT_SHAPE_REPRESENTATION(#2742,#2744);
#2742 = ( REPRESENTATION_RELATIONSHIP('','',#1977,#388) 
REPRESENTATION_RELATIONSHIP_WITH_TRANSFORMATION(#2743) 
SHAPE_REPRESENTATION_RELATIONSHIP() );
#2743 = ITEM_DEFINED_TRANSFORMATION('','',#11,#397);
#2744 = PRODUCT_DEFINITION_SHAPE('Placement','Placement of an item',
  #2745);
#2745 = NEXT_ASSEMBLY_USAGE_OCCURRENCE('5','PLS_1x01 03','',#383,#1972,$
  );
#2746 = PRODUCT_RELATED_PRODUCT_CATEGORY('part',$,(#1974));
#2747 = SHAPE_DEFINITION_REPRESENTATION(#2748,#2754);
#2748 = PRODUCT_DEFINITION_SHAPE('','',#2749);
#2749 = PRODUCT_DEFINITION('design','',#2750,#2753);
#2750 = PRODUCT_DEFINITION_FORMATION('','',#2751);
#2751 = PRODUCT('PLS_1x01 04','PLS_1x01 04','',(#2752));
#2752 = PRODUCT_CONTEXT('',#2,'mechanical');
#2753 = PRODUCT_DEFINITION_CONTEXT('part definition',#2,'design');
#2754 = ADVANCED_BREP_SHAPE_REPRESENTATION('',(#11,#2755),#3513);
#2755 = MANIFOLD_SOLID_BREP('',#2756);
#2756 = CLOSED_SHELL('',(#2757,#2797,#2828,#2859,#2942,#3025,#3042,#3059
    ,#3076,#3093,#3105,#3136,#3160,#3184,#3201,#3232,#3256,#3280,#3297,
    #3328,#3352,#3376,#3393,#3424,#3448,#3472,#3489,#3501));
#2757 = ADVANCED_FACE('',(#2758),#2792,.F.);
#2758 = FACE_BOUND('',#2759,.F.);
#2759 = EDGE_LOOP('',(#2760,#2770,#2778,#2786));
#2760 = ORIENTED_EDGE('',*,*,#2761,.T.);
#2761 = EDGE_CURVE('',#2762,#2764,#2766,.T.);
#2762 = VERTEX_POINT('',#2763);
#2763 = CARTESIAN_POINT('',(-1.016,1.27,0.));
#2764 = VERTEX_POINT('',#2765);
#2765 = CARTESIAN_POINT('',(-1.016,1.27,2.54));
#2766 = LINE('',#2767,#2768);
#2767 = CARTESIAN_POINT('',(-1.016,1.27,0.));
#2768 = VECTOR('',#2769,1.);
#2769 = DIRECTION('',(0.,0.,1.));
#2770 = ORIENTED_EDGE('',*,*,#2771,.T.);
#2771 = EDGE_CURVE('',#2764,#2772,#2774,.T.);
#2772 = VERTEX_POINT('',#2773);
#2773 = CARTESIAN_POINT('',(-1.27,1.016,2.54));
#2774 = LINE('',#2775,#2776);
#2775 = CARTESIAN_POINT('',(-1.016,1.27,2.54));
#2776 = VECTOR('',#2777,1.);
#2777 = DIRECTION('',(-0.707106781187,-0.707106781187,0.));
#2778 = ORIENTED_EDGE('',*,*,#2779,.F.);
#2779 = EDGE_CURVE('',#2780,#2772,#2782,.T.);
#2780 = VERTEX_POINT('',#2781);
#2781 = CARTESIAN_POINT('',(-1.27,1.016,0.));
#2782 = LINE('',#2783,#2784);
#2783 = CARTESIAN_POINT('',(-1.27,1.016,0.));
#2784 = VECTOR('',#2785,1.);
#2785 = DIRECTION('',(0.,0.,1.));
#2786 = ORIENTED_EDGE('',*,*,#2787,.F.);
#2787 = EDGE_CURVE('',#2762,#2780,#2788,.T.);
#2788 = LINE('',#2789,#2790);
#2789 = CARTESIAN_POINT('',(-1.016,1.27,0.));
#2790 = VECTOR('',#2791,1.);
#2791 = DIRECTION('',(-0.707106781187,-0.707106781187,0.));
#2792 = PLANE('',#2793);
#2793 = AXIS2_PLACEMENT_3D('',#2794,#2795,#2796);
#2794 = CARTESIAN_POINT('',(-1.016,1.27,0.));
#2795 = DIRECTION('',(0.707106781187,-0.707106781187,0.));
#2796 = DIRECTION('',(-0.707106781187,-0.707106781187,0.));
#2797 = ADVANCED_FACE('',(#2798),#2823,.F.);
#2798 = FACE_BOUND('',#2799,.F.);
#2799 = EDGE_LOOP('',(#2800,#2810,#2816,#2817));
#2800 = ORIENTED_EDGE('',*,*,#2801,.T.);
#2801 = EDGE_CURVE('',#2802,#2804,#2806,.T.);
#2802 = VERTEX_POINT('',#2803);
#2803 = CARTESIAN_POINT('',(1.016,1.27,0.));
#2804 = VERTEX_POINT('',#2805);
#2805 = CARTESIAN_POINT('',(1.016,1.27,2.54));
#2806 = LINE('',#2807,#2808);
#2807 = CARTESIAN_POINT('',(1.016,1.27,0.));
#2808 = VECTOR('',#2809,1.);
#2809 = DIRECTION('',(0.,0.,1.));
#2810 = ORIENTED_EDGE('',*,*,#2811,.T.);
#2811 = EDGE_CURVE('',#2804,#2764,#2812,.T.);
#2812 = LINE('',#2813,#2814);
#2813 = CARTESIAN_POINT('',(1.016,1.27,2.54));
#2814 = VECTOR('',#2815,1.);
#2815 = DIRECTION('',(-1.,0.,0.));
#2816 = ORIENTED_EDGE('',*,*,#2761,.F.);
#2817 = ORIENTED_EDGE('',*,*,#2818,.F.);
#2818 = EDGE_CURVE('',#2802,#2762,#2819,.T.);
#2819 = LINE('',#2820,#2821);
#2820 = CARTESIAN_POINT('',(1.016,1.27,0.));
#2821 = VECTOR('',#2822,1.);
#2822 = DIRECTION('',(-1.,0.,0.));
#2823 = PLANE('',#2824);
#2824 = AXIS2_PLACEMENT_3D('',#2825,#2826,#2827);
#2825 = CARTESIAN_POINT('',(1.016,1.27,0.));
#2826 = DIRECTION('',(0.,-1.,0.));
#2827 = DIRECTION('',(-1.,0.,0.));
#2828 = ADVANCED_FACE('',(#2829),#2854,.F.);
#2829 = FACE_BOUND('',#2830,.F.);
#2830 = EDGE_LOOP('',(#2831,#2832,#2840,#2848));
#2831 = ORIENTED_EDGE('',*,*,#2779,.T.);
#2832 = ORIENTED_EDGE('',*,*,#2833,.T.);
#2833 = EDGE_CURVE('',#2772,#2834,#2836,.T.);
#2834 = VERTEX_POINT('',#2835);
#2835 = CARTESIAN_POINT('',(-1.27,-1.016,2.54));
#2836 = LINE('',#2837,#2838);
#2837 = CARTESIAN_POINT('',(-1.27,1.016,2.54));
#2838 = VECTOR('',#2839,1.);
#2839 = DIRECTION('',(0.,-1.,0.));
#2840 = ORIENTED_EDGE('',*,*,#2841,.F.);
#2841 = EDGE_CURVE('',#2842,#2834,#2844,.T.);
#2842 = VERTEX_POINT('',#2843);
#2843 = CARTESIAN_POINT('',(-1.27,-1.016,0.));
#2844 = LINE('',#2845,#2846);
#2845 = CARTESIAN_POINT('',(-1.27,-1.016,0.));
#2846 = VECTOR('',#2847,1.);
#2847 = DIRECTION('',(0.,0.,1.));
#2848 = ORIENTED_EDGE('',*,*,#2849,.F.);
#2849 = EDGE_CURVE('',#2780,#2842,#2850,.T.);
#2850 = LINE('',#2851,#2852);
#2851 = CARTESIAN_POINT('',(-1.27,1.016,0.));
#2852 = VECTOR('',#2853,1.);
#2853 = DIRECTION('',(0.,-1.,0.));
#2854 = PLANE('',#2855);
#2855 = AXIS2_PLACEMENT_3D('',#2856,#2857,#2858);
#2856 = CARTESIAN_POINT('',(-1.27,1.016,0.));
#2857 = DIRECTION('',(1.,0.,0.));
#2858 = DIRECTION('',(0.,-1.,0.));
#2859 = ADVANCED_FACE('',(#2860,#2903),#2937,.F.);
#2860 = FACE_BOUND('',#2861,.F.);
#2861 = EDGE_LOOP('',(#2862,#2863,#2864,#2872,#2880,#2888,#2896,#2902));
#2862 = ORIENTED_EDGE('',*,*,#2787,.T.);
#2863 = ORIENTED_EDGE('',*,*,#2849,.T.);
#2864 = ORIENTED_EDGE('',*,*,#2865,.T.);
#2865 = EDGE_CURVE('',#2842,#2866,#2868,.T.);
#2866 = VERTEX_POINT('',#2867);
#2867 = CARTESIAN_POINT('',(-1.016,-1.27,0.));
#2868 = LINE('',#2869,#2870);
#2869 = CARTESIAN_POINT('',(-1.27,-1.016,0.));
#2870 = VECTOR('',#2871,1.);
#2871 = DIRECTION('',(0.707106781187,-0.707106781187,0.));
#2872 = ORIENTED_EDGE('',*,*,#2873,.T.);
#2873 = EDGE_CURVE('',#2866,#2874,#2876,.T.);
#2874 = VERTEX_POINT('',#2875);
#2875 = CARTESIAN_POINT('',(1.016,-1.27,0.));
#2876 = LINE('',#2877,#2878);
#2877 = CARTESIAN_POINT('',(-1.016,-1.27,0.));
#2878 = VECTOR('',#2879,1.);
#2879 = DIRECTION('',(1.,0.,0.));
#2880 = ORIENTED_EDGE('',*,*,#2881,.T.);
#2881 = EDGE_CURVE('',#2874,#2882,#2884,.T.);
#2882 = VERTEX_POINT('',#2883);
#2883 = CARTESIAN_POINT('',(1.27,-1.016,0.));
#2884 = LINE('',#2885,#2886);
#2885 = CARTESIAN_POINT('',(1.016,-1.27,0.));
#2886 = VECTOR('',#2887,1.);
#2887 = DIRECTION('',(0.707106781187,0.707106781187,0.));
#2888 = ORIENTED_EDGE('',*,*,#2889,.T.);
#2889 = EDGE_CURVE('',#2882,#2890,#2892,.T.);
#2890 = VERTEX_POINT('',#2891);
#2891 = CARTESIAN_POINT('',(1.27,1.016,0.));
#2892 = LINE('',#2893,#2894);
#2893 = CARTESIAN_POINT('',(1.27,-1.016,0.));
#2894 = VECTOR('',#2895,1.);
#2895 = DIRECTION('',(0.,1.,0.));
#2896 = ORIENTED_EDGE('',*,*,#2897,.T.);
#2897 = EDGE_CURVE('',#2890,#2802,#2898,.T.);
#2898 = LINE('',#2899,#2900);
#2899 = CARTESIAN_POINT('',(1.27,1.016,0.));
#2900 = VECTOR('',#2901,1.);
#2901 = DIRECTION('',(-0.707106781187,0.707106781187,0.));
#2902 = ORIENTED_EDGE('',*,*,#2818,.T.);
#2903 = FACE_BOUND('',#2904,.F.);
#2904 = EDGE_LOOP('',(#2905,#2915,#2923,#2931));
#2905 = ORIENTED_EDGE('',*,*,#2906,.T.);
#2906 = EDGE_CURVE('',#2907,#2909,#2911,.T.);
#2907 = VERTEX_POINT('',#2908);
#2908 = CARTESIAN_POINT('',(0.32,-0.32,0.));
#2909 = VERTEX_POINT('',#2910);
#2910 = CARTESIAN_POINT('',(-0.32,-0.32,0.));
#2911 = LINE('',#2912,#2913);
#2912 = CARTESIAN_POINT('',(-0.16,-0.32,0.));
#2913 = VECTOR('',#2914,1.);
#2914 = DIRECTION('',(-1.,0.,0.));
#2915 = ORIENTED_EDGE('',*,*,#2916,.T.);
#2916 = EDGE_CURVE('',#2909,#2917,#2919,.T.);
#2917 = VERTEX_POINT('',#2918);
#2918 = CARTESIAN_POINT('',(-0.32,0.32,0.));
#2919 = LINE('',#2920,#2921);
#2920 = CARTESIAN_POINT('',(-0.32,-0.16,0.));
#2921 = VECTOR('',#2922,1.);
#2922 = DIRECTION('',(0.,1.,0.));
#2923 = ORIENTED_EDGE('',*,*,#2924,.F.);
#2924 = EDGE_CURVE('',#2925,#2917,#2927,.T.);
#2925 = VERTEX_POINT('',#2926);
#2926 = CARTESIAN_POINT('',(0.32,0.32,0.));
#2927 = LINE('',#2928,#2929);
#2928 = CARTESIAN_POINT('',(-0.16,0.32,0.));
#2929 = VECTOR('',#2930,1.);
#2930 = DIRECTION('',(-1.,0.,0.));
#2931 = ORIENTED_EDGE('',*,*,#2932,.F.);
#2932 = EDGE_CURVE('',#2907,#2925,#2933,.T.);
#2933 = LINE('',#2934,#2935);
#2934 = CARTESIAN_POINT('',(0.32,-0.16,0.));
#2935 = VECTOR('',#2936,1.);
#2936 = DIRECTION('',(0.,1.,0.));
#2937 = PLANE('',#2938);
#2938 = AXIS2_PLACEMENT_3D('',#2939,#2940,#2941);
#2939 = CARTESIAN_POINT('',(2.E-17,5.E-17,0.));
#2940 = DIRECTION('',(0.,0.,1.));
#2941 = DIRECTION('',(1.,0.,-0.));
#2942 = ADVANCED_FACE('',(#2943,#2986),#3020,.T.);
#2943 = FACE_BOUND('',#2944,.T.);
#2944 = EDGE_LOOP('',(#2945,#2946,#2947,#2955,#2963,#2971,#2979,#2985));
#2945 = ORIENTED_EDGE('',*,*,#2771,.T.);
#2946 = ORIENTED_EDGE('',*,*,#2833,.T.);
#2947 = ORIENTED_EDGE('',*,*,#2948,.T.);
#2948 = EDGE_CURVE('',#2834,#2949,#2951,.T.);
#2949 = VERTEX_POINT('',#2950);
#2950 = CARTESIAN_POINT('',(-1.016,-1.27,2.54));
#2951 = LINE('',#2952,#2953);
#2952 = CARTESIAN_POINT('',(-1.27,-1.016,2.54));
#2953 = VECTOR('',#2954,1.);
#2954 = DIRECTION('',(0.707106781187,-0.707106781187,0.));
#2955 = ORIENTED_EDGE('',*,*,#2956,.T.);
#2956 = EDGE_CURVE('',#2949,#2957,#2959,.T.);
#2957 = VERTEX_POINT('',#2958);
#2958 = CARTESIAN_POINT('',(1.016,-1.27,2.54));
#2959 = LINE('',#2960,#2961);
#2960 = CARTESIAN_POINT('',(-1.016,-1.27,2.54));
#2961 = VECTOR('',#2962,1.);
#2962 = DIRECTION('',(1.,0.,0.));
#2963 = ORIENTED_EDGE('',*,*,#2964,.T.);
#2964 = EDGE_CURVE('',#2957,#2965,#2967,.T.);
#2965 = VERTEX_POINT('',#2966);
#2966 = CARTESIAN_POINT('',(1.27,-1.016,2.54));
#2967 = LINE('',#2968,#2969);
#2968 = CARTESIAN_POINT('',(1.016,-1.27,2.54));
#2969 = VECTOR('',#2970,1.);
#2970 = DIRECTION('',(0.707106781187,0.707106781187,0.));
#2971 = ORIENTED_EDGE('',*,*,#2972,.T.);
#2972 = EDGE_CURVE('',#2965,#2973,#2975,.T.);
#2973 = VERTEX_POINT('',#2974);
#2974 = CARTESIAN_POINT('',(1.27,1.016,2.54));
#2975 = LINE('',#2976,#2977);
#2976 = CARTESIAN_POINT('',(1.27,-1.016,2.54));
#2977 = VECTOR('',#2978,1.);
#2978 = DIRECTION('',(0.,1.,0.));
#2979 = ORIENTED_EDGE('',*,*,#2980,.T.);
#2980 = EDGE_CURVE('',#2973,#2804,#2981,.T.);
#2981 = LINE('',#2982,#2983);
#2982 = CARTESIAN_POINT('',(1.27,1.016,2.54));
#2983 = VECTOR('',#2984,1.);
#2984 = DIRECTION('',(-0.707106781187,0.707106781187,0.));
#2985 = ORIENTED_EDGE('',*,*,#2811,.T.);
#2986 = FACE_BOUND('',#2987,.T.);
#2987 = EDGE_LOOP('',(#2988,#2998,#3006,#3014));
#2988 = ORIENTED_EDGE('',*,*,#2989,.T.);
#2989 = EDGE_CURVE('',#2990,#2992,#2994,.T.);
#2990 = VERTEX_POINT('',#2991);
#2991 = CARTESIAN_POINT('',(0.32,-0.32,2.54));
#2992 = VERTEX_POINT('',#2993);
#2993 = CARTESIAN_POINT('',(-0.32,-0.32,2.54));
#2994 = LINE('',#2995,#2996);
#2995 = CARTESIAN_POINT('',(-0.16,-0.32,2.54));
#2996 = VECTOR('',#2997,1.);
#2997 = DIRECTION('',(-1.,0.,0.));
#2998 = ORIENTED_EDGE('',*,*,#2999,.T.);
#2999 = EDGE_CURVE('',#2992,#3000,#3002,.T.);
#3000 = VERTEX_POINT('',#3001);
#3001 = CARTESIAN_POINT('',(-0.32,0.32,2.54));
#3002 = LINE('',#3003,#3004);
#3003 = CARTESIAN_POINT('',(-0.32,-0.16,2.54));
#3004 = VECTOR('',#3005,1.);
#3005 = DIRECTION('',(0.,1.,0.));
#3006 = ORIENTED_EDGE('',*,*,#3007,.F.);
#3007 = EDGE_CURVE('',#3008,#3000,#3010,.T.);
#3008 = VERTEX_POINT('',#3009);
#3009 = CARTESIAN_POINT('',(0.32,0.32,2.54));
#3010 = LINE('',#3011,#3012);
#3011 = CARTESIAN_POINT('',(-0.16,0.32,2.54));
#3012 = VECTOR('',#3013,1.);
#3013 = DIRECTION('',(-1.,0.,0.));
#3014 = ORIENTED_EDGE('',*,*,#3015,.F.);
#3015 = EDGE_CURVE('',#2990,#3008,#3016,.T.);
#3016 = LINE('',#3017,#3018);
#3017 = CARTESIAN_POINT('',(0.32,-0.16,2.54));
#3018 = VECTOR('',#3019,1.);
#3019 = DIRECTION('',(0.,1.,0.));
#3020 = PLANE('',#3021);
#3021 = AXIS2_PLACEMENT_3D('',#3022,#3023,#3024);
#3022 = CARTESIAN_POINT('',(2.E-17,5.E-17,2.54));
#3023 = DIRECTION('',(0.,0.,1.));
#3024 = DIRECTION('',(1.,0.,-0.));
#3025 = ADVANCED_FACE('',(#3026),#3037,.F.);
#3026 = FACE_BOUND('',#3027,.F.);
#3027 = EDGE_LOOP('',(#3028,#3034,#3035,#3036));
#3028 = ORIENTED_EDGE('',*,*,#3029,.T.);
#3029 = EDGE_CURVE('',#2890,#2973,#3030,.T.);
#3030 = LINE('',#3031,#3032);
#3031 = CARTESIAN_POINT('',(1.27,1.016,0.));
#3032 = VECTOR('',#3033,1.);
#3033 = DIRECTION('',(0.,0.,1.));
#3034 = ORIENTED_EDGE('',*,*,#2980,.T.);
#3035 = ORIENTED_EDGE('',*,*,#2801,.F.);
#3036 = ORIENTED_EDGE('',*,*,#2897,.F.);
#3037 = PLANE('',#3038);
#3038 = AXIS2_PLACEMENT_3D('',#3039,#3040,#3041);
#3039 = CARTESIAN_POINT('',(1.27,1.016,0.));
#3040 = DIRECTION('',(-0.707106781187,-0.707106781187,0.));
#3041 = DIRECTION('',(-0.707106781187,0.707106781187,0.));
#3042 = ADVANCED_FACE('',(#3043),#3054,.F.);
#3043 = FACE_BOUND('',#3044,.F.);
#3044 = EDGE_LOOP('',(#3045,#3046,#3047,#3053));
#3045 = ORIENTED_EDGE('',*,*,#2841,.T.);
#3046 = ORIENTED_EDGE('',*,*,#2948,.T.);
#3047 = ORIENTED_EDGE('',*,*,#3048,.F.);
#3048 = EDGE_CURVE('',#2866,#2949,#3049,.T.);
#3049 = LINE('',#3050,#3051);
#3050 = CARTESIAN_POINT('',(-1.016,-1.27,0.));
#3051 = VECTOR('',#3052,1.);
#3052 = DIRECTION('',(0.,0.,1.));
#3053 = ORIENTED_EDGE('',*,*,#2865,.F.);
#3054 = PLANE('',#3055);
#3055 = AXIS2_PLACEMENT_3D('',#3056,#3057,#3058);
#3056 = CARTESIAN_POINT('',(-1.27,-1.016,0.));
#3057 = DIRECTION('',(0.707106781187,0.707106781187,0.));
#3058 = DIRECTION('',(0.707106781187,-0.707106781187,0.));
#3059 = ADVANCED_FACE('',(#3060),#3071,.F.);
#3060 = FACE_BOUND('',#3061,.F.);
#3061 = EDGE_LOOP('',(#3062,#3068,#3069,#3070));
#3062 = ORIENTED_EDGE('',*,*,#3063,.T.);
#3063 = EDGE_CURVE('',#2882,#2965,#3064,.T.);
#3064 = LINE('',#3065,#3066);
#3065 = CARTESIAN_POINT('',(1.27,-1.016,0.));
#3066 = VECTOR('',#3067,1.);
#3067 = DIRECTION('',(0.,0.,1.));
#3068 = ORIENTED_EDGE('',*,*,#2972,.T.);
#3069 = ORIENTED_EDGE('',*,*,#3029,.F.);
#3070 = ORIENTED_EDGE('',*,*,#2889,.F.);
#3071 = PLANE('',#3072);
#3072 = AXIS2_PLACEMENT_3D('',#3073,#3074,#3075);
#3073 = CARTESIAN_POINT('',(1.27,-1.016,0.));
#3074 = DIRECTION('',(-1.,0.,0.));
#3075 = DIRECTION('',(0.,1.,0.));
#3076 = ADVANCED_FACE('',(#3077),#3088,.F.);
#3077 = FACE_BOUND('',#3078,.F.);
#3078 = EDGE_LOOP('',(#3079,#3080,#3081,#3087));
#3079 = ORIENTED_EDGE('',*,*,#3048,.T.);
#3080 = ORIENTED_EDGE('',*,*,#2956,.T.);
#3081 = ORIENTED_EDGE('',*,*,#3082,.F.);
#3082 = EDGE_CURVE('',#2874,#2957,#3083,.T.);
#3083 = LINE('',#3084,#3085);
#3084 = CARTESIAN_POINT('',(1.016,-1.27,0.));
#3085 = VECTOR('',#3086,1.);
#3086 = DIRECTION('',(0.,0.,1.));
#3087 = ORIENTED_EDGE('',*,*,#2873,.F.);
#3088 = PLANE('',#3089);
#3089 = AXIS2_PLACEMENT_3D('',#3090,#3091,#3092);
#3090 = CARTESIAN_POINT('',(-1.016,-1.27,0.));
#3091 = DIRECTION('',(0.,1.,0.));
#3092 = DIRECTION('',(1.,0.,0.));
#3093 = ADVANCED_FACE('',(#3094),#3100,.F.);
#3094 = FACE_BOUND('',#3095,.F.);
#3095 = EDGE_LOOP('',(#3096,#3097,#3098,#3099));
#3096 = ORIENTED_EDGE('',*,*,#3082,.T.);
#3097 = ORIENTED_EDGE('',*,*,#2964,.T.);
#3098 = ORIENTED_EDGE('',*,*,#3063,.F.);
#3099 = ORIENTED_EDGE('',*,*,#2881,.F.);
#3100 = PLANE('',#3101);
#3101 = AXIS2_PLACEMENT_3D('',#3102,#3103,#3104);
#3102 = CARTESIAN_POINT('',(1.016,-1.27,0.));
#3103 = DIRECTION('',(-0.707106781187,0.707106781187,0.));
#3104 = DIRECTION('',(0.707106781187,0.707106781187,0.));
#3105 = ADVANCED_FACE('',(#3106),#3131,.F.);
#3106 = FACE_BOUND('',#3107,.F.);
#3107 = EDGE_LOOP('',(#3108,#3116,#3124,#3130));
#3108 = ORIENTED_EDGE('',*,*,#3109,.F.);
#3109 = EDGE_CURVE('',#3110,#2907,#3112,.T.);
#3110 = VERTEX_POINT('',#3111);
#3111 = CARTESIAN_POINT('',(0.32,-0.32,-2.84));
#3112 = LINE('',#3113,#3114);
#3113 = CARTESIAN_POINT('',(0.32,-0.32,-3.));
#3114 = VECTOR('',#3115,1.);
#3115 = DIRECTION('',(0.,0.,1.));
#3116 = ORIENTED_EDGE('',*,*,#3117,.F.);
#3117 = EDGE_CURVE('',#3118,#3110,#3120,.T.);
#3118 = VERTEX_POINT('',#3119);
#3119 = CARTESIAN_POINT('',(-0.32,-0.32,-2.84));
#3120 = LINE('',#3121,#3122);
#3121 = CARTESIAN_POINT('',(-0.32,-0.32,-2.84));
#3122 = VECTOR('',#3123,1.);
#3123 = DIRECTION('',(1.,0.,0.));
#3124 = ORIENTED_EDGE('',*,*,#3125,.T.);
#3125 = EDGE_CURVE('',#3118,#2909,#3126,.T.);
#3126 = LINE('',#3127,#3128);
#3127 = CARTESIAN_POINT('',(-0.32,-0.32,-3.));
#3128 = VECTOR('',#3129,1.);
#3129 = DIRECTION('',(0.,0.,1.));
#3130 = ORIENTED_EDGE('',*,*,#2906,.F.);
#3131 = PLANE('',#3132);
#3132 = AXIS2_PLACEMENT_3D('',#3133,#3134,#3135);
#3133 = CARTESIAN_POINT('',(-0.32,-0.32,-3.));
#3134 = DIRECTION('',(0.,1.,0.));
#3135 = DIRECTION('',(0.,-0.,1.));
#3136 = ADVANCED_FACE('',(#3137),#3155,.T.);
#3137 = FACE_BOUND('',#3138,.T.);
#3138 = EDGE_LOOP('',(#3139,#3140,#3148,#3154));
#3139 = ORIENTED_EDGE('',*,*,#3109,.F.);
#3140 = ORIENTED_EDGE('',*,*,#3141,.T.);
#3141 = EDGE_CURVE('',#3110,#3142,#3144,.T.);
#3142 = VERTEX_POINT('',#3143);
#3143 = CARTESIAN_POINT('',(0.32,0.32,-2.84));
#3144 = LINE('',#3145,#3146);
#3145 = CARTESIAN_POINT('',(0.32,-0.32,-2.84));
#3146 = VECTOR('',#3147,1.);
#3147 = DIRECTION('',(0.,1.,0.));
#3148 = ORIENTED_EDGE('',*,*,#3149,.T.);
#3149 = EDGE_CURVE('',#3142,#2925,#3150,.T.);
#3150 = LINE('',#3151,#3152);
#3151 = CARTESIAN_POINT('',(0.32,0.32,-3.));
#3152 = VECTOR('',#3153,1.);
#3153 = DIRECTION('',(0.,0.,1.));
#3154 = ORIENTED_EDGE('',*,*,#2932,.F.);
#3155 = PLANE('',#3156);
#3156 = AXIS2_PLACEMENT_3D('',#3157,#3158,#3159);
#3157 = CARTESIAN_POINT('',(0.32,-0.32,-3.));
#3158 = DIRECTION('',(1.,0.,0.));
#3159 = DIRECTION('',(0.,0.,1.));
#3160 = ADVANCED_FACE('',(#3161),#3179,.T.);
#3161 = FACE_BOUND('',#3162,.T.);
#3162 = EDGE_LOOP('',(#3163,#3164,#3172,#3178));
#3163 = ORIENTED_EDGE('',*,*,#3149,.F.);
#3164 = ORIENTED_EDGE('',*,*,#3165,.F.);
#3165 = EDGE_CURVE('',#3166,#3142,#3168,.T.);
#3166 = VERTEX_POINT('',#3167);
#3167 = CARTESIAN_POINT('',(-0.32,0.32,-2.84));
#3168 = LINE('',#3169,#3170);
#3169 = CARTESIAN_POINT('',(-0.32,0.32,-2.84));
#3170 = VECTOR('',#3171,1.);
#3171 = DIRECTION('',(1.,0.,0.));
#3172 = ORIENTED_EDGE('',*,*,#3173,.T.);
#3173 = EDGE_CURVE('',#3166,#2917,#3174,.T.);
#3174 = LINE('',#3175,#3176);
#3175 = CARTESIAN_POINT('',(-0.32,0.32,-3.));
#3176 = VECTOR('',#3177,1.);
#3177 = DIRECTION('',(0.,0.,1.));
#3178 = ORIENTED_EDGE('',*,*,#2924,.F.);
#3179 = PLANE('',#3180);
#3180 = AXIS2_PLACEMENT_3D('',#3181,#3182,#3183);
#3181 = CARTESIAN_POINT('',(-0.32,0.32,-3.));
#3182 = DIRECTION('',(0.,1.,0.));
#3183 = DIRECTION('',(0.,-0.,1.));
#3184 = ADVANCED_FACE('',(#3185),#3196,.F.);
#3185 = FACE_BOUND('',#3186,.F.);
#3186 = EDGE_LOOP('',(#3187,#3188,#3194,#3195));
#3187 = ORIENTED_EDGE('',*,*,#3125,.F.);
#3188 = ORIENTED_EDGE('',*,*,#3189,.T.);
#3189 = EDGE_CURVE('',#3118,#3166,#3190,.T.);
#3190 = LINE('',#3191,#3192);
#3191 = CARTESIAN_POINT('',(-0.32,-0.32,-2.84));
#3192 = VECTOR('',#3193,1.);
#3193 = DIRECTION('',(0.,1.,0.));
#3194 = ORIENTED_EDGE('',*,*,#3173,.T.);
#3195 = ORIENTED_EDGE('',*,*,#2916,.F.);
#3196 = PLANE('',#3197);
#3197 = AXIS2_PLACEMENT_3D('',#3198,#3199,#3200);
#3198 = CARTESIAN_POINT('',(-0.32,-0.32,-3.));
#3199 = DIRECTION('',(1.,0.,0.));
#3200 = DIRECTION('',(0.,0.,1.));
#3201 = ADVANCED_FACE('',(#3202),#3227,.F.);
#3202 = FACE_BOUND('',#3203,.F.);
#3203 = EDGE_LOOP('',(#3204,#3212,#3213,#3221));
#3204 = ORIENTED_EDGE('',*,*,#3205,.F.);
#3205 = EDGE_CURVE('',#2990,#3206,#3208,.T.);
#3206 = VERTEX_POINT('',#3207);
#3207 = CARTESIAN_POINT('',(0.32,-0.32,8.38));
#3208 = LINE('',#3209,#3210);
#3209 = CARTESIAN_POINT('',(0.32,-0.32,-3.));
#3210 = VECTOR('',#3211,1.);
#3211 = DIRECTION('',(0.,0.,1.));
#3212 = ORIENTED_EDGE('',*,*,#2989,.T.);
#3213 = ORIENTED_EDGE('',*,*,#3214,.T.);
#3214 = EDGE_CURVE('',#2992,#3215,#3217,.T.);
#3215 = VERTEX_POINT('',#3216);
#3216 = CARTESIAN_POINT('',(-0.32,-0.32,8.38));
#3217 = LINE('',#3218,#3219);
#3218 = CARTESIAN_POINT('',(-0.32,-0.32,-3.));
#3219 = VECTOR('',#3220,1.);
#3220 = DIRECTION('',(0.,0.,1.));
#3221 = ORIENTED_EDGE('',*,*,#3222,.T.);
#3222 = EDGE_CURVE('',#3215,#3206,#3223,.T.);
#3223 = LINE('',#3224,#3225);
#3224 = CARTESIAN_POINT('',(-0.32,-0.32,8.38));
#3225 = VECTOR('',#3226,1.);
#3226 = DIRECTION('',(1.,0.,0.));
#3227 = PLANE('',#3228);
#3228 = AXIS2_PLACEMENT_3D('',#3229,#3230,#3231);
#3229 = CARTESIAN_POINT('',(-0.32,-0.32,-3.));
#3230 = DIRECTION('',(0.,1.,0.));
#3231 = DIRECTION('',(0.,-0.,1.));
#3232 = ADVANCED_FACE('',(#3233),#3251,.T.);
#3233 = FACE_BOUND('',#3234,.T.);
#3234 = EDGE_LOOP('',(#3235,#3236,#3237,#3245));
#3235 = ORIENTED_EDGE('',*,*,#3205,.F.);
#3236 = ORIENTED_EDGE('',*,*,#3015,.T.);
#3237 = ORIENTED_EDGE('',*,*,#3238,.T.);
#3238 = EDGE_CURVE('',#3008,#3239,#3241,.T.);
#3239 = VERTEX_POINT('',#3240);
#3240 = CARTESIAN_POINT('',(0.32,0.32,8.38));
#3241 = LINE('',#3242,#3243);
#3242 = CARTESIAN_POINT('',(0.32,0.32,-3.));
#3243 = VECTOR('',#3244,1.);
#3244 = DIRECTION('',(0.,0.,1.));
#3245 = ORIENTED_EDGE('',*,*,#3246,.F.);
#3246 = EDGE_CURVE('',#3206,#3239,#3247,.T.);
#3247 = LINE('',#3248,#3249);
#3248 = CARTESIAN_POINT('',(0.32,-0.32,8.38));
#3249 = VECTOR('',#3250,1.);
#3250 = DIRECTION('',(0.,1.,0.));
#3251 = PLANE('',#3252);
#3252 = AXIS2_PLACEMENT_3D('',#3253,#3254,#3255);
#3253 = CARTESIAN_POINT('',(0.32,-0.32,-3.));
#3254 = DIRECTION('',(1.,0.,0.));
#3255 = DIRECTION('',(0.,0.,1.));
#3256 = ADVANCED_FACE('',(#3257),#3275,.T.);
#3257 = FACE_BOUND('',#3258,.T.);
#3258 = EDGE_LOOP('',(#3259,#3260,#3261,#3269));
#3259 = ORIENTED_EDGE('',*,*,#3238,.F.);
#3260 = ORIENTED_EDGE('',*,*,#3007,.T.);
#3261 = ORIENTED_EDGE('',*,*,#3262,.T.);
#3262 = EDGE_CURVE('',#3000,#3263,#3265,.T.);
#3263 = VERTEX_POINT('',#3264);
#3264 = CARTESIAN_POINT('',(-0.32,0.32,8.38));
#3265 = LINE('',#3266,#3267);
#3266 = CARTESIAN_POINT('',(-0.32,0.32,-3.));
#3267 = VECTOR('',#3268,1.);
#3268 = DIRECTION('',(0.,0.,1.));
#3269 = ORIENTED_EDGE('',*,*,#3270,.T.);
#3270 = EDGE_CURVE('',#3263,#3239,#3271,.T.);
#3271 = LINE('',#3272,#3273);
#3272 = CARTESIAN_POINT('',(-0.32,0.32,8.38));
#3273 = VECTOR('',#3274,1.);
#3274 = DIRECTION('',(1.,0.,0.));
#3275 = PLANE('',#3276);
#3276 = AXIS2_PLACEMENT_3D('',#3277,#3278,#3279);
#3277 = CARTESIAN_POINT('',(-0.32,0.32,-3.));
#3278 = DIRECTION('',(0.,1.,0.));
#3279 = DIRECTION('',(0.,-0.,1.));
#3280 = ADVANCED_FACE('',(#3281),#3292,.F.);
#3281 = FACE_BOUND('',#3282,.F.);
#3282 = EDGE_LOOP('',(#3283,#3284,#3285,#3286));
#3283 = ORIENTED_EDGE('',*,*,#3214,.F.);
#3284 = ORIENTED_EDGE('',*,*,#2999,.T.);
#3285 = ORIENTED_EDGE('',*,*,#3262,.T.);
#3286 = ORIENTED_EDGE('',*,*,#3287,.F.);
#3287 = EDGE_CURVE('',#3215,#3263,#3288,.T.);
#3288 = LINE('',#3289,#3290);
#3289 = CARTESIAN_POINT('',(-0.32,-0.32,8.38));
#3290 = VECTOR('',#3291,1.);
#3291 = DIRECTION('',(0.,1.,0.));
#3292 = PLANE('',#3293);
#3293 = AXIS2_PLACEMENT_3D('',#3294,#3295,#3296);
#3294 = CARTESIAN_POINT('',(-0.32,-0.32,-3.));
#3295 = DIRECTION('',(1.,0.,0.));
#3296 = DIRECTION('',(0.,0.,1.));
#3297 = ADVANCED_FACE('',(#3298),#3323,.T.);
#3298 = FACE_BOUND('',#3299,.F.);
#3299 = EDGE_LOOP('',(#3300,#3308,#3309,#3317));
#3300 = ORIENTED_EDGE('',*,*,#3301,.F.);
#3301 = EDGE_CURVE('',#3118,#3302,#3304,.T.);
#3302 = VERTEX_POINT('',#3303);
#3303 = CARTESIAN_POINT('',(-0.16,-0.16,-3.));
#3304 = LINE('',#3305,#3306);
#3305 = CARTESIAN_POINT('',(-0.266666666667,-0.266666666667,
    -2.893333333333));
#3306 = VECTOR('',#3307,1.);
#3307 = DIRECTION('',(0.57735026919,0.57735026919,-0.57735026919));
#3308 = ORIENTED_EDGE('',*,*,#3117,.T.);
#3309 = ORIENTED_EDGE('',*,*,#3310,.T.);
#3310 = EDGE_CURVE('',#3110,#3311,#3313,.T.);
#3311 = VERTEX_POINT('',#3312);
#3312 = CARTESIAN_POINT('',(0.16,-0.16,-3.));
#3313 = LINE('',#3314,#3315);
#3314 = CARTESIAN_POINT('',(0.16,-0.16,-3.));
#3315 = VECTOR('',#3316,1.);
#3316 = DIRECTION('',(-0.57735026919,0.57735026919,-0.57735026919));
#3317 = ORIENTED_EDGE('',*,*,#3318,.F.);
#3318 = EDGE_CURVE('',#3302,#3311,#3319,.T.);
#3319 = LINE('',#3320,#3321);
#3320 = CARTESIAN_POINT('',(-0.32,-0.16,-3.));
#3321 = VECTOR('',#3322,1.);
#3322 = DIRECTION('',(1.,0.,0.));
#3323 = PLANE('',#3324);
#3324 = AXIS2_PLACEMENT_3D('',#3325,#3326,#3327);
#3325 = CARTESIAN_POINT('',(-0.32,-0.24,-2.92));
#3326 = DIRECTION('',(0.,-0.707106781187,-0.707106781187));
#3327 = DIRECTION('',(-1.,-0.,0.));
#3328 = ADVANCED_FACE('',(#3329),#3347,.F.);
#3329 = FACE_BOUND('',#3330,.F.);
#3330 = EDGE_LOOP('',(#3331,#3332,#3333,#3341));
#3331 = ORIENTED_EDGE('',*,*,#3310,.F.);
#3332 = ORIENTED_EDGE('',*,*,#3141,.T.);
#3333 = ORIENTED_EDGE('',*,*,#3334,.T.);
#3334 = EDGE_CURVE('',#3142,#3335,#3337,.T.);
#3335 = VERTEX_POINT('',#3336);
#3336 = CARTESIAN_POINT('',(0.16,0.16,-3.));
#3337 = LINE('',#3338,#3339);
#3338 = CARTESIAN_POINT('',(5.333333333333E-02,5.333333333333E-02,
    -3.106666666667));
#3339 = VECTOR('',#3340,1.);
#3340 = DIRECTION('',(-0.57735026919,-0.57735026919,-0.57735026919));
#3341 = ORIENTED_EDGE('',*,*,#3342,.F.);
#3342 = EDGE_CURVE('',#3311,#3335,#3343,.T.);
#3343 = LINE('',#3344,#3345);
#3344 = CARTESIAN_POINT('',(0.16,-0.32,-3.));
#3345 = VECTOR('',#3346,1.);
#3346 = DIRECTION('',(0.,1.,0.));
#3347 = PLANE('',#3348);
#3348 = AXIS2_PLACEMENT_3D('',#3349,#3350,#3351);
#3349 = CARTESIAN_POINT('',(0.24,-0.32,-2.92));
#3350 = DIRECTION('',(-0.707106781187,0.,0.707106781187));
#3351 = DIRECTION('',(0.,1.,-0.));
#3352 = ADVANCED_FACE('',(#3353),#3371,.F.);
#3353 = FACE_BOUND('',#3354,.T.);
#3354 = EDGE_LOOP('',(#3355,#3363,#3364,#3365));
#3355 = ORIENTED_EDGE('',*,*,#3356,.F.);
#3356 = EDGE_CURVE('',#3166,#3357,#3359,.T.);
#3357 = VERTEX_POINT('',#3358);
#3358 = CARTESIAN_POINT('',(-0.16,0.16,-3.));
#3359 = LINE('',#3360,#3361);
#3360 = CARTESIAN_POINT('',(-0.16,0.16,-3.));
#3361 = VECTOR('',#3362,1.);
#3362 = DIRECTION('',(0.57735026919,-0.57735026919,-0.57735026919));
#3363 = ORIENTED_EDGE('',*,*,#3165,.T.);
#3364 = ORIENTED_EDGE('',*,*,#3334,.T.);
#3365 = ORIENTED_EDGE('',*,*,#3366,.F.);
#3366 = EDGE_CURVE('',#3357,#3335,#3367,.T.);
#3367 = LINE('',#3368,#3369);
#3368 = CARTESIAN_POINT('',(-0.32,0.16,-3.));
#3369 = VECTOR('',#3370,1.);
#3370 = DIRECTION('',(1.,0.,0.));
#3371 = PLANE('',#3372);
#3372 = AXIS2_PLACEMENT_3D('',#3373,#3374,#3375);
#3373 = CARTESIAN_POINT('',(-0.32,0.24,-2.92));
#3374 = DIRECTION('',(-0.,-0.707106781187,0.707106781187));
#3375 = DIRECTION('',(-1.,0.,0.));
#3376 = ADVANCED_FACE('',(#3377),#3388,.T.);
#3377 = FACE_BOUND('',#3378,.T.);
#3378 = EDGE_LOOP('',(#3379,#3380,#3381,#3382));
#3379 = ORIENTED_EDGE('',*,*,#3301,.F.);
#3380 = ORIENTED_EDGE('',*,*,#3189,.T.);
#3381 = ORIENTED_EDGE('',*,*,#3356,.T.);
#3382 = ORIENTED_EDGE('',*,*,#3383,.F.);
#3383 = EDGE_CURVE('',#3302,#3357,#3384,.T.);
#3384 = LINE('',#3385,#3386);
#3385 = CARTESIAN_POINT('',(-0.16,-0.32,-3.));
#3386 = VECTOR('',#3387,1.);
#3387 = DIRECTION('',(0.,1.,0.));
#3388 = PLANE('',#3389);
#3389 = AXIS2_PLACEMENT_3D('',#3390,#3391,#3392);
#3390 = CARTESIAN_POINT('',(-0.24,-0.32,-2.92));
#3391 = DIRECTION('',(-0.707106781187,-0.,-0.707106781187));
#3392 = DIRECTION('',(0.,1.,-0.));
#3393 = ADVANCED_FACE('',(#3394),#3419,.F.);
#3394 = FACE_BOUND('',#3395,.T.);
#3395 = EDGE_LOOP('',(#3396,#3404,#3405,#3413));
#3396 = ORIENTED_EDGE('',*,*,#3397,.F.);
#3397 = EDGE_CURVE('',#3215,#3398,#3400,.T.);
#3398 = VERTEX_POINT('',#3399);
#3399 = CARTESIAN_POINT('',(-0.16,-0.16,8.54));
#3400 = LINE('',#3401,#3402);
#3401 = CARTESIAN_POINT('',(-0.266666666667,-0.266666666667,
    8.433333333333));
#3402 = VECTOR('',#3403,1.);
#3403 = DIRECTION('',(0.57735026919,0.57735026919,0.57735026919));
#3404 = ORIENTED_EDGE('',*,*,#3222,.T.);
#3405 = ORIENTED_EDGE('',*,*,#3406,.T.);
#3406 = EDGE_CURVE('',#3206,#3407,#3409,.T.);
#3407 = VERTEX_POINT('',#3408);
#3408 = CARTESIAN_POINT('',(0.16,-0.16,8.54));
#3409 = LINE('',#3410,#3411);
#3410 = CARTESIAN_POINT('',(0.16,-0.16,8.54));
#3411 = VECTOR('',#3412,1.);
#3412 = DIRECTION('',(-0.57735026919,0.57735026919,0.57735026919));
#3413 = ORIENTED_EDGE('',*,*,#3414,.F.);
#3414 = EDGE_CURVE('',#3398,#3407,#3415,.T.);
#3415 = LINE('',#3416,#3417);
#3416 = CARTESIAN_POINT('',(-0.32,-0.16,8.54));
#3417 = VECTOR('',#3418,1.);
#3418 = DIRECTION('',(1.,0.,0.));
#3419 = PLANE('',#3420);
#3420 = AXIS2_PLACEMENT_3D('',#3421,#3422,#3423);
#3421 = CARTESIAN_POINT('',(-0.32,-0.24,8.46));
#3422 = DIRECTION('',(-0.,0.707106781187,-0.707106781187));
#3423 = DIRECTION('',(-1.,-0.,0.));
#3424 = ADVANCED_FACE('',(#3425),#3443,.T.);
#3425 = FACE_BOUND('',#3426,.T.);
#3426 = EDGE_LOOP('',(#3427,#3428,#3429,#3437));
#3427 = ORIENTED_EDGE('',*,*,#3406,.F.);
#3428 = ORIENTED_EDGE('',*,*,#3246,.T.);
#3429 = ORIENTED_EDGE('',*,*,#3430,.T.);
#3430 = EDGE_CURVE('',#3239,#3431,#3433,.T.);
#3431 = VERTEX_POINT('',#3432);
#3432 = CARTESIAN_POINT('',(0.16,0.16,8.54));
#3433 = LINE('',#3434,#3435);
#3434 = CARTESIAN_POINT('',(5.333333333333E-02,5.333333333333E-02,
    8.646666666667));
#3435 = VECTOR('',#3436,1.);
#3436 = DIRECTION('',(-0.57735026919,-0.57735026919,0.57735026919));
#3437 = ORIENTED_EDGE('',*,*,#3438,.F.);
#3438 = EDGE_CURVE('',#3407,#3431,#3439,.T.);
#3439 = LINE('',#3440,#3441);
#3440 = CARTESIAN_POINT('',(0.16,-0.32,8.54));
#3441 = VECTOR('',#3442,1.);
#3442 = DIRECTION('',(0.,1.,0.));
#3443 = PLANE('',#3444);
#3444 = AXIS2_PLACEMENT_3D('',#3445,#3446,#3447);
#3445 = CARTESIAN_POINT('',(0.24,-0.32,8.46));
#3446 = DIRECTION('',(0.707106781187,-0.,0.707106781187));
#3447 = DIRECTION('',(0.,1.,0.));
#3448 = ADVANCED_FACE('',(#3449),#3467,.T.);
#3449 = FACE_BOUND('',#3450,.F.);
#3450 = EDGE_LOOP('',(#3451,#3459,#3460,#3461));
#3451 = ORIENTED_EDGE('',*,*,#3452,.F.);
#3452 = EDGE_CURVE('',#3263,#3453,#3455,.T.);
#3453 = VERTEX_POINT('',#3454);
#3454 = CARTESIAN_POINT('',(-0.16,0.16,8.54));
#3455 = LINE('',#3456,#3457);
#3456 = CARTESIAN_POINT('',(-0.16,0.16,8.54));
#3457 = VECTOR('',#3458,1.);
#3458 = DIRECTION('',(0.57735026919,-0.57735026919,0.57735026919));
#3459 = ORIENTED_EDGE('',*,*,#3270,.T.);
#3460 = ORIENTED_EDGE('',*,*,#3430,.T.);
#3461 = ORIENTED_EDGE('',*,*,#3462,.F.);
#3462 = EDGE_CURVE('',#3453,#3431,#3463,.T.);
#3463 = LINE('',#3464,#3465);
#3464 = CARTESIAN_POINT('',(-0.32,0.16,8.54));
#3465 = VECTOR('',#3466,1.);
#3466 = DIRECTION('',(1.,0.,0.));
#3467 = PLANE('',#3468);
#3468 = AXIS2_PLACEMENT_3D('',#3469,#3470,#3471);
#3469 = CARTESIAN_POINT('',(-0.32,0.24,8.46));
#3470 = DIRECTION('',(0.,0.707106781187,0.707106781187));
#3471 = DIRECTION('',(-1.,0.,0.));
#3472 = ADVANCED_FACE('',(#3473),#3484,.F.);
#3473 = FACE_BOUND('',#3474,.F.);
#3474 = EDGE_LOOP('',(#3475,#3476,#3477,#3478));
#3475 = ORIENTED_EDGE('',*,*,#3397,.F.);
#3476 = ORIENTED_EDGE('',*,*,#3287,.T.);
#3477 = ORIENTED_EDGE('',*,*,#3452,.T.);
#3478 = ORIENTED_EDGE('',*,*,#3479,.F.);
#3479 = EDGE_CURVE('',#3398,#3453,#3480,.T.);
#3480 = LINE('',#3481,#3482);
#3481 = CARTESIAN_POINT('',(-0.16,-0.32,8.54));
#3482 = VECTOR('',#3483,1.);
#3483 = DIRECTION('',(0.,1.,0.));
#3484 = PLANE('',#3485);
#3485 = AXIS2_PLACEMENT_3D('',#3486,#3487,#3488);
#3486 = CARTESIAN_POINT('',(-0.24,-0.32,8.46));
#3487 = DIRECTION('',(0.707106781187,0.,-0.707106781187));
#3488 = DIRECTION('',(0.,1.,0.));
#3489 = ADVANCED_FACE('',(#3490),#3496,.F.);
#3490 = FACE_BOUND('',#3491,.F.);
#3491 = EDGE_LOOP('',(#3492,#3493,#3494,#3495));
#3492 = ORIENTED_EDGE('',*,*,#3366,.F.);
#3493 = ORIENTED_EDGE('',*,*,#3383,.F.);
#3494 = ORIENTED_EDGE('',*,*,#3318,.T.);
#3495 = ORIENTED_EDGE('',*,*,#3342,.T.);
#3496 = PLANE('',#3497);
#3497 = AXIS2_PLACEMENT_3D('',#3498,#3499,#3500);
#3498 = CARTESIAN_POINT('',(-0.32,-0.32,-3.));
#3499 = DIRECTION('',(0.,0.,1.));
#3500 = DIRECTION('',(1.,0.,-0.));
#3501 = ADVANCED_FACE('',(#3502),#3508,.T.);
#3502 = FACE_BOUND('',#3503,.T.);
#3503 = EDGE_LOOP('',(#3504,#3505,#3506,#3507));
#3504 = ORIENTED_EDGE('',*,*,#3438,.T.);
#3505 = ORIENTED_EDGE('',*,*,#3462,.F.);
#3506 = ORIENTED_EDGE('',*,*,#3479,.F.);
#3507 = ORIENTED_EDGE('',*,*,#3414,.T.);
#3508 = PLANE('',#3509);
#3509 = AXIS2_PLACEMENT_3D('',#3510,#3511,#3512);
#3510 = CARTESIAN_POINT('',(-0.32,-0.32,8.54));
#3511 = DIRECTION('',(0.,0.,1.));
#3512 = DIRECTION('',(1.,0.,-0.));
#3513 = ( GEOMETRIC_REPRESENTATION_CONTEXT(3) 
GLOBAL_UNCERTAINTY_ASSIGNED_CONTEXT((#3517)) 
GLOBAL_UNIT_ASSIGNED_CONTEXT((#3514,#3515,#3516)) REPRESENTATION_CONTEXT
('Context #1','3D Context with UNIT and UNCERTAINTY') );
#3514 = ( LENGTH_UNIT() NAMED_UNIT(*) SI_UNIT(.MILLI.,.METRE.) );
#3515 = ( NAMED_UNIT(*) PLANE_ANGLE_UNIT() SI_UNIT($,.RADIAN.) );
#3516 = ( NAMED_UNIT(*) SI_UNIT($,.STERADIAN.) SOLID_ANGLE_UNIT() );
#3517 = UNCERTAINTY_MEASURE_WITH_UNIT(LENGTH_MEASURE(1.E-07),#3514,
  'distance_accuracy_value','confusion accuracy');
#3518 = CONTEXT_DEPENDENT_SHAPE_REPRESENTATION(#3519,#3521);
#3519 = ( REPRESENTATION_RELATIONSHIP('','',#2754,#388) 
REPRESENTATION_RELATIONSHIP_WITH_TRANSFORMATION(#3520) 
SHAPE_REPRESENTATION_RELATIONSHIP() );
#3520 = ITEM_DEFINED_TRANSFORMATION('','',#11,#401);
#3521 = PRODUCT_DEFINITION_SHAPE('Placement','Placement of an item',
  #3522);
#3522 = NEXT_ASSEMBLY_USAGE_OCCURRENCE('6','PLS_1x01 04','',#383,#2749,$
  );
#3523 = PRODUCT_RELATED_PRODUCT_CATEGORY('part',$,(#2751));
#3524 = SHAPE_DEFINITION_REPRESENTATION(#3525,#3531);
#3525 = PRODUCT_DEFINITION_SHAPE('','',#3526);
#3526 = PRODUCT_DEFINITION('design','',#3527,#3530);
#3527 = PRODUCT_DEFINITION_FORMATION('','',#3528);
#3528 = PRODUCT('Schematic components, STEP dimensions',
  'Schematic components, STEP dimensions','',(#3529));
#3529 = PRODUCT_CONTEXT('',#2,'mechanical');
#3530 = PRODUCT_DEFINITION_CONTEXT('part definition',#2,'design');
#3531 = SHAPE_REPRESENTATION('',(#11,#3532,#3536,#3540,#3544),#3548);
#3532 = AXIS2_PLACEMENT_3D('',#3533,#3534,#3535);
#3533 = CARTESIAN_POINT('',(0.,0.,0.));
#3534 = DIRECTION('',(0.,0.,1.));
#3535 = DIRECTION('',(1.,0.,0.));
#3536 = AXIS2_PLACEMENT_3D('',#3537,#3538,#3539);
#3537 = CARTESIAN_POINT('',(0.,0.,0.));
#3538 = DIRECTION('',(0.,0.,1.));
#3539 = DIRECTION('',(1.,0.,0.));
#3540 = AXIS2_PLACEMENT_3D('',#3541,#3542,#3543);
#3541 = CARTESIAN_POINT('',(0.,0.,0.));
#3542 = DIRECTION('',(0.,0.,1.));
#3543 = DIRECTION('',(1.,0.,0.));
#3544 = AXIS2_PLACEMENT_3D('',#3545,#3546,#3547);
#3545 = CARTESIAN_POINT('',(0.,0.,0.));
#3546 = DIRECTION('',(0.,0.,1.));
#3547 = DIRECTION('',(1.,0.,0.));
#3548 = ( GEOMETRIC_REPRESENTATION_CONTEXT(3) 
GLOBAL_UNCERTAINTY_ASSIGNED_CONTEXT((#3552)) 
GLOBAL_UNIT_ASSIGNED_CONTEXT((#3549,#3550,#3551)) REPRESENTATION_CONTEXT
('Context #1','3D Context with UNIT and UNCERTAINTY') );
#3549 = ( LENGTH_UNIT() NAMED_UNIT(*) SI_UNIT(.MILLI.,.METRE.) );
#3550 = ( NAMED_UNIT(*) PLANE_ANGLE_UNIT() SI_UNIT($,.RADIAN.) );
#3551 = ( NAMED_UNIT(*) SI_UNIT($,.STERADIAN.) SOLID_ANGLE_UNIT() );
#3552 = UNCERTAINTY_MEASURE_WITH_UNIT(LENGTH_MEASURE(1.E-07),#3549,
  'distance_accuracy_value','confusion accuracy');
#3553 = CONTEXT_DEPENDENT_SHAPE_REPRESENTATION(#3554,#3556);
#3554 = ( REPRESENTATION_RELATIONSHIP('','',#3531,#10) 
REPRESENTATION_RELATIONSHIP_WITH_TRANSFORMATION(#3555) 
SHAPE_REPRESENTATION_RELATIONSHIP() );
#3555 = ITEM_DEFINED_TRANSFORMATION('','',#11,#23);
#3556 = PRODUCT_DEFINITION_SHAPE('Placement','Placement of an item',
  #3557);
#3557 = NEXT_ASSEMBLY_USAGE_OCCURRENCE('12',
  'Schematic components, STEP dimensions','',#5,#3526,$);
#3558 = PRODUCT_RELATED_PRODUCT_CATEGORY('part',$,(#3528));
#3559 = SHAPE_DEFINITION_REPRESENTATION(#3560,#3566);
#3560 = PRODUCT_DEFINITION_SHAPE('','',#3561);
#3561 = PRODUCT_DEFINITION('design','',#3562,#3565);
#3562 = PRODUCT_DEFINITION_FORMATION('','',#3563);
#3563 = PRODUCT('L1 inductor, STEP envelope',
  'L1 inductor, STEP envelope','',(#3564));
#3564 = PRODUCT_CONTEXT('',#2,'mechanical');
#3565 = PRODUCT_DEFINITION_CONTEXT('part definition',#2,'design');
#3566 = ADVANCED_BREP_SHAPE_REPRESENTATION('',(#11,#3567),#3717);
#3567 = MANIFOLD_SOLID_BREP('',#3568);
#3568 = CLOSED_SHELL('',(#3569,#3609,#3649,#3671,#3693,#3705));
#3569 = ADVANCED_FACE('',(#3570),#3604,.F.);
#3570 = FACE_BOUND('',#3571,.F.);
#3571 = EDGE_LOOP('',(#3572,#3582,#3590,#3598));
#3572 = ORIENTED_EDGE('',*,*,#3573,.F.);
#3573 = EDGE_CURVE('',#3574,#3576,#3578,.T.);
#3574 = VERTEX_POINT('',#3575);
#3575 = CARTESIAN_POINT('',(-0.95,0.15,3.7905));
#3576 = VERTEX_POINT('',#3577);
#3577 = CARTESIAN_POINT('',(-0.95,0.15,6.2905));
#3578 = LINE('',#3579,#3580);
#3579 = CARTESIAN_POINT('',(-0.95,0.15,3.7905));
#3580 = VECTOR('',#3581,1.);
#3581 = DIRECTION('',(0.,0.,1.));
#3582 = ORIENTED_EDGE('',*,*,#3583,.T.);
#3583 = EDGE_CURVE('',#3574,#3584,#3586,.T.);
#3584 = VERTEX_POINT('',#3585);
#3585 = CARTESIAN_POINT('',(-0.95,6.65,3.7905));
#3586 = LINE('',#3587,#3588);
#3587 = CARTESIAN_POINT('',(-0.95,0.15,3.7905));
#3588 = VECTOR('',#3589,1.);
#3589 = DIRECTION('',(-0.,1.,0.));
#3590 = ORIENTED_EDGE('',*,*,#3591,.T.);
#3591 = EDGE_CURVE('',#3584,#3592,#3594,.T.);
#3592 = VERTEX_POINT('',#3593);
#3593 = CARTESIAN_POINT('',(-0.95,6.65,6.2905));
#3594 = LINE('',#3595,#3596);
#3595 = CARTESIAN_POINT('',(-0.95,6.65,3.7905));
#3596 = VECTOR('',#3597,1.);
#3597 = DIRECTION('',(0.,0.,1.));
#3598 = ORIENTED_EDGE('',*,*,#3599,.F.);
#3599 = EDGE_CURVE('',#3576,#3592,#3600,.T.);
#3600 = LINE('',#3601,#3602);
#3601 = CARTESIAN_POINT('',(-0.95,0.15,6.2905));
#3602 = VECTOR('',#3603,1.);
#3603 = DIRECTION('',(-0.,1.,0.));
#3604 = PLANE('',#3605);
#3605 = AXIS2_PLACEMENT_3D('',#3606,#3607,#3608);
#3606 = CARTESIAN_POINT('',(-0.95,0.15,3.7905));
#3607 = DIRECTION('',(1.,0.,-0.));
#3608 = DIRECTION('',(0.,0.,1.));
#3609 = ADVANCED_FACE('',(#3610),#3644,.T.);
#3610 = FACE_BOUND('',#3611,.T.);
#3611 = EDGE_LOOP('',(#3612,#3622,#3630,#3638));
#3612 = ORIENTED_EDGE('',*,*,#3613,.F.);
#3613 = EDGE_CURVE('',#3614,#3616,#3618,.T.);
#3614 = VERTEX_POINT('',#3615);
#3615 = CARTESIAN_POINT('',(5.55,0.15,3.7905));
#3616 = VERTEX_POINT('',#3617);
#3617 = CARTESIAN_POINT('',(5.55,0.15,6.2905));
#3618 = LINE('',#3619,#3620);
#3619 = CARTESIAN_POINT('',(5.55,0.15,3.7905));
#3620 = VECTOR('',#3621,1.);
#3621 = DIRECTION('',(0.,0.,1.));
#3622 = ORIENTED_EDGE('',*,*,#3623,.T.);
#3623 = EDGE_CURVE('',#3614,#3624,#3626,.T.);
#3624 = VERTEX_POINT('',#3625);
#3625 = CARTESIAN_POINT('',(5.55,6.65,3.7905));
#3626 = LINE('',#3627,#3628);
#3627 = CARTESIAN_POINT('',(5.55,0.15,3.7905));
#3628 = VECTOR('',#3629,1.);
#3629 = DIRECTION('',(-0.,1.,0.));
#3630 = ORIENTED_EDGE('',*,*,#3631,.T.);
#3631 = EDGE_CURVE('',#3624,#3632,#3634,.T.);
#3632 = VERTEX_POINT('',#3633);
#3633 = CARTESIAN_POINT('',(5.55,6.65,6.2905));
#3634 = LINE('',#3635,#3636);
#3635 = CARTESIAN_POINT('',(5.55,6.65,3.7905));
#3636 = VECTOR('',#3637,1.);
#3637 = DIRECTION('',(0.,0.,1.));
#3638 = ORIENTED_EDGE('',*,*,#3639,.F.);
#3639 = EDGE_CURVE('',#3616,#3632,#3640,.T.);
#3640 = LINE('',#3641,#3642);
#3641 = CARTESIAN_POINT('',(5.55,0.15,6.2905));
#3642 = VECTOR('',#3643,1.);
#3643 = DIRECTION('',(-0.,1.,0.));
#3644 = PLANE('',#3645);
#3645 = AXIS2_PLACEMENT_3D('',#3646,#3647,#3648);
#3646 = CARTESIAN_POINT('',(5.55,0.15,3.7905));
#3647 = DIRECTION('',(1.,0.,-0.));
#3648 = DIRECTION('',(0.,0.,1.));
#3649 = ADVANCED_FACE('',(#3650),#3666,.F.);
#3650 = FACE_BOUND('',#3651,.F.);
#3651 = EDGE_LOOP('',(#3652,#3658,#3659,#3665));
#3652 = ORIENTED_EDGE('',*,*,#3653,.F.);
#3653 = EDGE_CURVE('',#3574,#3614,#3654,.T.);
#3654 = LINE('',#3655,#3656);
#3655 = CARTESIAN_POINT('',(-0.95,0.15,3.7905));
#3656 = VECTOR('',#3657,1.);
#3657 = DIRECTION('',(1.,0.,-0.));
#3658 = ORIENTED_EDGE('',*,*,#3573,.T.);
#3659 = ORIENTED_EDGE('',*,*,#3660,.T.);
#3660 = EDGE_CURVE('',#3576,#3616,#3661,.T.);
#3661 = LINE('',#3662,#3663);
#3662 = CARTESIAN_POINT('',(-0.95,0.15,6.2905));
#3663 = VECTOR('',#3664,1.);
#3664 = DIRECTION('',(1.,0.,-0.));
#3665 = ORIENTED_EDGE('',*,*,#3613,.F.);
#3666 = PLANE('',#3667);
#3667 = AXIS2_PLACEMENT_3D('',#3668,#3669,#3670);
#3668 = CARTESIAN_POINT('',(-0.95,0.15,3.7905));
#3669 = DIRECTION('',(-0.,1.,0.));
#3670 = DIRECTION('',(0.,0.,1.));
#3671 = ADVANCED_FACE('',(#3672),#3688,.T.);
#3672 = FACE_BOUND('',#3673,.T.);
#3673 = EDGE_LOOP('',(#3674,#3680,#3681,#3687));
#3674 = ORIENTED_EDGE('',*,*,#3675,.F.);
#3675 = EDGE_CURVE('',#3584,#3624,#3676,.T.);
#3676 = LINE('',#3677,#3678);
#3677 = CARTESIAN_POINT('',(-0.95,6.65,3.7905));
#3678 = VECTOR('',#3679,1.);
#3679 = DIRECTION('',(1.,0.,-0.));
#3680 = ORIENTED_EDGE('',*,*,#3591,.T.);
#3681 = ORIENTED_EDGE('',*,*,#3682,.T.);
#3682 = EDGE_CURVE('',#3592,#3632,#3683,.T.);
#3683 = LINE('',#3684,#3685);
#3684 = CARTESIAN_POINT('',(-0.95,6.65,6.2905));
#3685 = VECTOR('',#3686,1.);
#3686 = DIRECTION('',(1.,0.,-0.));
#3687 = ORIENTED_EDGE('',*,*,#3631,.F.);
#3688 = PLANE('',#3689);
#3689 = AXIS2_PLACEMENT_3D('',#3690,#3691,#3692);
#3690 = CARTESIAN_POINT('',(-0.95,6.65,3.7905));
#3691 = DIRECTION('',(-0.,1.,0.));
#3692 = DIRECTION('',(0.,0.,1.));
#3693 = ADVANCED_FACE('',(#3694),#3700,.F.);
#3694 = FACE_BOUND('',#3695,.F.);
#3695 = EDGE_LOOP('',(#3696,#3697,#3698,#3699));
#3696 = ORIENTED_EDGE('',*,*,#3583,.F.);
#3697 = ORIENTED_EDGE('',*,*,#3653,.T.);
#3698 = ORIENTED_EDGE('',*,*,#3623,.T.);
#3699 = ORIENTED_EDGE('',*,*,#3675,.F.);
#3700 = PLANE('',#3701);
#3701 = AXIS2_PLACEMENT_3D('',#3702,#3703,#3704);
#3702 = CARTESIAN_POINT('',(-0.95,0.15,3.7905));
#3703 = DIRECTION('',(0.,0.,1.));
#3704 = DIRECTION('',(1.,0.,-0.));
#3705 = ADVANCED_FACE('',(#3706),#3712,.T.);
#3706 = FACE_BOUND('',#3707,.T.);
#3707 = EDGE_LOOP('',(#3708,#3709,#3710,#3711));
#3708 = ORIENTED_EDGE('',*,*,#3599,.F.);
#3709 = ORIENTED_EDGE('',*,*,#3660,.T.);
#3710 = ORIENTED_EDGE('',*,*,#3639,.T.);
#3711 = ORIENTED_EDGE('',*,*,#3682,.F.);
#3712 = PLANE('',#3713);
#3713 = AXIS2_PLACEMENT_3D('',#3714,#3715,#3716);
#3714 = CARTESIAN_POINT('',(-0.95,0.15,6.2905));
#3715 = DIRECTION('',(0.,0.,1.));
#3716 = DIRECTION('',(1.,0.,-0.));
#3717 = ( GEOMETRIC_REPRESENTATION_CONTEXT(3) 
GLOBAL_UNCERTAINTY_ASSIGNED_CONTEXT((#3721)) 
GLOBAL_UNIT_ASSIGNED_CONTEXT((#3718,#3719,#3720)) REPRESENTATION_CONTEXT
('Context #1','3D Context with UNIT and UNCERTAINTY') );
#3718 = ( LENGTH_UNIT() NAMED_UNIT(*) SI_UNIT(.MILLI.,.METRE.) );
#3719 = ( NAMED_UNIT(*) PLANE_ANGLE_UNIT() SI_UNIT($,.RADIAN.) );
#3720 = ( NAMED_UNIT(*) SI_UNIT($,.STERADIAN.) SOLID_ANGLE_UNIT() );
#3721 = UNCERTAINTY_MEASURE_WITH_UNIT(LENGTH_MEASURE(1.E-07),#3718,
  'distance_accuracy_value','confusion accuracy');
#3722 = CONTEXT_DEPENDENT_SHAPE_REPRESENTATION(#3723,#3725);
#3723 = ( REPRESENTATION_RELATIONSHIP('','',#3566,#3531) 
REPRESENTATION_RELATIONSHIP_WITH_TRANSFORMATION(#3724) 
SHAPE_REPRESENTATION_RELATIONSHIP() );
#3724 = ITEM_DEFINED_TRANSFORMATION('','',#11,#3532);
#3725 = PRODUCT_DEFINITION_SHAPE('Placement','Placement of an item',
  #3726);
#3726 = NEXT_ASSEMBLY_USAGE_OCCURRENCE('8','L1 inductor, STEP envelope',
  '',#3526,#3561,$);
#3727 = PRODUCT_RELATED_PRODUCT_CATEGORY('part',$,(#3563));
#3728 = SHAPE_DEFINITION_REPRESENTATION(#3729,#3735);
#3729 = PRODUCT_DEFINITION_SHAPE('','',#3730);
#3730 = PRODUCT_DEFINITION('design','',#3731,#3734);
#3731 = PRODUCT_DEFINITION_FORMATION('','',#3732);
#3732 = PRODUCT('U1 controller, STEP envelope',
  'U1 controller, STEP envelope','',(#3733));
#3733 = PRODUCT_CONTEXT('',#2,'mechanical');
#3734 = PRODUCT_DEFINITION_CONTEXT('part definition',#2,'design');
#3735 = ADVANCED_BREP_SHAPE_REPRESENTATION('',(#11,#3736),#3886);
#3736 = MANIFOLD_SOLID_BREP('',#3737);
#3737 = CLOSED_SHELL('',(#3738,#3778,#3818,#3840,#3862,#3874));
#3738 = ADVANCED_FACE('',(#3739),#3773,.F.);
#3739 = FACE_BOUND('',#3740,.F.);
#3740 = EDGE_LOOP('',(#3741,#3751,#3759,#3767));
#3741 = ORIENTED_EDGE('',*,*,#3742,.F.);
#3742 = EDGE_CURVE('',#3743,#3745,#3747,.T.);
#3743 = VERTEX_POINT('',#3744);
#3744 = CARTESIAN_POINT('',(-2.076547239,-5.985,3.773285677));
#3745 = VERTEX_POINT('',#3746);
#3746 = CARTESIAN_POINT('',(-2.076547239,-5.985,5.539826665));
#3747 = LINE('',#3748,#3749);
#3748 = CARTESIAN_POINT('',(-2.076547239,-5.985,3.773285677));
#3749 = VECTOR('',#3750,1.);
#3750 = DIRECTION('',(0.,0.,1.));
#3751 = ORIENTED_EDGE('',*,*,#3752,.T.);
#3752 = EDGE_CURVE('',#3743,#3753,#3755,.T.);
#3753 = VERTEX_POINT('',#3754);
#3754 = CARTESIAN_POINT('',(-2.076547239,-1.175,3.773285677));
#3755 = LINE('',#3756,#3757);
#3756 = CARTESIAN_POINT('',(-2.076547239,-5.985,3.773285677));
#3757 = VECTOR('',#3758,1.);
#3758 = DIRECTION('',(-0.,1.,0.));
#3759 = ORIENTED_EDGE('',*,*,#3760,.T.);
#3760 = EDGE_CURVE('',#3753,#3761,#3763,.T.);
#3761 = VERTEX_POINT('',#3762);
#3762 = CARTESIAN_POINT('',(-2.076547239,-1.175,5.539826665));
#3763 = LINE('',#3764,#3765);
#3764 = CARTESIAN_POINT('',(-2.076547239,-1.175,3.773285677));
#3765 = VECTOR('',#3766,1.);
#3766 = DIRECTION('',(0.,0.,1.));
#3767 = ORIENTED_EDGE('',*,*,#3768,.F.);
#3768 = EDGE_CURVE('',#3745,#3761,#3769,.T.);
#3769 = LINE('',#3770,#3771);
#3770 = CARTESIAN_POINT('',(-2.076547239,-5.985,5.539826665));
#3771 = VECTOR('',#3772,1.);
#3772 = DIRECTION('',(-0.,1.,0.));
#3773 = PLANE('',#3774);
#3774 = AXIS2_PLACEMENT_3D('',#3775,#3776,#3777);
#3775 = CARTESIAN_POINT('',(-2.076547239,-5.985,3.773285677));
#3776 = DIRECTION('',(1.,0.,-0.));
#3777 = DIRECTION('',(0.,0.,1.));
#3778 = ADVANCED_FACE('',(#3779),#3813,.T.);
#3779 = FACE_BOUND('',#3780,.T.);
#3780 = EDGE_LOOP('',(#3781,#3791,#3799,#3807));
#3781 = ORIENTED_EDGE('',*,*,#3782,.F.);
#3782 = EDGE_CURVE('',#3783,#3785,#3787,.T.);
#3783 = VERTEX_POINT('',#3784);
#3784 = CARTESIAN_POINT('',(4.196425215,-5.985,3.773285677));
#3785 = VERTEX_POINT('',#3786);
#3786 = CARTESIAN_POINT('',(4.196425215,-5.985,5.539826665));
#3787 = LINE('',#3788,#3789);
#3788 = CARTESIAN_POINT('',(4.196425215,-5.985,3.773285677));
#3789 = VECTOR('',#3790,1.);
#3790 = DIRECTION('',(0.,0.,1.));
#3791 = ORIENTED_EDGE('',*,*,#3792,.T.);
#3792 = EDGE_CURVE('',#3783,#3793,#3795,.T.);
#3793 = VERTEX_POINT('',#3794);
#3794 = CARTESIAN_POINT('',(4.196425215,-1.175,3.773285677));
#3795 = LINE('',#3796,#3797);
#3796 = CARTESIAN_POINT('',(4.196425215,-5.985,3.773285677));
#3797 = VECTOR('',#3798,1.);
#3798 = DIRECTION('',(-0.,1.,0.));
#3799 = ORIENTED_EDGE('',*,*,#3800,.T.);
#3800 = EDGE_CURVE('',#3793,#3801,#3803,.T.);
#3801 = VERTEX_POINT('',#3802);
#3802 = CARTESIAN_POINT('',(4.196425215,-1.175,5.539826665));
#3803 = LINE('',#3804,#3805);
#3804 = CARTESIAN_POINT('',(4.196425215,-1.175,3.773285677));
#3805 = VECTOR('',#3806,1.);
#3806 = DIRECTION('',(0.,0.,1.));
#3807 = ORIENTED_EDGE('',*,*,#3808,.F.);
#3808 = EDGE_CURVE('',#3785,#3801,#3809,.T.);
#3809 = LINE('',#3810,#3811);
#3810 = CARTESIAN_POINT('',(4.196425215,-5.985,5.539826665));
#3811 = VECTOR('',#3812,1.);
#3812 = DIRECTION('',(-0.,1.,0.));
#3813 = PLANE('',#3814);
#3814 = AXIS2_PLACEMENT_3D('',#3815,#3816,#3817);
#3815 = CARTESIAN_POINT('',(4.196425215,-5.985,3.773285677));
#3816 = DIRECTION('',(1.,0.,-0.));
#3817 = DIRECTION('',(0.,0.,1.));
#3818 = ADVANCED_FACE('',(#3819),#3835,.F.);
#3819 = FACE_BOUND('',#3820,.F.);
#3820 = EDGE_LOOP('',(#3821,#3827,#3828,#3834));
#3821 = ORIENTED_EDGE('',*,*,#3822,.F.);
#3822 = EDGE_CURVE('',#3743,#3783,#3823,.T.);
#3823 = LINE('',#3824,#3825);
#3824 = CARTESIAN_POINT('',(-2.076547239,-5.985,3.773285677));
#3825 = VECTOR('',#3826,1.);
#3826 = DIRECTION('',(1.,0.,-0.));
#3827 = ORIENTED_EDGE('',*,*,#3742,.T.);
#3828 = ORIENTED_EDGE('',*,*,#3829,.T.);
#3829 = EDGE_CURVE('',#3745,#3785,#3830,.T.);
#3830 = LINE('',#3831,#3832);
#3831 = CARTESIAN_POINT('',(-2.076547239,-5.985,5.539826665));
#3832 = VECTOR('',#3833,1.);
#3833 = DIRECTION('',(1.,0.,-0.));
#3834 = ORIENTED_EDGE('',*,*,#3782,.F.);
#3835 = PLANE('',#3836);
#3836 = AXIS2_PLACEMENT_3D('',#3837,#3838,#3839);
#3837 = CARTESIAN_POINT('',(-2.076547239,-5.985,3.773285677));
#3838 = DIRECTION('',(-0.,1.,0.));
#3839 = DIRECTION('',(0.,0.,1.));
#3840 = ADVANCED_FACE('',(#3841),#3857,.T.);
#3841 = FACE_BOUND('',#3842,.T.);
#3842 = EDGE_LOOP('',(#3843,#3849,#3850,#3856));
#3843 = ORIENTED_EDGE('',*,*,#3844,.F.);
#3844 = EDGE_CURVE('',#3753,#3793,#3845,.T.);
#3845 = LINE('',#3846,#3847);
#3846 = CARTESIAN_POINT('',(-2.076547239,-1.175,3.773285677));
#3847 = VECTOR('',#3848,1.);
#3848 = DIRECTION('',(1.,0.,-0.));
#3849 = ORIENTED_EDGE('',*,*,#3760,.T.);
#3850 = ORIENTED_EDGE('',*,*,#3851,.T.);
#3851 = EDGE_CURVE('',#3761,#3801,#3852,.T.);
#3852 = LINE('',#3853,#3854);
#3853 = CARTESIAN_POINT('',(-2.076547239,-1.175,5.539826665));
#3854 = VECTOR('',#3855,1.);
#3855 = DIRECTION('',(1.,0.,-0.));
#3856 = ORIENTED_EDGE('',*,*,#3800,.F.);
#3857 = PLANE('',#3858);
#3858 = AXIS2_PLACEMENT_3D('',#3859,#3860,#3861);
#3859 = CARTESIAN_POINT('',(-2.076547239,-1.175,3.773285677));
#3860 = DIRECTION('',(-0.,1.,0.));
#3861 = DIRECTION('',(0.,0.,1.));
#3862 = ADVANCED_FACE('',(#3863),#3869,.F.);
#3863 = FACE_BOUND('',#3864,.F.);
#3864 = EDGE_LOOP('',(#3865,#3866,#3867,#3868));
#3865 = ORIENTED_EDGE('',*,*,#3752,.F.);
#3866 = ORIENTED_EDGE('',*,*,#3822,.T.);
#3867 = ORIENTED_EDGE('',*,*,#3792,.T.);
#3868 = ORIENTED_EDGE('',*,*,#3844,.F.);
#3869 = PLANE('',#3870);
#3870 = AXIS2_PLACEMENT_3D('',#3871,#3872,#3873);
#3871 = CARTESIAN_POINT('',(-2.076547239,-5.985,3.773285677));
#3872 = DIRECTION('',(0.,0.,1.));
#3873 = DIRECTION('',(1.,0.,-0.));
#3874 = ADVANCED_FACE('',(#3875),#3881,.T.);
#3875 = FACE_BOUND('',#3876,.T.);
#3876 = EDGE_LOOP('',(#3877,#3878,#3879,#3880));
#3877 = ORIENTED_EDGE('',*,*,#3768,.F.);
#3878 = ORIENTED_EDGE('',*,*,#3829,.T.);
#3879 = ORIENTED_EDGE('',*,*,#3808,.T.);
#3880 = ORIENTED_EDGE('',*,*,#3851,.F.);
#3881 = PLANE('',#3882);
#3882 = AXIS2_PLACEMENT_3D('',#3883,#3884,#3885);
#3883 = CARTESIAN_POINT('',(-2.076547239,-5.985,5.539826665));
#3884 = DIRECTION('',(0.,0.,1.));
#3885 = DIRECTION('',(1.,0.,-0.));
#3886 = ( GEOMETRIC_REPRESENTATION_CONTEXT(3) 
GLOBAL_UNCERTAINTY_ASSIGNED_CONTEXT((#3890)) 
GLOBAL_UNIT_ASSIGNED_CONTEXT((#3887,#3888,#3889)) REPRESENTATION_CONTEXT
('Context #1','3D Context with UNIT and UNCERTAINTY') );
#3887 = ( LENGTH_UNIT() NAMED_UNIT(*) SI_UNIT(.MILLI.,.METRE.) );
#3888 = ( NAMED_UNIT(*) PLANE_ANGLE_UNIT() SI_UNIT($,.RADIAN.) );
#3889 = ( NAMED_UNIT(*) SI_UNIT($,.STERADIAN.) SOLID_ANGLE_UNIT() );
#3890 = UNCERTAINTY_MEASURE_WITH_UNIT(LENGTH_MEASURE(1.E-07),#3887,
  'distance_accuracy_value','confusion accuracy');
#3891 = CONTEXT_DEPENDENT_SHAPE_REPRESENTATION(#3892,#3894);
#3892 = ( REPRESENTATION_RELATIONSHIP('','',#3735,#3531) 
REPRESENTATION_RELATIONSHIP_WITH_TRANSFORMATION(#3893) 
SHAPE_REPRESENTATION_RELATIONSHIP() );
#3893 = ITEM_DEFINED_TRANSFORMATION('','',#11,#3536);
#3894 = PRODUCT_DEFINITION_SHAPE('Placement','Placement of an item',
  #3895);
#3895 = NEXT_ASSEMBLY_USAGE_OCCURRENCE('9',
  'U1 controller, STEP envelope','',#3526,#3730,$);
#3896 = PRODUCT_RELATED_PRODUCT_CATEGORY('part',$,(#3732));
#3897 = SHAPE_DEFINITION_REPRESENTATION(#3898,#3904);
#3898 = PRODUCT_DEFINITION_SHAPE('','',#3899);
#3899 = PRODUCT_DEFINITION('design','',#3900,#3903);
#3900 = PRODUCT_DEFINITION_FORMATION('','',#3901);
#3901 = PRODUCT('RV1 trimmer, STEP envelope',
  'RV1 trimmer, STEP envelope','',(#3902));
#3902 = PRODUCT_CONTEXT('',#2,'mechanical');
#3903 = PRODUCT_DEFINITION_CONTEXT('part definition',#2,'design');
#3904 = SHAPE_REPRESENTATION('',(#11,#3905,#4055),#4108);
#3905 = MANIFOLD_SOLID_BREP('',#3906);
#3906 = CLOSED_SHELL('',(#3907,#3947,#3987,#4009,#4031,#4043));
#3907 = ADVANCED_FACE('',(#3908),#3942,.F.);
#3908 = FACE_BOUND('',#3909,.F.);
#3909 = EDGE_LOOP('',(#3910,#3920,#3928,#3936));
#3910 = ORIENTED_EDGE('',*,*,#3911,.F.);
#3911 = EDGE_CURVE('',#3912,#3914,#3916,.T.);
#3912 = VERTEX_POINT('',#3913);
#3913 = CARTESIAN_POINT('',(-5.65,0.9,3.7905));
#3914 = VERTEX_POINT('',#3915);
#3915 = CARTESIAN_POINT('',(-5.65,0.9,4.6405));
#3916 = LINE('',#3917,#3918);
#3917 = CARTESIAN_POINT('',(-5.65,0.9,3.7905));
#3918 = VECTOR('',#3919,1.);
#3919 = DIRECTION('',(0.,0.,1.));
#3920 = ORIENTED_EDGE('',*,*,#3921,.T.);
#3921 = EDGE_CURVE('',#3912,#3922,#3924,.T.);
#3922 = VERTEX_POINT('',#3923);
#3923 = CARTESIAN_POINT('',(-5.65,4.9,3.7905));
#3924 = LINE('',#3925,#3926);
#3925 = CARTESIAN_POINT('',(-5.65,0.9,3.7905));
#3926 = VECTOR('',#3927,1.);
#3927 = DIRECTION('',(-0.,1.,0.));
#3928 = ORIENTED_EDGE('',*,*,#3929,.T.);
#3929 = EDGE_CURVE('',#3922,#3930,#3932,.T.);
#3930 = VERTEX_POINT('',#3931);
#3931 = CARTESIAN_POINT('',(-5.65,4.9,4.6405));
#3932 = LINE('',#3933,#3934);
#3933 = CARTESIAN_POINT('',(-5.65,4.9,3.7905));
#3934 = VECTOR('',#3935,1.);
#3935 = DIRECTION('',(0.,0.,1.));
#3936 = ORIENTED_EDGE('',*,*,#3937,.F.);
#3937 = EDGE_CURVE('',#3914,#3930,#3938,.T.);
#3938 = LINE('',#3939,#3940);
#3939 = CARTESIAN_POINT('',(-5.65,0.9,4.6405));
#3940 = VECTOR('',#3941,1.);
#3941 = DIRECTION('',(-0.,1.,0.));
#3942 = PLANE('',#3943);
#3943 = AXIS2_PLACEMENT_3D('',#3944,#3945,#3946);
#3944 = CARTESIAN_POINT('',(-5.65,0.9,3.7905));
#3945 = DIRECTION('',(1.,0.,-0.));
#3946 = DIRECTION('',(0.,0.,1.));
#3947 = ADVANCED_FACE('',(#3948),#3982,.T.);
#3948 = FACE_BOUND('',#3949,.T.);
#3949 = EDGE_LOOP('',(#3950,#3960,#3968,#3976));
#3950 = ORIENTED_EDGE('',*,*,#3951,.F.);
#3951 = EDGE_CURVE('',#3952,#3954,#3956,.T.);
#3952 = VERTEX_POINT('',#3953);
#3953 = CARTESIAN_POINT('',(-2.4,0.9,3.7905));
#3954 = VERTEX_POINT('',#3955);
#3955 = CARTESIAN_POINT('',(-2.4,0.9,4.6405));
#3956 = LINE('',#3957,#3958);
#3957 = CARTESIAN_POINT('',(-2.4,0.9,3.7905));
#3958 = VECTOR('',#3959,1.);
#3959 = DIRECTION('',(0.,0.,1.));
#3960 = ORIENTED_EDGE('',*,*,#3961,.T.);
#3961 = EDGE_CURVE('',#3952,#3962,#3964,.T.);
#3962 = VERTEX_POINT('',#3963);
#3963 = CARTESIAN_POINT('',(-2.4,4.9,3.7905));
#3964 = LINE('',#3965,#3966);
#3965 = CARTESIAN_POINT('',(-2.4,0.9,3.7905));
#3966 = VECTOR('',#3967,1.);
#3967 = DIRECTION('',(-0.,1.,0.));
#3968 = ORIENTED_EDGE('',*,*,#3969,.T.);
#3969 = EDGE_CURVE('',#3962,#3970,#3972,.T.);
#3970 = VERTEX_POINT('',#3971);
#3971 = CARTESIAN_POINT('',(-2.4,4.9,4.6405));
#3972 = LINE('',#3973,#3974);
#3973 = CARTESIAN_POINT('',(-2.4,4.9,3.7905));
#3974 = VECTOR('',#3975,1.);
#3975 = DIRECTION('',(0.,0.,1.));
#3976 = ORIENTED_EDGE('',*,*,#3977,.F.);
#3977 = EDGE_CURVE('',#3954,#3970,#3978,.T.);
#3978 = LINE('',#3979,#3980);
#3979 = CARTESIAN_POINT('',(-2.4,0.9,4.6405));
#3980 = VECTOR('',#3981,1.);
#3981 = DIRECTION('',(-0.,1.,0.));
#3982 = PLANE('',#3983);
#3983 = AXIS2_PLACEMENT_3D('',#3984,#3985,#3986);
#3984 = CARTESIAN_POINT('',(-2.4,0.9,3.7905));
#3985 = DIRECTION('',(1.,0.,-0.));
#3986 = DIRECTION('',(0.,0.,1.));
#3987 = ADVANCED_FACE('',(#3988),#4004,.F.);
#3988 = FACE_BOUND('',#3989,.F.);
#3989 = EDGE_LOOP('',(#3990,#3996,#3997,#4003));
#3990 = ORIENTED_EDGE('',*,*,#3991,.F.);
#3991 = EDGE_CURVE('',#3912,#3952,#3992,.T.);
#3992 = LINE('',#3993,#3994);
#3993 = CARTESIAN_POINT('',(-5.65,0.9,3.7905));
#3994 = VECTOR('',#3995,1.);
#3995 = DIRECTION('',(1.,0.,-0.));
#3996 = ORIENTED_EDGE('',*,*,#3911,.T.);
#3997 = ORIENTED_EDGE('',*,*,#3998,.T.);
#3998 = EDGE_CURVE('',#3914,#3954,#3999,.T.);
#3999 = LINE('',#4000,#4001);
#4000 = CARTESIAN_POINT('',(-5.65,0.9,4.6405));
#4001 = VECTOR('',#4002,1.);
#4002 = DIRECTION('',(1.,0.,-0.));
#4003 = ORIENTED_EDGE('',*,*,#3951,.F.);
#4004 = PLANE('',#4005);
#4005 = AXIS2_PLACEMENT_3D('',#4006,#4007,#4008);
#4006 = CARTESIAN_POINT('',(-5.65,0.9,3.7905));
#4007 = DIRECTION('',(-0.,1.,0.));
#4008 = DIRECTION('',(0.,0.,1.));
#4009 = ADVANCED_FACE('',(#4010),#4026,.T.);
#4010 = FACE_BOUND('',#4011,.T.);
#4011 = EDGE_LOOP('',(#4012,#4018,#4019,#4025));
#4012 = ORIENTED_EDGE('',*,*,#4013,.F.);
#4013 = EDGE_CURVE('',#3922,#3962,#4014,.T.);
#4014 = LINE('',#4015,#4016);
#4015 = CARTESIAN_POINT('',(-5.65,4.9,3.7905));
#4016 = VECTOR('',#4017,1.);
#4017 = DIRECTION('',(1.,0.,-0.));
#4018 = ORIENTED_EDGE('',*,*,#3929,.T.);
#4019 = ORIENTED_EDGE('',*,*,#4020,.T.);
#4020 = EDGE_CURVE('',#3930,#3970,#4021,.T.);
#4021 = LINE('',#4022,#4023);
#4022 = CARTESIAN_POINT('',(-5.65,4.9,4.6405));
#4023 = VECTOR('',#4024,1.);
#4024 = DIRECTION('',(1.,0.,-0.));
#4025 = ORIENTED_EDGE('',*,*,#3969,.F.);
#4026 = PLANE('',#4027);
#4027 = AXIS2_PLACEMENT_3D('',#4028,#4029,#4030);
#4028 = CARTESIAN_POINT('',(-5.65,4.9,3.7905));
#4029 = DIRECTION('',(-0.,1.,0.));
#4030 = DIRECTION('',(0.,0.,1.));
#4031 = ADVANCED_FACE('',(#4032),#4038,.F.);
#4032 = FACE_BOUND('',#4033,.F.);
#4033 = EDGE_LOOP('',(#4034,#4035,#4036,#4037));
#4034 = ORIENTED_EDGE('',*,*,#3921,.F.);
#4035 = ORIENTED_EDGE('',*,*,#3991,.T.);
#4036 = ORIENTED_EDGE('',*,*,#3961,.T.);
#4037 = ORIENTED_EDGE('',*,*,#4013,.F.);
#4038 = PLANE('',#4039);
#4039 = AXIS2_PLACEMENT_3D('',#4040,#4041,#4042);
#4040 = CARTESIAN_POINT('',(-5.65,0.9,3.7905));
#4041 = DIRECTION('',(0.,0.,1.));
#4042 = DIRECTION('',(1.,0.,-0.));
#4043 = ADVANCED_FACE('',(#4044),#4050,.T.);
#4044 = FACE_BOUND('',#4045,.T.);
#4045 = EDGE_LOOP('',(#4046,#4047,#4048,#4049));
#4046 = ORIENTED_EDGE('',*,*,#3937,.F.);
#4047 = ORIENTED_EDGE('',*,*,#3998,.T.);
#4048 = ORIENTED_EDGE('',*,*,#3977,.T.);
#4049 = ORIENTED_EDGE('',*,*,#4020,.F.);
#4050 = PLANE('',#4051);
#4051 = AXIS2_PLACEMENT_3D('',#4052,#4053,#4054);
#4052 = CARTESIAN_POINT('',(-5.65,0.9,4.6405));
#4053 = DIRECTION('',(0.,0.,1.));
#4054 = DIRECTION('',(1.,0.,-0.));
#4055 = MANIFOLD_SOLID_BREP('',#4056);
#4056 = CLOSED_SHELL('',(#4057,#4090,#4099));
#4057 = ADVANCED_FACE('',(#4058),#4085,.T.);
#4058 = FACE_BOUND('',#4059,.T.);
#4059 = EDGE_LOOP('',(#4060,#4069,#4077,#4084));
#4060 = ORIENTED_EDGE('',*,*,#4061,.F.);
#4061 = EDGE_CURVE('',#4062,#4062,#4064,.T.);
#4062 = VERTEX_POINT('',#4063);
#4063 = CARTESIAN_POINT('',(-2.4,2.9,4.6405));
#4064 = CIRCLE('',#4065,1.625);
#4065 = AXIS2_PLACEMENT_3D('',#4066,#4067,#4068);
#4066 = CARTESIAN_POINT('',(-4.025,2.9,4.6405));
#4067 = DIRECTION('',(0.,0.,1.));
#4068 = DIRECTION('',(1.,0.,-0.));
#4069 = ORIENTED_EDGE('',*,*,#4070,.F.);
#4070 = EDGE_CURVE('',#4071,#4062,#4073,.T.);
#4071 = VERTEX_POINT('',#4072);
#4072 = CARTESIAN_POINT('',(-2.4,2.9,4.5405));
#4073 = LINE('',#4074,#4075);
#4074 = CARTESIAN_POINT('',(-2.4,2.9,4.5405));
#4075 = VECTOR('',#4076,1.);
#4076 = DIRECTION('',(0.,0.,1.));
#4077 = ORIENTED_EDGE('',*,*,#4078,.T.);
#4078 = EDGE_CURVE('',#4071,#4071,#4079,.T.);
#4079 = CIRCLE('',#4080,1.625);
#4080 = AXIS2_PLACEMENT_3D('',#4081,#4082,#4083);
#4081 = CARTESIAN_POINT('',(-4.025,2.9,4.5405));
#4082 = DIRECTION('',(0.,0.,1.));
#4083 = DIRECTION('',(1.,0.,-0.));
#4084 = ORIENTED_EDGE('',*,*,#4070,.T.);
#4085 = CYLINDRICAL_SURFACE('',#4086,1.625);
#4086 = AXIS2_PLACEMENT_3D('',#4087,#4088,#4089);
#4087 = CARTESIAN_POINT('',(-4.025,2.9,4.5405));
#4088 = DIRECTION('',(0.,0.,1.));
#4089 = DIRECTION('',(1.,0.,-0.));
#4090 = ADVANCED_FACE('',(#4091),#4094,.T.);
#4091 = FACE_BOUND('',#4092,.T.);
#4092 = EDGE_LOOP('',(#4093));
#4093 = ORIENTED_EDGE('',*,*,#4061,.T.);
#4094 = PLANE('',#4095);
#4095 = AXIS2_PLACEMENT_3D('',#4096,#4097,#4098);
#4096 = CARTESIAN_POINT('',(-4.025,2.9,4.6405));
#4097 = DIRECTION('',(0.,0.,1.));
#4098 = DIRECTION('',(1.,0.,-0.));
#4099 = ADVANCED_FACE('',(#4100),#4103,.F.);
#4100 = FACE_BOUND('',#4101,.T.);
#4101 = EDGE_LOOP('',(#4102));
#4102 = ORIENTED_EDGE('',*,*,#4078,.F.);
#4103 = PLANE('',#4104);
#4104 = AXIS2_PLACEMENT_3D('',#4105,#4106,#4107);
#4105 = CARTESIAN_POINT('',(-4.025,2.9,4.5405));
#4106 = DIRECTION('',(0.,0.,1.));
#4107 = DIRECTION('',(1.,0.,-0.));
#4108 = ( GEOMETRIC_REPRESENTATION_CONTEXT(3) 
GLOBAL_UNCERTAINTY_ASSIGNED_CONTEXT((#4112)) 
GLOBAL_UNIT_ASSIGNED_CONTEXT((#4109,#4110,#4111)) REPRESENTATION_CONTEXT
('Context #1','3D Context with UNIT and UNCERTAINTY') );
#4109 = ( LENGTH_UNIT() NAMED_UNIT(*) SI_UNIT(.MILLI.,.METRE.) );
#4110 = ( NAMED_UNIT(*) PLANE_ANGLE_UNIT() SI_UNIT($,.RADIAN.) );
#4111 = ( NAMED_UNIT(*) SI_UNIT($,.STERADIAN.) SOLID_ANGLE_UNIT() );
#4112 = UNCERTAINTY_MEASURE_WITH_UNIT(LENGTH_MEASURE(1.E-07),#4109,
  'distance_accuracy_value','confusion accuracy');
#4113 = CONTEXT_DEPENDENT_SHAPE_REPRESENTATION(#4114,#4116);
#4114 = ( REPRESENTATION_RELATIONSHIP('','',#3904,#3531) 
REPRESENTATION_RELATIONSHIP_WITH_TRANSFORMATION(#4115) 
SHAPE_REPRESENTATION_RELATIONSHIP() );
#4115 = ITEM_DEFINED_TRANSFORMATION('','',#11,#3540);
#4116 = PRODUCT_DEFINITION_SHAPE('Placement','Placement of an item',
  #4117);
#4117 = NEXT_ASSEMBLY_USAGE_OCCURRENCE('10','RV1 trimmer, STEP envelope'
  ,'',#3526,#3899,$);
#4118 = PRODUCT_RELATED_PRODUCT_CATEGORY('part',$,(#3901));
#4119 = SHAPE_DEFINITION_REPRESENTATION(#4120,#4126);
#4120 = PRODUCT_DEFINITION_SHAPE('','',#4121);
#4121 = PRODUCT_DEFINITION('design','',#4122,#4125);
#4122 = PRODUCT_DEFINITION_FORMATION('','',#4123);
#4123 = PRODUCT('Small components, STEP envelopes',
  'Small components, STEP envelopes','',(#4124));
#4124 = PRODUCT_CONTEXT('',#2,'mechanical');
#4125 = PRODUCT_DEFINITION_CONTEXT('part definition',#2,'design');
#4126 = SHAPE_REPRESENTATION('',(#11,#4127,#4277,#4427,#4577,#4727,#4877
    ,#5027,#5177,#5327,#5477,#5627,#5777,#5927,#6077),#6227);
#4127 = MANIFOLD_SOLID_BREP('',#4128);
#4128 = CLOSED_SHELL('',(#4129,#4169,#4209,#4231,#4253,#4265));
#4129 = ADVANCED_FACE('',(#4130),#4164,.F.);
#4130 = FACE_BOUND('',#4131,.F.);
#4131 = EDGE_LOOP('',(#4132,#4142,#4150,#4158));
#4132 = ORIENTED_EDGE('',*,*,#4133,.F.);
#4133 = EDGE_CURVE('',#4134,#4136,#4138,.T.);
#4134 = VERTEX_POINT('',#4135);
#4135 = CARTESIAN_POINT('',(-1.4,-9.,3.7905));
#4136 = VERTEX_POINT('',#4137);
#4137 = CARTESIAN_POINT('',(-1.4,-9.,4.4905));
#4138 = LINE('',#4139,#4140);
#4139 = CARTESIAN_POINT('',(-1.4,-9.,3.7905));
#4140 = VECTOR('',#4141,1.);
#4141 = DIRECTION('',(0.,0.,1.));
#4142 = ORIENTED_EDGE('',*,*,#4143,.T.);
#4143 = EDGE_CURVE('',#4134,#4144,#4146,.T.);
#4144 = VERTEX_POINT('',#4145);
#4145 = CARTESIAN_POINT('',(-1.4,-7.4,3.7905));
#4146 = LINE('',#4147,#4148);
#4147 = CARTESIAN_POINT('',(-1.4,-9.,3.7905));
#4148 = VECTOR('',#4149,1.);
#4149 = DIRECTION('',(-0.,1.,0.));
#4150 = ORIENTED_EDGE('',*,*,#4151,.T.);
#4151 = EDGE_CURVE('',#4144,#4152,#4154,.T.);
#4152 = VERTEX_POINT('',#4153);
#4153 = CARTESIAN_POINT('',(-1.4,-7.4,4.4905));
#4154 = LINE('',#4155,#4156);
#4155 = CARTESIAN_POINT('',(-1.4,-7.4,3.7905));
#4156 = VECTOR('',#4157,1.);
#4157 = DIRECTION('',(0.,0.,1.));
#4158 = ORIENTED_EDGE('',*,*,#4159,.F.);
#4159 = EDGE_CURVE('',#4136,#4152,#4160,.T.);
#4160 = LINE('',#4161,#4162);
#4161 = CARTESIAN_POINT('',(-1.4,-9.,4.4905));
#4162 = VECTOR('',#4163,1.);
#4163 = DIRECTION('',(-0.,1.,0.));
#4164 = PLANE('',#4165);
#4165 = AXIS2_PLACEMENT_3D('',#4166,#4167,#4168);
#4166 = CARTESIAN_POINT('',(-1.4,-9.,3.7905));
#4167 = DIRECTION('',(1.,0.,-0.));
#4168 = DIRECTION('',(0.,0.,1.));
#4169 = ADVANCED_FACE('',(#4170),#4204,.T.);
#4170 = FACE_BOUND('',#4171,.T.);
#4171 = EDGE_LOOP('',(#4172,#4182,#4190,#4198));
#4172 = ORIENTED_EDGE('',*,*,#4173,.F.);
#4173 = EDGE_CURVE('',#4174,#4176,#4178,.T.);
#4174 = VERTEX_POINT('',#4175);
#4175 = CARTESIAN_POINT('',(1.4,-9.,3.7905));
#4176 = VERTEX_POINT('',#4177);
#4177 = CARTESIAN_POINT('',(1.4,-9.,4.4905));
#4178 = LINE('',#4179,#4180);
#4179 = CARTESIAN_POINT('',(1.4,-9.,3.7905));
#4180 = VECTOR('',#4181,1.);
#4181 = DIRECTION('',(0.,0.,1.));
#4182 = ORIENTED_EDGE('',*,*,#4183,.T.);
#4183 = EDGE_CURVE('',#4174,#4184,#4186,.T.);
#4184 = VERTEX_POINT('',#4185);
#4185 = CARTESIAN_POINT('',(1.4,-7.4,3.7905));
#4186 = LINE('',#4187,#4188);
#4187 = CARTESIAN_POINT('',(1.4,-9.,3.7905));
#4188 = VECTOR('',#4189,1.);
#4189 = DIRECTION('',(-0.,1.,0.));
#4190 = ORIENTED_EDGE('',*,*,#4191,.T.);
#4191 = EDGE_CURVE('',#4184,#4192,#4194,.T.);
#4192 = VERTEX_POINT('',#4193);
#4193 = CARTESIAN_POINT('',(1.4,-7.4,4.4905));
#4194 = LINE('',#4195,#4196);
#4195 = CARTESIAN_POINT('',(1.4,-7.4,3.7905));
#4196 = VECTOR('',#4197,1.);
#4197 = DIRECTION('',(0.,0.,1.));
#4198 = ORIENTED_EDGE('',*,*,#4199,.F.);
#4199 = EDGE_CURVE('',#4176,#4192,#4200,.T.);
#4200 = LINE('',#4201,#4202);
#4201 = CARTESIAN_POINT('',(1.4,-9.,4.4905));
#4202 = VECTOR('',#4203,1.);
#4203 = DIRECTION('',(-0.,1.,0.));
#4204 = PLANE('',#4205);
#4205 = AXIS2_PLACEMENT_3D('',#4206,#4207,#4208);
#4206 = CARTESIAN_POINT('',(1.4,-9.,3.7905));
#4207 = DIRECTION('',(1.,0.,-0.));
#4208 = DIRECTION('',(0.,0.,1.));
#4209 = ADVANCED_FACE('',(#4210),#4226,.F.);
#4210 = FACE_BOUND('',#4211,.F.);
#4211 = EDGE_LOOP('',(#4212,#4218,#4219,#4225));
#4212 = ORIENTED_EDGE('',*,*,#4213,.F.);
#4213 = EDGE_CURVE('',#4134,#4174,#4214,.T.);
#4214 = LINE('',#4215,#4216);
#4215 = CARTESIAN_POINT('',(-1.4,-9.,3.7905));
#4216 = VECTOR('',#4217,1.);
#4217 = DIRECTION('',(1.,0.,-0.));
#4218 = ORIENTED_EDGE('',*,*,#4133,.T.);
#4219 = ORIENTED_EDGE('',*,*,#4220,.T.);
#4220 = EDGE_CURVE('',#4136,#4176,#4221,.T.);
#4221 = LINE('',#4222,#4223);
#4222 = CARTESIAN_POINT('',(-1.4,-9.,4.4905));
#4223 = VECTOR('',#4224,1.);
#4224 = DIRECTION('',(1.,0.,-0.));
#4225 = ORIENTED_EDGE('',*,*,#4173,.F.);
#4226 = PLANE('',#4227);
#4227 = AXIS2_PLACEMENT_3D('',#4228,#4229,#4230);
#4228 = CARTESIAN_POINT('',(-1.4,-9.,3.7905));
#4229 = DIRECTION('',(-0.,1.,0.));
#4230 = DIRECTION('',(0.,0.,1.));
#4231 = ADVANCED_FACE('',(#4232),#4248,.T.);
#4232 = FACE_BOUND('',#4233,.T.);
#4233 = EDGE_LOOP('',(#4234,#4240,#4241,#4247));
#4234 = ORIENTED_EDGE('',*,*,#4235,.F.);
#4235 = EDGE_CURVE('',#4144,#4184,#4236,.T.);
#4236 = LINE('',#4237,#4238);
#4237 = CARTESIAN_POINT('',(-1.4,-7.4,3.7905));
#4238 = VECTOR('',#4239,1.);
#4239 = DIRECTION('',(1.,0.,-0.));
#4240 = ORIENTED_EDGE('',*,*,#4151,.T.);
#4241 = ORIENTED_EDGE('',*,*,#4242,.T.);
#4242 = EDGE_CURVE('',#4152,#4192,#4243,.T.);
#4243 = LINE('',#4244,#4245);
#4244 = CARTESIAN_POINT('',(-1.4,-7.4,4.4905));
#4245 = VECTOR('',#4246,1.);
#4246 = DIRECTION('',(1.,0.,-0.));
#4247 = ORIENTED_EDGE('',*,*,#4191,.F.);
#4248 = PLANE('',#4249);
#4249 = AXIS2_PLACEMENT_3D('',#4250,#4251,#4252);
#4250 = CARTESIAN_POINT('',(-1.4,-7.4,3.7905));
#4251 = DIRECTION('',(-0.,1.,0.));
#4252 = DIRECTION('',(0.,0.,1.));
#4253 = ADVANCED_FACE('',(#4254),#4260,.F.);
#4254 = FACE_BOUND('',#4255,.F.);
#4255 = EDGE_LOOP('',(#4256,#4257,#4258,#4259));
#4256 = ORIENTED_EDGE('',*,*,#4143,.F.);
#4257 = ORIENTED_EDGE('',*,*,#4213,.T.);
#4258 = ORIENTED_EDGE('',*,*,#4183,.T.);
#4259 = ORIENTED_EDGE('',*,*,#4235,.F.);
#4260 = PLANE('',#4261);
#4261 = AXIS2_PLACEMENT_3D('',#4262,#4263,#4264);
#4262 = CARTESIAN_POINT('',(-1.4,-9.,3.7905));
#4263 = DIRECTION('',(0.,0.,1.));
#4264 = DIRECTION('',(1.,0.,-0.));
#4265 = ADVANCED_FACE('',(#4266),#4272,.T.);
#4266 = FACE_BOUND('',#4267,.T.);
#4267 = EDGE_LOOP('',(#4268,#4269,#4270,#4271));
#4268 = ORIENTED_EDGE('',*,*,#4159,.F.);
#4269 = ORIENTED_EDGE('',*,*,#4220,.T.);
#4270 = ORIENTED_EDGE('',*,*,#4199,.T.);
#4271 = ORIENTED_EDGE('',*,*,#4242,.F.);
#4272 = PLANE('',#4273);
#4273 = AXIS2_PLACEMENT_3D('',#4274,#4275,#4276);
#4274 = CARTESIAN_POINT('',(-1.4,-9.,4.4905));
#4275 = DIRECTION('',(0.,0.,1.));
#4276 = DIRECTION('',(1.,0.,-0.));
#4277 = MANIFOLD_SOLID_BREP('',#4278);
#4278 = CLOSED_SHELL('',(#4279,#4319,#4359,#4381,#4403,#4415));
#4279 = ADVANCED_FACE('',(#4280),#4314,.F.);
#4280 = FACE_BOUND('',#4281,.F.);
#4281 = EDGE_LOOP('',(#4282,#4292,#4300,#4308));
#4282 = ORIENTED_EDGE('',*,*,#4283,.F.);
#4283 = EDGE_CURVE('',#4284,#4286,#4288,.T.);
#4284 = VERTEX_POINT('',#4285);
#4285 = CARTESIAN_POINT('',(-1.4,7.4,3.7905));
#4286 = VERTEX_POINT('',#4287);
#4287 = CARTESIAN_POINT('',(-1.4,7.4,4.4905));
#4288 = LINE('',#4289,#4290);
#4289 = CARTESIAN_POINT('',(-1.4,7.4,3.7905));
#4290 = VECTOR('',#4291,1.);
#4291 = DIRECTION('',(0.,0.,1.));
#4292 = ORIENTED_EDGE('',*,*,#4293,.T.);
#4293 = EDGE_CURVE('',#4284,#4294,#4296,.T.);
#4294 = VERTEX_POINT('',#4295);
#4295 = CARTESIAN_POINT('',(-1.4,9.,3.7905));
#4296 = LINE('',#4297,#4298);
#4297 = CARTESIAN_POINT('',(-1.4,7.4,3.7905));
#4298 = VECTOR('',#4299,1.);
#4299 = DIRECTION('',(-0.,1.,0.));
#4300 = ORIENTED_EDGE('',*,*,#4301,.T.);
#4301 = EDGE_CURVE('',#4294,#4302,#4304,.T.);
#4302 = VERTEX_POINT('',#4303);
#4303 = CARTESIAN_POINT('',(-1.4,9.,4.4905));
#4304 = LINE('',#4305,#4306);
#4305 = CARTESIAN_POINT('',(-1.4,9.,3.7905));
#4306 = VECTOR('',#4307,1.);
#4307 = DIRECTION('',(0.,0.,1.));
#4308 = ORIENTED_EDGE('',*,*,#4309,.F.);
#4309 = EDGE_CURVE('',#4286,#4302,#4310,.T.);
#4310 = LINE('',#4311,#4312);
#4311 = CARTESIAN_POINT('',(-1.4,7.4,4.4905));
#4312 = VECTOR('',#4313,1.);
#4313 = DIRECTION('',(-0.,1.,0.));
#4314 = PLANE('',#4315);
#4315 = AXIS2_PLACEMENT_3D('',#4316,#4317,#4318);
#4316 = CARTESIAN_POINT('',(-1.4,7.4,3.7905));
#4317 = DIRECTION('',(1.,0.,-0.));
#4318 = DIRECTION('',(0.,0.,1.));
#4319 = ADVANCED_FACE('',(#4320),#4354,.T.);
#4320 = FACE_BOUND('',#4321,.T.);
#4321 = EDGE_LOOP('',(#4322,#4332,#4340,#4348));
#4322 = ORIENTED_EDGE('',*,*,#4323,.F.);
#4323 = EDGE_CURVE('',#4324,#4326,#4328,.T.);
#4324 = VERTEX_POINT('',#4325);
#4325 = CARTESIAN_POINT('',(1.4,7.4,3.7905));
#4326 = VERTEX_POINT('',#4327);
#4327 = CARTESIAN_POINT('',(1.4,7.4,4.4905));
#4328 = LINE('',#4329,#4330);
#4329 = CARTESIAN_POINT('',(1.4,7.4,3.7905));
#4330 = VECTOR('',#4331,1.);
#4331 = DIRECTION('',(0.,0.,1.));
#4332 = ORIENTED_EDGE('',*,*,#4333,.T.);
#4333 = EDGE_CURVE('',#4324,#4334,#4336,.T.);
#4334 = VERTEX_POINT('',#4335);
#4335 = CARTESIAN_POINT('',(1.4,9.,3.7905));
#4336 = LINE('',#4337,#4338);
#4337 = CARTESIAN_POINT('',(1.4,7.4,3.7905));
#4338 = VECTOR('',#4339,1.);
#4339 = DIRECTION('',(-0.,1.,0.));
#4340 = ORIENTED_EDGE('',*,*,#4341,.T.);
#4341 = EDGE_CURVE('',#4334,#4342,#4344,.T.);
#4342 = VERTEX_POINT('',#4343);
#4343 = CARTESIAN_POINT('',(1.4,9.,4.4905));
#4344 = LINE('',#4345,#4346);
#4345 = CARTESIAN_POINT('',(1.4,9.,3.7905));
#4346 = VECTOR('',#4347,1.);
#4347 = DIRECTION('',(0.,0.,1.));
#4348 = ORIENTED_EDGE('',*,*,#4349,.F.);
#4349 = EDGE_CURVE('',#4326,#4342,#4350,.T.);
#4350 = LINE('',#4351,#4352);
#4351 = CARTESIAN_POINT('',(1.4,7.4,4.4905));
#4352 = VECTOR('',#4353,1.);
#4353 = DIRECTION('',(-0.,1.,0.));
#4354 = PLANE('',#4355);
#4355 = AXIS2_PLACEMENT_3D('',#4356,#4357,#4358);
#4356 = CARTESIAN_POINT('',(1.4,7.4,3.7905));
#4357 = DIRECTION('',(1.,0.,-0.));
#4358 = DIRECTION('',(0.,0.,1.));
#4359 = ADVANCED_FACE('',(#4360),#4376,.F.);
#4360 = FACE_BOUND('',#4361,.F.);
#4361 = EDGE_LOOP('',(#4362,#4368,#4369,#4375));
#4362 = ORIENTED_EDGE('',*,*,#4363,.F.);
#4363 = EDGE_CURVE('',#4284,#4324,#4364,.T.);
#4364 = LINE('',#4365,#4366);
#4365 = CARTESIAN_POINT('',(-1.4,7.4,3.7905));
#4366 = VECTOR('',#4367,1.);
#4367 = DIRECTION('',(1.,0.,-0.));
#4368 = ORIENTED_EDGE('',*,*,#4283,.T.);
#4369 = ORIENTED_EDGE('',*,*,#4370,.T.);
#4370 = EDGE_CURVE('',#4286,#4326,#4371,.T.);
#4371 = LINE('',#4372,#4373);
#4372 = CARTESIAN_POINT('',(-1.4,7.4,4.4905));
#4373 = VECTOR('',#4374,1.);
#4374 = DIRECTION('',(1.,0.,-0.));
#4375 = ORIENTED_EDGE('',*,*,#4323,.F.);
#4376 = PLANE('',#4377);
#4377 = AXIS2_PLACEMENT_3D('',#4378,#4379,#4380);
#4378 = CARTESIAN_POINT('',(-1.4,7.4,3.7905));
#4379 = DIRECTION('',(-0.,1.,0.));
#4380 = DIRECTION('',(0.,0.,1.));
#4381 = ADVANCED_FACE('',(#4382),#4398,.T.);
#4382 = FACE_BOUND('',#4383,.T.);
#4383 = EDGE_LOOP('',(#4384,#4390,#4391,#4397));
#4384 = ORIENTED_EDGE('',*,*,#4385,.F.);
#4385 = EDGE_CURVE('',#4294,#4334,#4386,.T.);
#4386 = LINE('',#4387,#4388);
#4387 = CARTESIAN_POINT('',(-1.4,9.,3.7905));
#4388 = VECTOR('',#4389,1.);
#4389 = DIRECTION('',(1.,0.,-0.));
#4390 = ORIENTED_EDGE('',*,*,#4301,.T.);
#4391 = ORIENTED_EDGE('',*,*,#4392,.T.);
#4392 = EDGE_CURVE('',#4302,#4342,#4393,.T.);
#4393 = LINE('',#4394,#4395);
#4394 = CARTESIAN_POINT('',(-1.4,9.,4.4905));
#4395 = VECTOR('',#4396,1.);
#4396 = DIRECTION('',(1.,0.,-0.));
#4397 = ORIENTED_EDGE('',*,*,#4341,.F.);
#4398 = PLANE('',#4399);
#4399 = AXIS2_PLACEMENT_3D('',#4400,#4401,#4402);
#4400 = CARTESIAN_POINT('',(-1.4,9.,3.7905));
#4401 = DIRECTION('',(-0.,1.,0.));
#4402 = DIRECTION('',(0.,0.,1.));
#4403 = ADVANCED_FACE('',(#4404),#4410,.F.);
#4404 = FACE_BOUND('',#4405,.F.);
#4405 = EDGE_LOOP('',(#4406,#4407,#4408,#4409));
#4406 = ORIENTED_EDGE('',*,*,#4293,.F.);
#4407 = ORIENTED_EDGE('',*,*,#4363,.T.);
#4408 = ORIENTED_EDGE('',*,*,#4333,.T.);
#4409 = ORIENTED_EDGE('',*,*,#4385,.F.);
#4410 = PLANE('',#4411);
#4411 = AXIS2_PLACEMENT_3D('',#4412,#4413,#4414);
#4412 = CARTESIAN_POINT('',(-1.4,7.4,3.7905));
#4413 = DIRECTION('',(0.,0.,1.));
#4414 = DIRECTION('',(1.,0.,-0.));
#4415 = ADVANCED_FACE('',(#4416),#4422,.T.);
#4416 = FACE_BOUND('',#4417,.T.);
#4417 = EDGE_LOOP('',(#4418,#4419,#4420,#4421));
#4418 = ORIENTED_EDGE('',*,*,#4309,.F.);
#4419 = ORIENTED_EDGE('',*,*,#4370,.T.);
#4420 = ORIENTED_EDGE('',*,*,#4349,.T.);
#4421 = ORIENTED_EDGE('',*,*,#4392,.F.);
#4422 = PLANE('',#4423);
#4423 = AXIS2_PLACEMENT_3D('',#4424,#4425,#4426);
#4424 = CARTESIAN_POINT('',(-1.4,7.4,4.4905));
#4425 = DIRECTION('',(0.,0.,1.));
#4426 = DIRECTION('',(1.,0.,-0.));
#4427 = MANIFOLD_SOLID_BREP('',#4428);
#4428 = CLOSED_SHELL('',(#4429,#4469,#4509,#4531,#4553,#4565));
#4429 = ADVANCED_FACE('',(#4430),#4464,.F.);
#4430 = FACE_BOUND('',#4431,.F.);
#4431 = EDGE_LOOP('',(#4432,#4442,#4450,#4458));
#4432 = ORIENTED_EDGE('',*,*,#4433,.F.);
#4433 = EDGE_CURVE('',#4434,#4436,#4438,.T.);
#4434 = VERTEX_POINT('',#4435);
#4435 = CARTESIAN_POINT('',(-5.,-6.9,3.7905));
#4436 = VERTEX_POINT('',#4437);
#4437 = CARTESIAN_POINT('',(-5.,-6.9,4.2905));
#4438 = LINE('',#4439,#4440);
#4439 = CARTESIAN_POINT('',(-5.,-6.9,3.7905));
#4440 = VECTOR('',#4441,1.);
#4441 = DIRECTION('',(0.,0.,1.));
#4442 = ORIENTED_EDGE('',*,*,#4443,.T.);
#4443 = EDGE_CURVE('',#4434,#4444,#4446,.T.);
#4444 = VERTEX_POINT('',#4445);
#4445 = CARTESIAN_POINT('',(-5.,-6.400056633,3.7905));
#4446 = LINE('',#4447,#4448);
#4447 = CARTESIAN_POINT('',(-5.,-6.9,3.7905));
#4448 = VECTOR('',#4449,1.);
#4449 = DIRECTION('',(-0.,1.,0.));
#4450 = ORIENTED_EDGE('',*,*,#4451,.T.);
#4451 = EDGE_CURVE('',#4444,#4452,#4454,.T.);
#4452 = VERTEX_POINT('',#4453);
#4453 = CARTESIAN_POINT('',(-5.,-6.400056633,4.2905));
#4454 = LINE('',#4455,#4456);
#4455 = CARTESIAN_POINT('',(-5.,-6.400056633,3.7905));
#4456 = VECTOR('',#4457,1.);
#4457 = DIRECTION('',(0.,0.,1.));
#4458 = ORIENTED_EDGE('',*,*,#4459,.F.);
#4459 = EDGE_CURVE('',#4436,#4452,#4460,.T.);
#4460 = LINE('',#4461,#4462);
#4461 = CARTESIAN_POINT('',(-5.,-6.9,4.2905));
#4462 = VECTOR('',#4463,1.);
#4463 = DIRECTION('',(-0.,1.,0.));
#4464 = PLANE('',#4465);
#4465 = AXIS2_PLACEMENT_3D('',#4466,#4467,#4468);
#4466 = CARTESIAN_POINT('',(-5.,-6.9,3.7905));
#4467 = DIRECTION('',(1.,0.,-0.));
#4468 = DIRECTION('',(0.,0.,1.));
#4469 = ADVANCED_FACE('',(#4470),#4504,.T.);
#4470 = FACE_BOUND('',#4471,.T.);
#4471 = EDGE_LOOP('',(#4472,#4482,#4490,#4498));
#4472 = ORIENTED_EDGE('',*,*,#4473,.F.);
#4473 = EDGE_CURVE('',#4474,#4476,#4478,.T.);
#4474 = VERTEX_POINT('',#4475);
#4475 = CARTESIAN_POINT('',(-4.8,-6.9,3.7905));
#4476 = VERTEX_POINT('',#4477);
#4477 = CARTESIAN_POINT('',(-4.8,-6.9,4.2905));
#4478 = LINE('',#4479,#4480);
#4479 = CARTESIAN_POINT('',(-4.8,-6.9,3.7905));
#4480 = VECTOR('',#4481,1.);
#4481 = DIRECTION('',(0.,0.,1.));
#4482 = ORIENTED_EDGE('',*,*,#4483,.T.);
#4483 = EDGE_CURVE('',#4474,#4484,#4486,.T.);
#4484 = VERTEX_POINT('',#4485);
#4485 = CARTESIAN_POINT('',(-4.8,-6.400056633,3.7905));
#4486 = LINE('',#4487,#4488);
#4487 = CARTESIAN_POINT('',(-4.8,-6.9,3.7905));
#4488 = VECTOR('',#4489,1.);
#4489 = DIRECTION('',(-0.,1.,0.));
#4490 = ORIENTED_EDGE('',*,*,#4491,.T.);
#4491 = EDGE_CURVE('',#4484,#4492,#4494,.T.);
#4492 = VERTEX_POINT('',#4493);
#4493 = CARTESIAN_POINT('',(-4.8,-6.400056633,4.2905));
#4494 = LINE('',#4495,#4496);
#4495 = CARTESIAN_POINT('',(-4.8,-6.400056633,3.7905));
#4496 = VECTOR('',#4497,1.);
#4497 = DIRECTION('',(0.,0.,1.));
#4498 = ORIENTED_EDGE('',*,*,#4499,.F.);
#4499 = EDGE_CURVE('',#4476,#4492,#4500,.T.);
#4500 = LINE('',#4501,#4502);
#4501 = CARTESIAN_POINT('',(-4.8,-6.9,4.2905));
#4502 = VECTOR('',#4503,1.);
#4503 = DIRECTION('',(-0.,1.,0.));
#4504 = PLANE('',#4505);
#4505 = AXIS2_PLACEMENT_3D('',#4506,#4507,#4508);
#4506 = CARTESIAN_POINT('',(-4.8,-6.9,3.7905));
#4507 = DIRECTION('',(1.,0.,-0.));
#4508 = DIRECTION('',(0.,0.,1.));
#4509 = ADVANCED_FACE('',(#4510),#4526,.F.);
#4510 = FACE_BOUND('',#4511,.F.);
#4511 = EDGE_LOOP('',(#4512,#4518,#4519,#4525));
#4512 = ORIENTED_EDGE('',*,*,#4513,.F.);
#4513 = EDGE_CURVE('',#4434,#4474,#4514,.T.);
#4514 = LINE('',#4515,#4516);
#4515 = CARTESIAN_POINT('',(-5.,-6.9,3.7905));
#4516 = VECTOR('',#4517,1.);
#4517 = DIRECTION('',(1.,0.,-0.));
#4518 = ORIENTED_EDGE('',*,*,#4433,.T.);
#4519 = ORIENTED_EDGE('',*,*,#4520,.T.);
#4520 = EDGE_CURVE('',#4436,#4476,#4521,.T.);
#4521 = LINE('',#4522,#4523);
#4522 = CARTESIAN_POINT('',(-5.,-6.9,4.2905));
#4523 = VECTOR('',#4524,1.);
#4524 = DIRECTION('',(1.,0.,-0.));
#4525 = ORIENTED_EDGE('',*,*,#4473,.F.);
#4526 = PLANE('',#4527);
#4527 = AXIS2_PLACEMENT_3D('',#4528,#4529,#4530);
#4528 = CARTESIAN_POINT('',(-5.,-6.9,3.7905));
#4529 = DIRECTION('',(-0.,1.,0.));
#4530 = DIRECTION('',(0.,0.,1.));
#4531 = ADVANCED_FACE('',(#4532),#4548,.T.);
#4532 = FACE_BOUND('',#4533,.T.);
#4533 = EDGE_LOOP('',(#4534,#4540,#4541,#4547));
#4534 = ORIENTED_EDGE('',*,*,#4535,.F.);
#4535 = EDGE_CURVE('',#4444,#4484,#4536,.T.);
#4536 = LINE('',#4537,#4538);
#4537 = CARTESIAN_POINT('',(-5.,-6.400056633,3.7905));
#4538 = VECTOR('',#4539,1.);
#4539 = DIRECTION('',(1.,0.,-0.));
#4540 = ORIENTED_EDGE('',*,*,#4451,.T.);
#4541 = ORIENTED_EDGE('',*,*,#4542,.T.);
#4542 = EDGE_CURVE('',#4452,#4492,#4543,.T.);
#4543 = LINE('',#4544,#4545);
#4544 = CARTESIAN_POINT('',(-5.,-6.400056633,4.2905));
#4545 = VECTOR('',#4546,1.);
#4546 = DIRECTION('',(1.,0.,-0.));
#4547 = ORIENTED_EDGE('',*,*,#4491,.F.);
#4548 = PLANE('',#4549);
#4549 = AXIS2_PLACEMENT_3D('',#4550,#4551,#4552);
#4550 = CARTESIAN_POINT('',(-5.,-6.400056633,3.7905));
#4551 = DIRECTION('',(-0.,1.,0.));
#4552 = DIRECTION('',(0.,0.,1.));
#4553 = ADVANCED_FACE('',(#4554),#4560,.F.);
#4554 = FACE_BOUND('',#4555,.F.);
#4555 = EDGE_LOOP('',(#4556,#4557,#4558,#4559));
#4556 = ORIENTED_EDGE('',*,*,#4443,.F.);
#4557 = ORIENTED_EDGE('',*,*,#4513,.T.);
#4558 = ORIENTED_EDGE('',*,*,#4483,.T.);
#4559 = ORIENTED_EDGE('',*,*,#4535,.F.);
#4560 = PLANE('',#4561);
#4561 = AXIS2_PLACEMENT_3D('',#4562,#4563,#4564);
#4562 = CARTESIAN_POINT('',(-5.,-6.9,3.7905));
#4563 = DIRECTION('',(0.,0.,1.));
#4564 = DIRECTION('',(1.,0.,-0.));
#4565 = ADVANCED_FACE('',(#4566),#4572,.T.);
#4566 = FACE_BOUND('',#4567,.T.);
#4567 = EDGE_LOOP('',(#4568,#4569,#4570,#4571));
#4568 = ORIENTED_EDGE('',*,*,#4459,.F.);
#4569 = ORIENTED_EDGE('',*,*,#4520,.T.);
#4570 = ORIENTED_EDGE('',*,*,#4499,.T.);
#4571 = ORIENTED_EDGE('',*,*,#4542,.F.);
#4572 = PLANE('',#4573);
#4573 = AXIS2_PLACEMENT_3D('',#4574,#4575,#4576);
#4574 = CARTESIAN_POINT('',(-5.,-6.9,4.2905));
#4575 = DIRECTION('',(0.,0.,1.));
#4576 = DIRECTION('',(1.,0.,-0.));
#4577 = MANIFOLD_SOLID_BREP('',#4578);
#4578 = CLOSED_SHELL('',(#4579,#4619,#4659,#4681,#4703,#4715));
#4579 = ADVANCED_FACE('',(#4580),#4614,.F.);
#4580 = FACE_BOUND('',#4581,.F.);
#4581 = EDGE_LOOP('',(#4582,#4592,#4600,#4608));
#4582 = ORIENTED_EDGE('',*,*,#4583,.F.);
#4583 = EDGE_CURVE('',#4584,#4586,#4588,.T.);
#4584 = VERTEX_POINT('',#4585);
#4585 = CARTESIAN_POINT('',(-3.8,-6.9,3.7905));
#4586 = VERTEX_POINT('',#4587);
#4587 = CARTESIAN_POINT('',(-3.8,-6.9,4.2905));
#4588 = LINE('',#4589,#4590);
#4589 = CARTESIAN_POINT('',(-3.8,-6.9,3.7905));
#4590 = VECTOR('',#4591,1.);
#4591 = DIRECTION('',(0.,0.,1.));
#4592 = ORIENTED_EDGE('',*,*,#4593,.T.);
#4593 = EDGE_CURVE('',#4584,#4594,#4596,.T.);
#4594 = VERTEX_POINT('',#4595);
#4595 = CARTESIAN_POINT('',(-3.8,-6.400056633,3.7905));
#4596 = LINE('',#4597,#4598);
#4597 = CARTESIAN_POINT('',(-3.8,-6.9,3.7905));
#4598 = VECTOR('',#4599,1.);
#4599 = DIRECTION('',(-0.,1.,0.));
#4600 = ORIENTED_EDGE('',*,*,#4601,.T.);
#4601 = EDGE_CURVE('',#4594,#4602,#4604,.T.);
#4602 = VERTEX_POINT('',#4603);
#4603 = CARTESIAN_POINT('',(-3.8,-6.400056633,4.2905));
#4604 = LINE('',#4605,#4606);
#4605 = CARTESIAN_POINT('',(-3.8,-6.400056633,3.7905));
#4606 = VECTOR('',#4607,1.);
#4607 = DIRECTION('',(0.,0.,1.));
#4608 = ORIENTED_EDGE('',*,*,#4609,.F.);
#4609 = EDGE_CURVE('',#4586,#4602,#4610,.T.);
#4610 = LINE('',#4611,#4612);
#4611 = CARTESIAN_POINT('',(-3.8,-6.9,4.2905));
#4612 = VECTOR('',#4613,1.);
#4613 = DIRECTION('',(-0.,1.,0.));
#4614 = PLANE('',#4615);
#4615 = AXIS2_PLACEMENT_3D('',#4616,#4617,#4618);
#4616 = CARTESIAN_POINT('',(-3.8,-6.9,3.7905));
#4617 = DIRECTION('',(1.,0.,-0.));
#4618 = DIRECTION('',(0.,0.,1.));
#4619 = ADVANCED_FACE('',(#4620),#4654,.T.);
#4620 = FACE_BOUND('',#4621,.T.);
#4621 = EDGE_LOOP('',(#4622,#4632,#4640,#4648));
#4622 = ORIENTED_EDGE('',*,*,#4623,.F.);
#4623 = EDGE_CURVE('',#4624,#4626,#4628,.T.);
#4624 = VERTEX_POINT('',#4625);
#4625 = CARTESIAN_POINT('',(-3.6,-6.9,3.7905));
#4626 = VERTEX_POINT('',#4627);
#4627 = CARTESIAN_POINT('',(-3.6,-6.9,4.2905));
#4628 = LINE('',#4629,#4630);
#4629 = CARTESIAN_POINT('',(-3.6,-6.9,3.7905));
#4630 = VECTOR('',#4631,1.);
#4631 = DIRECTION('',(0.,0.,1.));
#4632 = ORIENTED_EDGE('',*,*,#4633,.T.);
#4633 = EDGE_CURVE('',#4624,#4634,#4636,.T.);
#4634 = VERTEX_POINT('',#4635);
#4635 = CARTESIAN_POINT('',(-3.6,-6.400056633,3.7905));
#4636 = LINE('',#4637,#4638);
#4637 = CARTESIAN_POINT('',(-3.6,-6.9,3.7905));
#4638 = VECTOR('',#4639,1.);
#4639 = DIRECTION('',(-0.,1.,0.));
#4640 = ORIENTED_EDGE('',*,*,#4641,.T.);
#4641 = EDGE_CURVE('',#4634,#4642,#4644,.T.);
#4642 = VERTEX_POINT('',#4643);
#4643 = CARTESIAN_POINT('',(-3.6,-6.400056633,4.2905));
#4644 = LINE('',#4645,#4646);
#4645 = CARTESIAN_POINT('',(-3.6,-6.400056633,3.7905));
#4646 = VECTOR('',#4647,1.);
#4647 = DIRECTION('',(0.,0.,1.));
#4648 = ORIENTED_EDGE('',*,*,#4649,.F.);
#4649 = EDGE_CURVE('',#4626,#4642,#4650,.T.);
#4650 = LINE('',#4651,#4652);
#4651 = CARTESIAN_POINT('',(-3.6,-6.9,4.2905));
#4652 = VECTOR('',#4653,1.);
#4653 = DIRECTION('',(-0.,1.,0.));
#4654 = PLANE('',#4655);
#4655 = AXIS2_PLACEMENT_3D('',#4656,#4657,#4658);
#4656 = CARTESIAN_POINT('',(-3.6,-6.9,3.7905));
#4657 = DIRECTION('',(1.,0.,-0.));
#4658 = DIRECTION('',(0.,0.,1.));
#4659 = ADVANCED_FACE('',(#4660),#4676,.F.);
#4660 = FACE_BOUND('',#4661,.F.);
#4661 = EDGE_LOOP('',(#4662,#4668,#4669,#4675));
#4662 = ORIENTED_EDGE('',*,*,#4663,.F.);
#4663 = EDGE_CURVE('',#4584,#4624,#4664,.T.);
#4664 = LINE('',#4665,#4666);
#4665 = CARTESIAN_POINT('',(-3.8,-6.9,3.7905));
#4666 = VECTOR('',#4667,1.);
#4667 = DIRECTION('',(1.,0.,-0.));
#4668 = ORIENTED_EDGE('',*,*,#4583,.T.);
#4669 = ORIENTED_EDGE('',*,*,#4670,.T.);
#4670 = EDGE_CURVE('',#4586,#4626,#4671,.T.);
#4671 = LINE('',#4672,#4673);
#4672 = CARTESIAN_POINT('',(-3.8,-6.9,4.2905));
#4673 = VECTOR('',#4674,1.);
#4674 = DIRECTION('',(1.,0.,-0.));
#4675 = ORIENTED_EDGE('',*,*,#4623,.F.);
#4676 = PLANE('',#4677);
#4677 = AXIS2_PLACEMENT_3D('',#4678,#4679,#4680);
#4678 = CARTESIAN_POINT('',(-3.8,-6.9,3.7905));
#4679 = DIRECTION('',(-0.,1.,0.));
#4680 = DIRECTION('',(0.,0.,1.));
#4681 = ADVANCED_FACE('',(#4682),#4698,.T.);
#4682 = FACE_BOUND('',#4683,.T.);
#4683 = EDGE_LOOP('',(#4684,#4690,#4691,#4697));
#4684 = ORIENTED_EDGE('',*,*,#4685,.F.);
#4685 = EDGE_CURVE('',#4594,#4634,#4686,.T.);
#4686 = LINE('',#4687,#4688);
#4687 = CARTESIAN_POINT('',(-3.8,-6.400056633,3.7905));
#4688 = VECTOR('',#4689,1.);
#4689 = DIRECTION('',(1.,0.,-0.));
#4690 = ORIENTED_EDGE('',*,*,#4601,.T.);
#4691 = ORIENTED_EDGE('',*,*,#4692,.T.);
#4692 = EDGE_CURVE('',#4602,#4642,#4693,.T.);
#4693 = LINE('',#4694,#4695);
#4694 = CARTESIAN_POINT('',(-3.8,-6.400056633,4.2905));
#4695 = VECTOR('',#4696,1.);
#4696 = DIRECTION('',(1.,0.,-0.));
#4697 = ORIENTED_EDGE('',*,*,#4641,.F.);
#4698 = PLANE('',#4699);
#4699 = AXIS2_PLACEMENT_3D('',#4700,#4701,#4702);
#4700 = CARTESIAN_POINT('',(-3.8,-6.400056633,3.7905));
#4701 = DIRECTION('',(-0.,1.,0.));
#4702 = DIRECTION('',(0.,0.,1.));
#4703 = ADVANCED_FACE('',(#4704),#4710,.F.);
#4704 = FACE_BOUND('',#4705,.F.);
#4705 = EDGE_LOOP('',(#4706,#4707,#4708,#4709));
#4706 = ORIENTED_EDGE('',*,*,#4593,.F.);
#4707 = ORIENTED_EDGE('',*,*,#4663,.T.);
#4708 = ORIENTED_EDGE('',*,*,#4633,.T.);
#4709 = ORIENTED_EDGE('',*,*,#4685,.F.);
#4710 = PLANE('',#4711);
#4711 = AXIS2_PLACEMENT_3D('',#4712,#4713,#4714);
#4712 = CARTESIAN_POINT('',(-3.8,-6.9,3.7905));
#4713 = DIRECTION('',(0.,0.,1.));
#4714 = DIRECTION('',(1.,0.,-0.));
#4715 = ADVANCED_FACE('',(#4716),#4722,.T.);
#4716 = FACE_BOUND('',#4717,.T.);
#4717 = EDGE_LOOP('',(#4718,#4719,#4720,#4721));
#4718 = ORIENTED_EDGE('',*,*,#4609,.F.);
#4719 = ORIENTED_EDGE('',*,*,#4670,.T.);
#4720 = ORIENTED_EDGE('',*,*,#4649,.T.);
#4721 = ORIENTED_EDGE('',*,*,#4692,.F.);
#4722 = PLANE('',#4723);
#4723 = AXIS2_PLACEMENT_3D('',#4724,#4725,#4726);
#4724 = CARTESIAN_POINT('',(-3.8,-6.9,4.2905));
#4725 = DIRECTION('',(0.,0.,1.));
#4726 = DIRECTION('',(1.,0.,-0.));
#4727 = MANIFOLD_SOLID_BREP('',#4728);
#4728 = CLOSED_SHELL('',(#4729,#4769,#4809,#4831,#4853,#4865));
#4729 = ADVANCED_FACE('',(#4730),#4764,.F.);
#4730 = FACE_BOUND('',#4731,.F.);
#4731 = EDGE_LOOP('',(#4732,#4742,#4750,#4758));
#4732 = ORIENTED_EDGE('',*,*,#4733,.F.);
#4733 = EDGE_CURVE('',#4734,#4736,#4738,.T.);
#4734 = VERTEX_POINT('',#4735);
#4735 = CARTESIAN_POINT('',(-3.8,-3.9,3.7905));
#4736 = VERTEX_POINT('',#4737);
#4737 = CARTESIAN_POINT('',(-3.8,-3.9,4.2905));
#4738 = LINE('',#4739,#4740);
#4739 = CARTESIAN_POINT('',(-3.8,-3.9,3.7905));
#4740 = VECTOR('',#4741,1.);
#4741 = DIRECTION('',(0.,0.,1.));
#4742 = ORIENTED_EDGE('',*,*,#4743,.T.);
#4743 = EDGE_CURVE('',#4734,#4744,#4746,.T.);
#4744 = VERTEX_POINT('',#4745);
#4745 = CARTESIAN_POINT('',(-3.8,-3.400056633,3.7905));
#4746 = LINE('',#4747,#4748);
#4747 = CARTESIAN_POINT('',(-3.8,-3.9,3.7905));
#4748 = VECTOR('',#4749,1.);
#4749 = DIRECTION('',(-0.,1.,0.));
#4750 = ORIENTED_EDGE('',*,*,#4751,.T.);
#4751 = EDGE_CURVE('',#4744,#4752,#4754,.T.);
#4752 = VERTEX_POINT('',#4753);
#4753 = CARTESIAN_POINT('',(-3.8,-3.400056633,4.2905));
#4754 = LINE('',#4755,#4756);
#4755 = CARTESIAN_POINT('',(-3.8,-3.400056633,3.7905));
#4756 = VECTOR('',#4757,1.);
#4757 = DIRECTION('',(0.,0.,1.));
#4758 = ORIENTED_EDGE('',*,*,#4759,.F.);
#4759 = EDGE_CURVE('',#4736,#4752,#4760,.T.);
#4760 = LINE('',#4761,#4762);
#4761 = CARTESIAN_POINT('',(-3.8,-3.9,4.2905));
#4762 = VECTOR('',#4763,1.);
#4763 = DIRECTION('',(-0.,1.,0.));
#4764 = PLANE('',#4765);
#4765 = AXIS2_PLACEMENT_3D('',#4766,#4767,#4768);
#4766 = CARTESIAN_POINT('',(-3.8,-3.9,3.7905));
#4767 = DIRECTION('',(1.,0.,-0.));
#4768 = DIRECTION('',(0.,0.,1.));
#4769 = ADVANCED_FACE('',(#4770),#4804,.T.);
#4770 = FACE_BOUND('',#4771,.T.);
#4771 = EDGE_LOOP('',(#4772,#4782,#4790,#4798));
#4772 = ORIENTED_EDGE('',*,*,#4773,.F.);
#4773 = EDGE_CURVE('',#4774,#4776,#4778,.T.);
#4774 = VERTEX_POINT('',#4775);
#4775 = CARTESIAN_POINT('',(-3.6,-3.9,3.7905));
#4776 = VERTEX_POINT('',#4777);
#4777 = CARTESIAN_POINT('',(-3.6,-3.9,4.2905));
#4778 = LINE('',#4779,#4780);
#4779 = CARTESIAN_POINT('',(-3.6,-3.9,3.7905));
#4780 = VECTOR('',#4781,1.);
#4781 = DIRECTION('',(0.,0.,1.));
#4782 = ORIENTED_EDGE('',*,*,#4783,.T.);
#4783 = EDGE_CURVE('',#4774,#4784,#4786,.T.);
#4784 = VERTEX_POINT('',#4785);
#4785 = CARTESIAN_POINT('',(-3.6,-3.400056633,3.7905));
#4786 = LINE('',#4787,#4788);
#4787 = CARTESIAN_POINT('',(-3.6,-3.9,3.7905));
#4788 = VECTOR('',#4789,1.);
#4789 = DIRECTION('',(-0.,1.,0.));
#4790 = ORIENTED_EDGE('',*,*,#4791,.T.);
#4791 = EDGE_CURVE('',#4784,#4792,#4794,.T.);
#4792 = VERTEX_POINT('',#4793);
#4793 = CARTESIAN_POINT('',(-3.6,-3.400056633,4.2905));
#4794 = LINE('',#4795,#4796);
#4795 = CARTESIAN_POINT('',(-3.6,-3.400056633,3.7905));
#4796 = VECTOR('',#4797,1.);
#4797 = DIRECTION('',(0.,0.,1.));
#4798 = ORIENTED_EDGE('',*,*,#4799,.F.);
#4799 = EDGE_CURVE('',#4776,#4792,#4800,.T.);
#4800 = LINE('',#4801,#4802);
#4801 = CARTESIAN_POINT('',(-3.6,-3.9,4.2905));
#4802 = VECTOR('',#4803,1.);
#4803 = DIRECTION('',(-0.,1.,0.));
#4804 = PLANE('',#4805);
#4805 = AXIS2_PLACEMENT_3D('',#4806,#4807,#4808);
#4806 = CARTESIAN_POINT('',(-3.6,-3.9,3.7905));
#4807 = DIRECTION('',(1.,0.,-0.));
#4808 = DIRECTION('',(0.,0.,1.));
#4809 = ADVANCED_FACE('',(#4810),#4826,.F.);
#4810 = FACE_BOUND('',#4811,.F.);
#4811 = EDGE_LOOP('',(#4812,#4818,#4819,#4825));
#4812 = ORIENTED_EDGE('',*,*,#4813,.F.);
#4813 = EDGE_CURVE('',#4734,#4774,#4814,.T.);
#4814 = LINE('',#4815,#4816);
#4815 = CARTESIAN_POINT('',(-3.8,-3.9,3.7905));
#4816 = VECTOR('',#4817,1.);
#4817 = DIRECTION('',(1.,0.,-0.));
#4818 = ORIENTED_EDGE('',*,*,#4733,.T.);
#4819 = ORIENTED_EDGE('',*,*,#4820,.T.);
#4820 = EDGE_CURVE('',#4736,#4776,#4821,.T.);
#4821 = LINE('',#4822,#4823);
#4822 = CARTESIAN_POINT('',(-3.8,-3.9,4.2905));
#4823 = VECTOR('',#4824,1.);
#4824 = DIRECTION('',(1.,0.,-0.));
#4825 = ORIENTED_EDGE('',*,*,#4773,.F.);
#4826 = PLANE('',#4827);
#4827 = AXIS2_PLACEMENT_3D('',#4828,#4829,#4830);
#4828 = CARTESIAN_POINT('',(-3.8,-3.9,3.7905));
#4829 = DIRECTION('',(-0.,1.,0.));
#4830 = DIRECTION('',(0.,0.,1.));
#4831 = ADVANCED_FACE('',(#4832),#4848,.T.);
#4832 = FACE_BOUND('',#4833,.T.);
#4833 = EDGE_LOOP('',(#4834,#4840,#4841,#4847));
#4834 = ORIENTED_EDGE('',*,*,#4835,.F.);
#4835 = EDGE_CURVE('',#4744,#4784,#4836,.T.);
#4836 = LINE('',#4837,#4838);
#4837 = CARTESIAN_POINT('',(-3.8,-3.400056633,3.7905));
#4838 = VECTOR('',#4839,1.);
#4839 = DIRECTION('',(1.,0.,-0.));
#4840 = ORIENTED_EDGE('',*,*,#4751,.T.);
#4841 = ORIENTED_EDGE('',*,*,#4842,.T.);
#4842 = EDGE_CURVE('',#4752,#4792,#4843,.T.);
#4843 = LINE('',#4844,#4845);
#4844 = CARTESIAN_POINT('',(-3.8,-3.400056633,4.2905));
#4845 = VECTOR('',#4846,1.);
#4846 = DIRECTION('',(1.,0.,-0.));
#4847 = ORIENTED_EDGE('',*,*,#4791,.F.);
#4848 = PLANE('',#4849);
#4849 = AXIS2_PLACEMENT_3D('',#4850,#4851,#4852);
#4850 = CARTESIAN_POINT('',(-3.8,-3.400056633,3.7905));
#4851 = DIRECTION('',(-0.,1.,0.));
#4852 = DIRECTION('',(0.,0.,1.));
#4853 = ADVANCED_FACE('',(#4854),#4860,.F.);
#4854 = FACE_BOUND('',#4855,.F.);
#4855 = EDGE_LOOP('',(#4856,#4857,#4858,#4859));
#4856 = ORIENTED_EDGE('',*,*,#4743,.F.);
#4857 = ORIENTED_EDGE('',*,*,#4813,.T.);
#4858 = ORIENTED_EDGE('',*,*,#4783,.T.);
#4859 = ORIENTED_EDGE('',*,*,#4835,.F.);
#4860 = PLANE('',#4861);
#4861 = AXIS2_PLACEMENT_3D('',#4862,#4863,#4864);
#4862 = CARTESIAN_POINT('',(-3.8,-3.9,3.7905));
#4863 = DIRECTION('',(0.,0.,1.));
#4864 = DIRECTION('',(1.,0.,-0.));
#4865 = ADVANCED_FACE('',(#4866),#4872,.T.);
#4866 = FACE_BOUND('',#4867,.T.);
#4867 = EDGE_LOOP('',(#4868,#4869,#4870,#4871));
#4868 = ORIENTED_EDGE('',*,*,#4759,.F.);
#4869 = ORIENTED_EDGE('',*,*,#4820,.T.);
#4870 = ORIENTED_EDGE('',*,*,#4799,.T.);
#4871 = ORIENTED_EDGE('',*,*,#4842,.F.);
#4872 = PLANE('',#4873);
#4873 = AXIS2_PLACEMENT_3D('',#4874,#4875,#4876);
#4874 = CARTESIAN_POINT('',(-3.8,-3.9,4.2905));
#4875 = DIRECTION('',(0.,0.,1.));
#4876 = DIRECTION('',(1.,0.,-0.));
#4877 = MANIFOLD_SOLID_BREP('',#4878);
#4878 = CLOSED_SHELL('',(#4879,#4919,#4959,#4981,#5003,#5015));
#4879 = ADVANCED_FACE('',(#4880),#4914,.F.);
#4880 = FACE_BOUND('',#4881,.F.);
#4881 = EDGE_LOOP('',(#4882,#4892,#4900,#4908));
#4882 = ORIENTED_EDGE('',*,*,#4883,.F.);
#4883 = EDGE_CURVE('',#4884,#4886,#4888,.T.);
#4884 = VERTEX_POINT('',#4885);
#4885 = CARTESIAN_POINT('',(-5.,-3.9,3.7905));
#4886 = VERTEX_POINT('',#4887);
#4887 = CARTESIAN_POINT('',(-5.,-3.9,4.2905));
#4888 = LINE('',#4889,#4890);
#4889 = CARTESIAN_POINT('',(-5.,-3.9,3.7905));
#4890 = VECTOR('',#4891,1.);
#4891 = DIRECTION('',(0.,0.,1.));
#4892 = ORIENTED_EDGE('',*,*,#4893,.T.);
#4893 = EDGE_CURVE('',#4884,#4894,#4896,.T.);
#4894 = VERTEX_POINT('',#4895);
#4895 = CARTESIAN_POINT('',(-5.,-3.400056633,3.7905));
#4896 = LINE('',#4897,#4898);
#4897 = CARTESIAN_POINT('',(-5.,-3.9,3.7905));
#4898 = VECTOR('',#4899,1.);
#4899 = DIRECTION('',(-0.,1.,0.));
#4900 = ORIENTED_EDGE('',*,*,#4901,.T.);
#4901 = EDGE_CURVE('',#4894,#4902,#4904,.T.);
#4902 = VERTEX_POINT('',#4903);
#4903 = CARTESIAN_POINT('',(-5.,-3.400056633,4.2905));
#4904 = LINE('',#4905,#4906);
#4905 = CARTESIAN_POINT('',(-5.,-3.400056633,3.7905));
#4906 = VECTOR('',#4907,1.);
#4907 = DIRECTION('',(0.,0.,1.));
#4908 = ORIENTED_EDGE('',*,*,#4909,.F.);
#4909 = EDGE_CURVE('',#4886,#4902,#4910,.T.);
#4910 = LINE('',#4911,#4912);
#4911 = CARTESIAN_POINT('',(-5.,-3.9,4.2905));
#4912 = VECTOR('',#4913,1.);
#4913 = DIRECTION('',(-0.,1.,0.));
#4914 = PLANE('',#4915);
#4915 = AXIS2_PLACEMENT_3D('',#4916,#4917,#4918);
#4916 = CARTESIAN_POINT('',(-5.,-3.9,3.7905));
#4917 = DIRECTION('',(1.,0.,-0.));
#4918 = DIRECTION('',(0.,0.,1.));
#4919 = ADVANCED_FACE('',(#4920),#4954,.T.);
#4920 = FACE_BOUND('',#4921,.T.);
#4921 = EDGE_LOOP('',(#4922,#4932,#4940,#4948));
#4922 = ORIENTED_EDGE('',*,*,#4923,.F.);
#4923 = EDGE_CURVE('',#4924,#4926,#4928,.T.);
#4924 = VERTEX_POINT('',#4925);
#4925 = CARTESIAN_POINT('',(-4.8,-3.9,3.7905));
#4926 = VERTEX_POINT('',#4927);
#4927 = CARTESIAN_POINT('',(-4.8,-3.9,4.2905));
#4928 = LINE('',#4929,#4930);
#4929 = CARTESIAN_POINT('',(-4.8,-3.9,3.7905));
#4930 = VECTOR('',#4931,1.);
#4931 = DIRECTION('',(0.,0.,1.));
#4932 = ORIENTED_EDGE('',*,*,#4933,.T.);
#4933 = EDGE_CURVE('',#4924,#4934,#4936,.T.);
#4934 = VERTEX_POINT('',#4935);
#4935 = CARTESIAN_POINT('',(-4.8,-3.400056633,3.7905));
#4936 = LINE('',#4937,#4938);
#4937 = CARTESIAN_POINT('',(-4.8,-3.9,3.7905));
#4938 = VECTOR('',#4939,1.);
#4939 = DIRECTION('',(-0.,1.,0.));
#4940 = ORIENTED_EDGE('',*,*,#4941,.T.);
#4941 = EDGE_CURVE('',#4934,#4942,#4944,.T.);
#4942 = VERTEX_POINT('',#4943);
#4943 = CARTESIAN_POINT('',(-4.8,-3.400056633,4.2905));
#4944 = LINE('',#4945,#4946);
#4945 = CARTESIAN_POINT('',(-4.8,-3.400056633,3.7905));
#4946 = VECTOR('',#4947,1.);
#4947 = DIRECTION('',(0.,0.,1.));
#4948 = ORIENTED_EDGE('',*,*,#4949,.F.);
#4949 = EDGE_CURVE('',#4926,#4942,#4950,.T.);
#4950 = LINE('',#4951,#4952);
#4951 = CARTESIAN_POINT('',(-4.8,-3.9,4.2905));
#4952 = VECTOR('',#4953,1.);
#4953 = DIRECTION('',(-0.,1.,0.));
#4954 = PLANE('',#4955);
#4955 = AXIS2_PLACEMENT_3D('',#4956,#4957,#4958);
#4956 = CARTESIAN_POINT('',(-4.8,-3.9,3.7905));
#4957 = DIRECTION('',(1.,0.,-0.));
#4958 = DIRECTION('',(0.,0.,1.));
#4959 = ADVANCED_FACE('',(#4960),#4976,.F.);
#4960 = FACE_BOUND('',#4961,.F.);
#4961 = EDGE_LOOP('',(#4962,#4968,#4969,#4975));
#4962 = ORIENTED_EDGE('',*,*,#4963,.F.);
#4963 = EDGE_CURVE('',#4884,#4924,#4964,.T.);
#4964 = LINE('',#4965,#4966);
#4965 = CARTESIAN_POINT('',(-5.,-3.9,3.7905));
#4966 = VECTOR('',#4967,1.);
#4967 = DIRECTION('',(1.,0.,-0.));
#4968 = ORIENTED_EDGE('',*,*,#4883,.T.);
#4969 = ORIENTED_EDGE('',*,*,#4970,.T.);
#4970 = EDGE_CURVE('',#4886,#4926,#4971,.T.);
#4971 = LINE('',#4972,#4973);
#4972 = CARTESIAN_POINT('',(-5.,-3.9,4.2905));
#4973 = VECTOR('',#4974,1.);
#4974 = DIRECTION('',(1.,0.,-0.));
#4975 = ORIENTED_EDGE('',*,*,#4923,.F.);
#4976 = PLANE('',#4977);
#4977 = AXIS2_PLACEMENT_3D('',#4978,#4979,#4980);
#4978 = CARTESIAN_POINT('',(-5.,-3.9,3.7905));
#4979 = DIRECTION('',(-0.,1.,0.));
#4980 = DIRECTION('',(0.,0.,1.));
#4981 = ADVANCED_FACE('',(#4982),#4998,.T.);
#4982 = FACE_BOUND('',#4983,.T.);
#4983 = EDGE_LOOP('',(#4984,#4990,#4991,#4997));
#4984 = ORIENTED_EDGE('',*,*,#4985,.F.);
#4985 = EDGE_CURVE('',#4894,#4934,#4986,.T.);
#4986 = LINE('',#4987,#4988);
#4987 = CARTESIAN_POINT('',(-5.,-3.400056633,3.7905));
#4988 = VECTOR('',#4989,1.);
#4989 = DIRECTION('',(1.,0.,-0.));
#4990 = ORIENTED_EDGE('',*,*,#4901,.T.);
#4991 = ORIENTED_EDGE('',*,*,#4992,.T.);
#4992 = EDGE_CURVE('',#4902,#4942,#4993,.T.);
#4993 = LINE('',#4994,#4995);
#4994 = CARTESIAN_POINT('',(-5.,-3.400056633,4.2905));
#4995 = VECTOR('',#4996,1.);
#4996 = DIRECTION('',(1.,0.,-0.));
#4997 = ORIENTED_EDGE('',*,*,#4941,.F.);
#4998 = PLANE('',#4999);
#4999 = AXIS2_PLACEMENT_3D('',#5000,#5001,#5002);
#5000 = CARTESIAN_POINT('',(-5.,-3.400056633,3.7905));
#5001 = DIRECTION('',(-0.,1.,0.));
#5002 = DIRECTION('',(0.,0.,1.));
#5003 = ADVANCED_FACE('',(#5004),#5010,.F.);
#5004 = FACE_BOUND('',#5005,.F.);
#5005 = EDGE_LOOP('',(#5006,#5007,#5008,#5009));
#5006 = ORIENTED_EDGE('',*,*,#4893,.F.);
#5007 = ORIENTED_EDGE('',*,*,#4963,.T.);
#5008 = ORIENTED_EDGE('',*,*,#4933,.T.);
#5009 = ORIENTED_EDGE('',*,*,#4985,.F.);
#5010 = PLANE('',#5011);
#5011 = AXIS2_PLACEMENT_3D('',#5012,#5013,#5014);
#5012 = CARTESIAN_POINT('',(-5.,-3.9,3.7905));
#5013 = DIRECTION('',(0.,0.,1.));
#5014 = DIRECTION('',(1.,0.,-0.));
#5015 = ADVANCED_FACE('',(#5016),#5022,.T.);
#5016 = FACE_BOUND('',#5017,.T.);
#5017 = EDGE_LOOP('',(#5018,#5019,#5020,#5021));
#5018 = ORIENTED_EDGE('',*,*,#4909,.F.);
#5019 = ORIENTED_EDGE('',*,*,#4970,.T.);
#5020 = ORIENTED_EDGE('',*,*,#4949,.T.);
#5021 = ORIENTED_EDGE('',*,*,#4992,.F.);
#5022 = PLANE('',#5023);
#5023 = AXIS2_PLACEMENT_3D('',#5024,#5025,#5026);
#5024 = CARTESIAN_POINT('',(-5.,-3.9,4.2905));
#5025 = DIRECTION('',(0.,0.,1.));
#5026 = DIRECTION('',(1.,0.,-0.));
#5027 = MANIFOLD_SOLID_BREP('',#5028);
#5028 = CLOSED_SHELL('',(#5029,#5069,#5109,#5131,#5153,#5165));
#5029 = ADVANCED_FACE('',(#5030),#5064,.F.);
#5030 = FACE_BOUND('',#5031,.F.);
#5031 = EDGE_LOOP('',(#5032,#5042,#5050,#5058));
#5032 = ORIENTED_EDGE('',*,*,#5033,.F.);
#5033 = EDGE_CURVE('',#5034,#5036,#5038,.T.);
#5034 = VERTEX_POINT('',#5035);
#5035 = CARTESIAN_POINT('',(3.6,-6.9,3.7905));
#5036 = VERTEX_POINT('',#5037);
#5037 = CARTESIAN_POINT('',(3.6,-6.9,4.2905));
#5038 = LINE('',#5039,#5040);
#5039 = CARTESIAN_POINT('',(3.6,-6.9,3.7905));
#5040 = VECTOR('',#5041,1.);
#5041 = DIRECTION('',(0.,0.,1.));
#5042 = ORIENTED_EDGE('',*,*,#5043,.T.);
#5043 = EDGE_CURVE('',#5034,#5044,#5046,.T.);
#5044 = VERTEX_POINT('',#5045);
#5045 = CARTESIAN_POINT('',(3.6,-6.400056633,3.7905));
#5046 = LINE('',#5047,#5048);
#5047 = CARTESIAN_POINT('',(3.6,-6.9,3.7905));
#5048 = VECTOR('',#5049,1.);
#5049 = DIRECTION('',(-0.,1.,0.));
#5050 = ORIENTED_EDGE('',*,*,#5051,.T.);
#5051 = EDGE_CURVE('',#5044,#5052,#5054,.T.);
#5052 = VERTEX_POINT('',#5053);
#5053 = CARTESIAN_POINT('',(3.6,-6.400056633,4.2905));
#5054 = LINE('',#5055,#5056);
#5055 = CARTESIAN_POINT('',(3.6,-6.400056633,3.7905));
#5056 = VECTOR('',#5057,1.);
#5057 = DIRECTION('',(0.,0.,1.));
#5058 = ORIENTED_EDGE('',*,*,#5059,.F.);
#5059 = EDGE_CURVE('',#5036,#5052,#5060,.T.);
#5060 = LINE('',#5061,#5062);
#5061 = CARTESIAN_POINT('',(3.6,-6.9,4.2905));
#5062 = VECTOR('',#5063,1.);
#5063 = DIRECTION('',(-0.,1.,0.));
#5064 = PLANE('',#5065);
#5065 = AXIS2_PLACEMENT_3D('',#5066,#5067,#5068);
#5066 = CARTESIAN_POINT('',(3.6,-6.9,3.7905));
#5067 = DIRECTION('',(1.,0.,-0.));
#5068 = DIRECTION('',(0.,0.,1.));
#5069 = ADVANCED_FACE('',(#5070),#5104,.T.);
#5070 = FACE_BOUND('',#5071,.T.);
#5071 = EDGE_LOOP('',(#5072,#5082,#5090,#5098));
#5072 = ORIENTED_EDGE('',*,*,#5073,.F.);
#5073 = EDGE_CURVE('',#5074,#5076,#5078,.T.);
#5074 = VERTEX_POINT('',#5075);
#5075 = CARTESIAN_POINT('',(3.8,-6.9,3.7905));
#5076 = VERTEX_POINT('',#5077);
#5077 = CARTESIAN_POINT('',(3.8,-6.9,4.2905));
#5078 = LINE('',#5079,#5080);
#5079 = CARTESIAN_POINT('',(3.8,-6.9,3.7905));
#5080 = VECTOR('',#5081,1.);
#5081 = DIRECTION('',(0.,0.,1.));
#5082 = ORIENTED_EDGE('',*,*,#5083,.T.);
#5083 = EDGE_CURVE('',#5074,#5084,#5086,.T.);
#5084 = VERTEX_POINT('',#5085);
#5085 = CARTESIAN_POINT('',(3.8,-6.400056633,3.7905));
#5086 = LINE('',#5087,#5088);
#5087 = CARTESIAN_POINT('',(3.8,-6.9,3.7905));
#5088 = VECTOR('',#5089,1.);
#5089 = DIRECTION('',(-0.,1.,0.));
#5090 = ORIENTED_EDGE('',*,*,#5091,.T.);
#5091 = EDGE_CURVE('',#5084,#5092,#5094,.T.);
#5092 = VERTEX_POINT('',#5093);
#5093 = CARTESIAN_POINT('',(3.8,-6.400056633,4.2905));
#5094 = LINE('',#5095,#5096);
#5095 = CARTESIAN_POINT('',(3.8,-6.400056633,3.7905));
#5096 = VECTOR('',#5097,1.);
#5097 = DIRECTION('',(0.,0.,1.));
#5098 = ORIENTED_EDGE('',*,*,#5099,.F.);
#5099 = EDGE_CURVE('',#5076,#5092,#5100,.T.);
#5100 = LINE('',#5101,#5102);
#5101 = CARTESIAN_POINT('',(3.8,-6.9,4.2905));
#5102 = VECTOR('',#5103,1.);
#5103 = DIRECTION('',(-0.,1.,0.));
#5104 = PLANE('',#5105);
#5105 = AXIS2_PLACEMENT_3D('',#5106,#5107,#5108);
#5106 = CARTESIAN_POINT('',(3.8,-6.9,3.7905));
#5107 = DIRECTION('',(1.,0.,-0.));
#5108 = DIRECTION('',(0.,0.,1.));
#5109 = ADVANCED_FACE('',(#5110),#5126,.F.);
#5110 = FACE_BOUND('',#5111,.F.);
#5111 = EDGE_LOOP('',(#5112,#5118,#5119,#5125));
#5112 = ORIENTED_EDGE('',*,*,#5113,.F.);
#5113 = EDGE_CURVE('',#5034,#5074,#5114,.T.);
#5114 = LINE('',#5115,#5116);
#5115 = CARTESIAN_POINT('',(3.6,-6.9,3.7905));
#5116 = VECTOR('',#5117,1.);
#5117 = DIRECTION('',(1.,0.,-0.));
#5118 = ORIENTED_EDGE('',*,*,#5033,.T.);
#5119 = ORIENTED_EDGE('',*,*,#5120,.T.);
#5120 = EDGE_CURVE('',#5036,#5076,#5121,.T.);
#5121 = LINE('',#5122,#5123);
#5122 = CARTESIAN_POINT('',(3.6,-6.9,4.2905));
#5123 = VECTOR('',#5124,1.);
#5124 = DIRECTION('',(1.,0.,-0.));
#5125 = ORIENTED_EDGE('',*,*,#5073,.F.);
#5126 = PLANE('',#5127);
#5127 = AXIS2_PLACEMENT_3D('',#5128,#5129,#5130);
#5128 = CARTESIAN_POINT('',(3.6,-6.9,3.7905));
#5129 = DIRECTION('',(-0.,1.,0.));
#5130 = DIRECTION('',(0.,0.,1.));
#5131 = ADVANCED_FACE('',(#5132),#5148,.T.);
#5132 = FACE_BOUND('',#5133,.T.);
#5133 = EDGE_LOOP('',(#5134,#5140,#5141,#5147));
#5134 = ORIENTED_EDGE('',*,*,#5135,.F.);
#5135 = EDGE_CURVE('',#5044,#5084,#5136,.T.);
#5136 = LINE('',#5137,#5138);
#5137 = CARTESIAN_POINT('',(3.6,-6.400056633,3.7905));
#5138 = VECTOR('',#5139,1.);
#5139 = DIRECTION('',(1.,0.,-0.));
#5140 = ORIENTED_EDGE('',*,*,#5051,.T.);
#5141 = ORIENTED_EDGE('',*,*,#5142,.T.);
#5142 = EDGE_CURVE('',#5052,#5092,#5143,.T.);
#5143 = LINE('',#5144,#5145);
#5144 = CARTESIAN_POINT('',(3.6,-6.400056633,4.2905));
#5145 = VECTOR('',#5146,1.);
#5146 = DIRECTION('',(1.,0.,-0.));
#5147 = ORIENTED_EDGE('',*,*,#5091,.F.);
#5148 = PLANE('',#5149);
#5149 = AXIS2_PLACEMENT_3D('',#5150,#5151,#5152);
#5150 = CARTESIAN_POINT('',(3.6,-6.400056633,3.7905));
#5151 = DIRECTION('',(-0.,1.,0.));
#5152 = DIRECTION('',(0.,0.,1.));
#5153 = ADVANCED_FACE('',(#5154),#5160,.F.);
#5154 = FACE_BOUND('',#5155,.F.);
#5155 = EDGE_LOOP('',(#5156,#5157,#5158,#5159));
#5156 = ORIENTED_EDGE('',*,*,#5043,.F.);
#5157 = ORIENTED_EDGE('',*,*,#5113,.T.);
#5158 = ORIENTED_EDGE('',*,*,#5083,.T.);
#5159 = ORIENTED_EDGE('',*,*,#5135,.F.);
#5160 = PLANE('',#5161);
#5161 = AXIS2_PLACEMENT_3D('',#5162,#5163,#5164);
#5162 = CARTESIAN_POINT('',(3.6,-6.9,3.7905));
#5163 = DIRECTION('',(0.,0.,1.));
#5164 = DIRECTION('',(1.,0.,-0.));
#5165 = ADVANCED_FACE('',(#5166),#5172,.T.);
#5166 = FACE_BOUND('',#5167,.T.);
#5167 = EDGE_LOOP('',(#5168,#5169,#5170,#5171));
#5168 = ORIENTED_EDGE('',*,*,#5059,.F.);
#5169 = ORIENTED_EDGE('',*,*,#5120,.T.);
#5170 = ORIENTED_EDGE('',*,*,#5099,.T.);
#5171 = ORIENTED_EDGE('',*,*,#5142,.F.);
#5172 = PLANE('',#5173);
#5173 = AXIS2_PLACEMENT_3D('',#5174,#5175,#5176);
#5174 = CARTESIAN_POINT('',(3.6,-6.9,4.2905));
#5175 = DIRECTION('',(0.,0.,1.));
#5176 = DIRECTION('',(1.,0.,-0.));
#5177 = MANIFOLD_SOLID_BREP('',#5178);
#5178 = CLOSED_SHELL('',(#5179,#5219,#5259,#5281,#5303,#5315));
#5179 = ADVANCED_FACE('',(#5180),#5214,.F.);
#5180 = FACE_BOUND('',#5181,.F.);
#5181 = EDGE_LOOP('',(#5182,#5192,#5200,#5208));
#5182 = ORIENTED_EDGE('',*,*,#5183,.F.);
#5183 = EDGE_CURVE('',#5184,#5186,#5188,.T.);
#5184 = VERTEX_POINT('',#5185);
#5185 = CARTESIAN_POINT('',(4.8,-6.9,3.7905));
#5186 = VERTEX_POINT('',#5187);
#5187 = CARTESIAN_POINT('',(4.8,-6.9,4.2905));
#5188 = LINE('',#5189,#5190);
#5189 = CARTESIAN_POINT('',(4.8,-6.9,3.7905));
#5190 = VECTOR('',#5191,1.);
#5191 = DIRECTION('',(0.,0.,1.));
#5192 = ORIENTED_EDGE('',*,*,#5193,.T.);
#5193 = EDGE_CURVE('',#5184,#5194,#5196,.T.);
#5194 = VERTEX_POINT('',#5195);
#5195 = CARTESIAN_POINT('',(4.8,-6.400056633,3.7905));
#5196 = LINE('',#5197,#5198);
#5197 = CARTESIAN_POINT('',(4.8,-6.9,3.7905));
#5198 = VECTOR('',#5199,1.);
#5199 = DIRECTION('',(-0.,1.,0.));
#5200 = ORIENTED_EDGE('',*,*,#5201,.T.);
#5201 = EDGE_CURVE('',#5194,#5202,#5204,.T.);
#5202 = VERTEX_POINT('',#5203);
#5203 = CARTESIAN_POINT('',(4.8,-6.400056633,4.2905));
#5204 = LINE('',#5205,#5206);
#5205 = CARTESIAN_POINT('',(4.8,-6.400056633,3.7905));
#5206 = VECTOR('',#5207,1.);
#5207 = DIRECTION('',(0.,0.,1.));
#5208 = ORIENTED_EDGE('',*,*,#5209,.F.);
#5209 = EDGE_CURVE('',#5186,#5202,#5210,.T.);
#5210 = LINE('',#5211,#5212);
#5211 = CARTESIAN_POINT('',(4.8,-6.9,4.2905));
#5212 = VECTOR('',#5213,1.);
#5213 = DIRECTION('',(-0.,1.,0.));
#5214 = PLANE('',#5215);
#5215 = AXIS2_PLACEMENT_3D('',#5216,#5217,#5218);
#5216 = CARTESIAN_POINT('',(4.8,-6.9,3.7905));
#5217 = DIRECTION('',(1.,0.,-0.));
#5218 = DIRECTION('',(0.,0.,1.));
#5219 = ADVANCED_FACE('',(#5220),#5254,.T.);
#5220 = FACE_BOUND('',#5221,.T.);
#5221 = EDGE_LOOP('',(#5222,#5232,#5240,#5248));
#5222 = ORIENTED_EDGE('',*,*,#5223,.F.);
#5223 = EDGE_CURVE('',#5224,#5226,#5228,.T.);
#5224 = VERTEX_POINT('',#5225);
#5225 = CARTESIAN_POINT('',(5.,-6.9,3.7905));
#5226 = VERTEX_POINT('',#5227);
#5227 = CARTESIAN_POINT('',(5.,-6.9,4.2905));
#5228 = LINE('',#5229,#5230);
#5229 = CARTESIAN_POINT('',(5.,-6.9,3.7905));
#5230 = VECTOR('',#5231,1.);
#5231 = DIRECTION('',(0.,0.,1.));
#5232 = ORIENTED_EDGE('',*,*,#5233,.T.);
#5233 = EDGE_CURVE('',#5224,#5234,#5236,.T.);
#5234 = VERTEX_POINT('',#5235);
#5235 = CARTESIAN_POINT('',(5.,-6.400056633,3.7905));
#5236 = LINE('',#5237,#5238);
#5237 = CARTESIAN_POINT('',(5.,-6.9,3.7905));
#5238 = VECTOR('',#5239,1.);
#5239 = DIRECTION('',(-0.,1.,0.));
#5240 = ORIENTED_EDGE('',*,*,#5241,.T.);
#5241 = EDGE_CURVE('',#5234,#5242,#5244,.T.);
#5242 = VERTEX_POINT('',#5243);
#5243 = CARTESIAN_POINT('',(5.,-6.400056633,4.2905));
#5244 = LINE('',#5245,#5246);
#5245 = CARTESIAN_POINT('',(5.,-6.400056633,3.7905));
#5246 = VECTOR('',#5247,1.);
#5247 = DIRECTION('',(0.,0.,1.));
#5248 = ORIENTED_EDGE('',*,*,#5249,.F.);
#5249 = EDGE_CURVE('',#5226,#5242,#5250,.T.);
#5250 = LINE('',#5251,#5252);
#5251 = CARTESIAN_POINT('',(5.,-6.9,4.2905));
#5252 = VECTOR('',#5253,1.);
#5253 = DIRECTION('',(-0.,1.,0.));
#5254 = PLANE('',#5255);
#5255 = AXIS2_PLACEMENT_3D('',#5256,#5257,#5258);
#5256 = CARTESIAN_POINT('',(5.,-6.9,3.7905));
#5257 = DIRECTION('',(1.,0.,-0.));
#5258 = DIRECTION('',(0.,0.,1.));
#5259 = ADVANCED_FACE('',(#5260),#5276,.F.);
#5260 = FACE_BOUND('',#5261,.F.);
#5261 = EDGE_LOOP('',(#5262,#5268,#5269,#5275));
#5262 = ORIENTED_EDGE('',*,*,#5263,.F.);
#5263 = EDGE_CURVE('',#5184,#5224,#5264,.T.);
#5264 = LINE('',#5265,#5266);
#5265 = CARTESIAN_POINT('',(4.8,-6.9,3.7905));
#5266 = VECTOR('',#5267,1.);
#5267 = DIRECTION('',(1.,0.,-0.));
#5268 = ORIENTED_EDGE('',*,*,#5183,.T.);
#5269 = ORIENTED_EDGE('',*,*,#5270,.T.);
#5270 = EDGE_CURVE('',#5186,#5226,#5271,.T.);
#5271 = LINE('',#5272,#5273);
#5272 = CARTESIAN_POINT('',(4.8,-6.9,4.2905));
#5273 = VECTOR('',#5274,1.);
#5274 = DIRECTION('',(1.,0.,-0.));
#5275 = ORIENTED_EDGE('',*,*,#5223,.F.);
#5276 = PLANE('',#5277);
#5277 = AXIS2_PLACEMENT_3D('',#5278,#5279,#5280);
#5278 = CARTESIAN_POINT('',(4.8,-6.9,3.7905));
#5279 = DIRECTION('',(-0.,1.,0.));
#5280 = DIRECTION('',(0.,0.,1.));
#5281 = ADVANCED_FACE('',(#5282),#5298,.T.);
#5282 = FACE_BOUND('',#5283,.T.);
#5283 = EDGE_LOOP('',(#5284,#5290,#5291,#5297));
#5284 = ORIENTED_EDGE('',*,*,#5285,.F.);
#5285 = EDGE_CURVE('',#5194,#5234,#5286,.T.);
#5286 = LINE('',#5287,#5288);
#5287 = CARTESIAN_POINT('',(4.8,-6.400056633,3.7905));
#5288 = VECTOR('',#5289,1.);
#5289 = DIRECTION('',(1.,0.,-0.));
#5290 = ORIENTED_EDGE('',*,*,#5201,.T.);
#5291 = ORIENTED_EDGE('',*,*,#5292,.T.);
#5292 = EDGE_CURVE('',#5202,#5242,#5293,.T.);
#5293 = LINE('',#5294,#5295);
#5294 = CARTESIAN_POINT('',(4.8,-6.400056633,4.2905));
#5295 = VECTOR('',#5296,1.);
#5296 = DIRECTION('',(1.,0.,-0.));
#5297 = ORIENTED_EDGE('',*,*,#5241,.F.);
#5298 = PLANE('',#5299);
#5299 = AXIS2_PLACEMENT_3D('',#5300,#5301,#5302);
#5300 = CARTESIAN_POINT('',(4.8,-6.400056633,3.7905));
#5301 = DIRECTION('',(-0.,1.,0.));
#5302 = DIRECTION('',(0.,0.,1.));
#5303 = ADVANCED_FACE('',(#5304),#5310,.F.);
#5304 = FACE_BOUND('',#5305,.F.);
#5305 = EDGE_LOOP('',(#5306,#5307,#5308,#5309));
#5306 = ORIENTED_EDGE('',*,*,#5193,.F.);
#5307 = ORIENTED_EDGE('',*,*,#5263,.T.);
#5308 = ORIENTED_EDGE('',*,*,#5233,.T.);
#5309 = ORIENTED_EDGE('',*,*,#5285,.F.);
#5310 = PLANE('',#5311);
#5311 = AXIS2_PLACEMENT_3D('',#5312,#5313,#5314);
#5312 = CARTESIAN_POINT('',(4.8,-6.9,3.7905));
#5313 = DIRECTION('',(0.,0.,1.));
#5314 = DIRECTION('',(1.,0.,-0.));
#5315 = ADVANCED_FACE('',(#5316),#5322,.T.);
#5316 = FACE_BOUND('',#5317,.T.);
#5317 = EDGE_LOOP('',(#5318,#5319,#5320,#5321));
#5318 = ORIENTED_EDGE('',*,*,#5209,.F.);
#5319 = ORIENTED_EDGE('',*,*,#5270,.T.);
#5320 = ORIENTED_EDGE('',*,*,#5249,.T.);
#5321 = ORIENTED_EDGE('',*,*,#5292,.F.);
#5322 = PLANE('',#5323);
#5323 = AXIS2_PLACEMENT_3D('',#5324,#5325,#5326);
#5324 = CARTESIAN_POINT('',(4.8,-6.9,4.2905));
#5325 = DIRECTION('',(0.,0.,1.));
#5326 = DIRECTION('',(1.,0.,-0.));
#5327 = MANIFOLD_SOLID_BREP('',#5328);
#5328 = CLOSED_SHELL('',(#5329,#5369,#5409,#5431,#5453,#5465));
#5329 = ADVANCED_FACE('',(#5330),#5364,.F.);
#5330 = FACE_BOUND('',#5331,.F.);
#5331 = EDGE_LOOP('',(#5332,#5342,#5350,#5358));
#5332 = ORIENTED_EDGE('',*,*,#5333,.F.);
#5333 = EDGE_CURVE('',#5334,#5336,#5338,.T.);
#5334 = VERTEX_POINT('',#5335);
#5335 = CARTESIAN_POINT('',(-5.,-5.700056633,3.7905));
#5336 = VERTEX_POINT('',#5337);
#5337 = CARTESIAN_POINT('',(-5.,-5.700056633,4.0405));
#5338 = LINE('',#5339,#5340);
#5339 = CARTESIAN_POINT('',(-5.,-5.700056633,3.7905));
#5340 = VECTOR('',#5341,1.);
#5341 = DIRECTION('',(0.,0.,1.));
#5342 = ORIENTED_EDGE('',*,*,#5343,.T.);
#5343 = EDGE_CURVE('',#5334,#5344,#5346,.T.);
#5344 = VERTEX_POINT('',#5345);
#5345 = CARTESIAN_POINT('',(-5.,-5.100056633,3.7905));
#5346 = LINE('',#5347,#5348);
#5347 = CARTESIAN_POINT('',(-5.,-5.700056633,3.7905));
#5348 = VECTOR('',#5349,1.);
#5349 = DIRECTION('',(-0.,1.,0.));
#5350 = ORIENTED_EDGE('',*,*,#5351,.T.);
#5351 = EDGE_CURVE('',#5344,#5352,#5354,.T.);
#5352 = VERTEX_POINT('',#5353);
#5353 = CARTESIAN_POINT('',(-5.,-5.100056633,4.0405));
#5354 = LINE('',#5355,#5356);
#5355 = CARTESIAN_POINT('',(-5.,-5.100056633,3.7905));
#5356 = VECTOR('',#5357,1.);
#5357 = DIRECTION('',(0.,0.,1.));
#5358 = ORIENTED_EDGE('',*,*,#5359,.F.);
#5359 = EDGE_CURVE('',#5336,#5352,#5360,.T.);
#5360 = LINE('',#5361,#5362);
#5361 = CARTESIAN_POINT('',(-5.,-5.700056633,4.0405));
#5362 = VECTOR('',#5363,1.);
#5363 = DIRECTION('',(-0.,1.,0.));
#5364 = PLANE('',#5365);
#5365 = AXIS2_PLACEMENT_3D('',#5366,#5367,#5368);
#5366 = CARTESIAN_POINT('',(-5.,-5.700056633,3.7905));
#5367 = DIRECTION('',(1.,0.,-0.));
#5368 = DIRECTION('',(0.,0.,1.));
#5369 = ADVANCED_FACE('',(#5370),#5404,.T.);
#5370 = FACE_BOUND('',#5371,.T.);
#5371 = EDGE_LOOP('',(#5372,#5382,#5390,#5398));
#5372 = ORIENTED_EDGE('',*,*,#5373,.F.);
#5373 = EDGE_CURVE('',#5374,#5376,#5378,.T.);
#5374 = VERTEX_POINT('',#5375);
#5375 = CARTESIAN_POINT('',(-4.8,-5.700056633,3.7905));
#5376 = VERTEX_POINT('',#5377);
#5377 = CARTESIAN_POINT('',(-4.8,-5.700056633,4.0405));
#5378 = LINE('',#5379,#5380);
#5379 = CARTESIAN_POINT('',(-4.8,-5.700056633,3.7905));
#5380 = VECTOR('',#5381,1.);
#5381 = DIRECTION('',(0.,0.,1.));
#5382 = ORIENTED_EDGE('',*,*,#5383,.T.);
#5383 = EDGE_CURVE('',#5374,#5384,#5386,.T.);
#5384 = VERTEX_POINT('',#5385);
#5385 = CARTESIAN_POINT('',(-4.8,-5.100056633,3.7905));
#5386 = LINE('',#5387,#5388);
#5387 = CARTESIAN_POINT('',(-4.8,-5.700056633,3.7905));
#5388 = VECTOR('',#5389,1.);
#5389 = DIRECTION('',(-0.,1.,0.));
#5390 = ORIENTED_EDGE('',*,*,#5391,.T.);
#5391 = EDGE_CURVE('',#5384,#5392,#5394,.T.);
#5392 = VERTEX_POINT('',#5393);
#5393 = CARTESIAN_POINT('',(-4.8,-5.100056633,4.0405));
#5394 = LINE('',#5395,#5396);
#5395 = CARTESIAN_POINT('',(-4.8,-5.100056633,3.7905));
#5396 = VECTOR('',#5397,1.);
#5397 = DIRECTION('',(0.,0.,1.));
#5398 = ORIENTED_EDGE('',*,*,#5399,.F.);
#5399 = EDGE_CURVE('',#5376,#5392,#5400,.T.);
#5400 = LINE('',#5401,#5402);
#5401 = CARTESIAN_POINT('',(-4.8,-5.700056633,4.0405));
#5402 = VECTOR('',#5403,1.);
#5403 = DIRECTION('',(-0.,1.,0.));
#5404 = PLANE('',#5405);
#5405 = AXIS2_PLACEMENT_3D('',#5406,#5407,#5408);
#5406 = CARTESIAN_POINT('',(-4.8,-5.700056633,3.7905));
#5407 = DIRECTION('',(1.,0.,-0.));
#5408 = DIRECTION('',(0.,0.,1.));
#5409 = ADVANCED_FACE('',(#5410),#5426,.F.);
#5410 = FACE_BOUND('',#5411,.F.);
#5411 = EDGE_LOOP('',(#5412,#5418,#5419,#5425));
#5412 = ORIENTED_EDGE('',*,*,#5413,.F.);
#5413 = EDGE_CURVE('',#5334,#5374,#5414,.T.);
#5414 = LINE('',#5415,#5416);
#5415 = CARTESIAN_POINT('',(-5.,-5.700056633,3.7905));
#5416 = VECTOR('',#5417,1.);
#5417 = DIRECTION('',(1.,0.,-0.));
#5418 = ORIENTED_EDGE('',*,*,#5333,.T.);
#5419 = ORIENTED_EDGE('',*,*,#5420,.T.);
#5420 = EDGE_CURVE('',#5336,#5376,#5421,.T.);
#5421 = LINE('',#5422,#5423);
#5422 = CARTESIAN_POINT('',(-5.,-5.700056633,4.0405));
#5423 = VECTOR('',#5424,1.);
#5424 = DIRECTION('',(1.,0.,-0.));
#5425 = ORIENTED_EDGE('',*,*,#5373,.F.);
#5426 = PLANE('',#5427);
#5427 = AXIS2_PLACEMENT_3D('',#5428,#5429,#5430);
#5428 = CARTESIAN_POINT('',(-5.,-5.700056633,3.7905));
#5429 = DIRECTION('',(-0.,1.,0.));
#5430 = DIRECTION('',(0.,0.,1.));
#5431 = ADVANCED_FACE('',(#5432),#5448,.T.);
#5432 = FACE_BOUND('',#5433,.T.);
#5433 = EDGE_LOOP('',(#5434,#5440,#5441,#5447));
#5434 = ORIENTED_EDGE('',*,*,#5435,.F.);
#5435 = EDGE_CURVE('',#5344,#5384,#5436,.T.);
#5436 = LINE('',#5437,#5438);
#5437 = CARTESIAN_POINT('',(-5.,-5.100056633,3.7905));
#5438 = VECTOR('',#5439,1.);
#5439 = DIRECTION('',(1.,0.,-0.));
#5440 = ORIENTED_EDGE('',*,*,#5351,.T.);
#5441 = ORIENTED_EDGE('',*,*,#5442,.T.);
#5442 = EDGE_CURVE('',#5352,#5392,#5443,.T.);
#5443 = LINE('',#5444,#5445);
#5444 = CARTESIAN_POINT('',(-5.,-5.100056633,4.0405));
#5445 = VECTOR('',#5446,1.);
#5446 = DIRECTION('',(1.,0.,-0.));
#5447 = ORIENTED_EDGE('',*,*,#5391,.F.);
#5448 = PLANE('',#5449);
#5449 = AXIS2_PLACEMENT_3D('',#5450,#5451,#5452);
#5450 = CARTESIAN_POINT('',(-5.,-5.100056633,3.7905));
#5451 = DIRECTION('',(-0.,1.,0.));
#5452 = DIRECTION('',(0.,0.,1.));
#5453 = ADVANCED_FACE('',(#5454),#5460,.F.);
#5454 = FACE_BOUND('',#5455,.F.);
#5455 = EDGE_LOOP('',(#5456,#5457,#5458,#5459));
#5456 = ORIENTED_EDGE('',*,*,#5343,.F.);
#5457 = ORIENTED_EDGE('',*,*,#5413,.T.);
#5458 = ORIENTED_EDGE('',*,*,#5383,.T.);
#5459 = ORIENTED_EDGE('',*,*,#5435,.F.);
#5460 = PLANE('',#5461);
#5461 = AXIS2_PLACEMENT_3D('',#5462,#5463,#5464);
#5462 = CARTESIAN_POINT('',(-5.,-5.700056633,3.7905));
#5463 = DIRECTION('',(0.,0.,1.));
#5464 = DIRECTION('',(1.,0.,-0.));
#5465 = ADVANCED_FACE('',(#5466),#5472,.T.);
#5466 = FACE_BOUND('',#5467,.T.);
#5467 = EDGE_LOOP('',(#5468,#5469,#5470,#5471));
#5468 = ORIENTED_EDGE('',*,*,#5359,.F.);
#5469 = ORIENTED_EDGE('',*,*,#5420,.T.);
#5470 = ORIENTED_EDGE('',*,*,#5399,.T.);
#5471 = ORIENTED_EDGE('',*,*,#5442,.F.);
#5472 = PLANE('',#5473);
#5473 = AXIS2_PLACEMENT_3D('',#5474,#5475,#5476);
#5474 = CARTESIAN_POINT('',(-5.,-5.700056633,4.0405));
#5475 = DIRECTION('',(0.,0.,1.));
#5476 = DIRECTION('',(1.,0.,-0.));
#5477 = MANIFOLD_SOLID_BREP('',#5478);
#5478 = CLOSED_SHELL('',(#5479,#5519,#5559,#5581,#5603,#5615));
#5479 = ADVANCED_FACE('',(#5480),#5514,.F.);
#5480 = FACE_BOUND('',#5481,.F.);
#5481 = EDGE_LOOP('',(#5482,#5492,#5500,#5508));
#5482 = ORIENTED_EDGE('',*,*,#5483,.F.);
#5483 = EDGE_CURVE('',#5484,#5486,#5488,.T.);
#5484 = VERTEX_POINT('',#5485);
#5485 = CARTESIAN_POINT('',(-5.,-2.700056633,3.7905));
#5486 = VERTEX_POINT('',#5487);
#5487 = CARTESIAN_POINT('',(-5.,-2.700056633,4.0405));
#5488 = LINE('',#5489,#5490);
#5489 = CARTESIAN_POINT('',(-5.,-2.700056633,3.7905));
#5490 = VECTOR('',#5491,1.);
#5491 = DIRECTION('',(0.,0.,1.));
#5492 = ORIENTED_EDGE('',*,*,#5493,.T.);
#5493 = EDGE_CURVE('',#5484,#5494,#5496,.T.);
#5494 = VERTEX_POINT('',#5495);
#5495 = CARTESIAN_POINT('',(-5.,-2.100056633,3.7905));
#5496 = LINE('',#5497,#5498);
#5497 = CARTESIAN_POINT('',(-5.,-2.700056633,3.7905));
#5498 = VECTOR('',#5499,1.);
#5499 = DIRECTION('',(-0.,1.,0.));
#5500 = ORIENTED_EDGE('',*,*,#5501,.T.);
#5501 = EDGE_CURVE('',#5494,#5502,#5504,.T.);
#5502 = VERTEX_POINT('',#5503);
#5503 = CARTESIAN_POINT('',(-5.,-2.100056633,4.0405));
#5504 = LINE('',#5505,#5506);
#5505 = CARTESIAN_POINT('',(-5.,-2.100056633,3.7905));
#5506 = VECTOR('',#5507,1.);
#5507 = DIRECTION('',(0.,0.,1.));
#5508 = ORIENTED_EDGE('',*,*,#5509,.F.);
#5509 = EDGE_CURVE('',#5486,#5502,#5510,.T.);
#5510 = LINE('',#5511,#5512);
#5511 = CARTESIAN_POINT('',(-5.,-2.700056633,4.0405));
#5512 = VECTOR('',#5513,1.);
#5513 = DIRECTION('',(-0.,1.,0.));
#5514 = PLANE('',#5515);
#5515 = AXIS2_PLACEMENT_3D('',#5516,#5517,#5518);
#5516 = CARTESIAN_POINT('',(-5.,-2.700056633,3.7905));
#5517 = DIRECTION('',(1.,0.,-0.));
#5518 = DIRECTION('',(0.,0.,1.));
#5519 = ADVANCED_FACE('',(#5520),#5554,.T.);
#5520 = FACE_BOUND('',#5521,.T.);
#5521 = EDGE_LOOP('',(#5522,#5532,#5540,#5548));
#5522 = ORIENTED_EDGE('',*,*,#5523,.F.);
#5523 = EDGE_CURVE('',#5524,#5526,#5528,.T.);
#5524 = VERTEX_POINT('',#5525);
#5525 = CARTESIAN_POINT('',(-4.8,-2.700056633,3.7905));
#5526 = VERTEX_POINT('',#5527);
#5527 = CARTESIAN_POINT('',(-4.8,-2.700056633,4.0405));
#5528 = LINE('',#5529,#5530);
#5529 = CARTESIAN_POINT('',(-4.8,-2.700056633,3.7905));
#5530 = VECTOR('',#5531,1.);
#5531 = DIRECTION('',(0.,0.,1.));
#5532 = ORIENTED_EDGE('',*,*,#5533,.T.);
#5533 = EDGE_CURVE('',#5524,#5534,#5536,.T.);
#5534 = VERTEX_POINT('',#5535);
#5535 = CARTESIAN_POINT('',(-4.8,-2.100056633,3.7905));
#5536 = LINE('',#5537,#5538);
#5537 = CARTESIAN_POINT('',(-4.8,-2.700056633,3.7905));
#5538 = VECTOR('',#5539,1.);
#5539 = DIRECTION('',(-0.,1.,0.));
#5540 = ORIENTED_EDGE('',*,*,#5541,.T.);
#5541 = EDGE_CURVE('',#5534,#5542,#5544,.T.);
#5542 = VERTEX_POINT('',#5543);
#5543 = CARTESIAN_POINT('',(-4.8,-2.100056633,4.0405));
#5544 = LINE('',#5545,#5546);
#5545 = CARTESIAN_POINT('',(-4.8,-2.100056633,3.7905));
#5546 = VECTOR('',#5547,1.);
#5547 = DIRECTION('',(0.,0.,1.));
#5548 = ORIENTED_EDGE('',*,*,#5549,.F.);
#5549 = EDGE_CURVE('',#5526,#5542,#5550,.T.);
#5550 = LINE('',#5551,#5552);
#5551 = CARTESIAN_POINT('',(-4.8,-2.700056633,4.0405));
#5552 = VECTOR('',#5553,1.);
#5553 = DIRECTION('',(-0.,1.,0.));
#5554 = PLANE('',#5555);
#5555 = AXIS2_PLACEMENT_3D('',#5556,#5557,#5558);
#5556 = CARTESIAN_POINT('',(-4.8,-2.700056633,3.7905));
#5557 = DIRECTION('',(1.,0.,-0.));
#5558 = DIRECTION('',(0.,0.,1.));
#5559 = ADVANCED_FACE('',(#5560),#5576,.F.);
#5560 = FACE_BOUND('',#5561,.F.);
#5561 = EDGE_LOOP('',(#5562,#5568,#5569,#5575));
#5562 = ORIENTED_EDGE('',*,*,#5563,.F.);
#5563 = EDGE_CURVE('',#5484,#5524,#5564,.T.);
#5564 = LINE('',#5565,#5566);
#5565 = CARTESIAN_POINT('',(-5.,-2.700056633,3.7905));
#5566 = VECTOR('',#5567,1.);
#5567 = DIRECTION('',(1.,0.,-0.));
#5568 = ORIENTED_EDGE('',*,*,#5483,.T.);
#5569 = ORIENTED_EDGE('',*,*,#5570,.T.);
#5570 = EDGE_CURVE('',#5486,#5526,#5571,.T.);
#5571 = LINE('',#5572,#5573);
#5572 = CARTESIAN_POINT('',(-5.,-2.700056633,4.0405));
#5573 = VECTOR('',#5574,1.);
#5574 = DIRECTION('',(1.,0.,-0.));
#5575 = ORIENTED_EDGE('',*,*,#5523,.F.);
#5576 = PLANE('',#5577);
#5577 = AXIS2_PLACEMENT_3D('',#5578,#5579,#5580);
#5578 = CARTESIAN_POINT('',(-5.,-2.700056633,3.7905));
#5579 = DIRECTION('',(-0.,1.,0.));
#5580 = DIRECTION('',(0.,0.,1.));
#5581 = ADVANCED_FACE('',(#5582),#5598,.T.);
#5582 = FACE_BOUND('',#5583,.T.);
#5583 = EDGE_LOOP('',(#5584,#5590,#5591,#5597));
#5584 = ORIENTED_EDGE('',*,*,#5585,.F.);
#5585 = EDGE_CURVE('',#5494,#5534,#5586,.T.);
#5586 = LINE('',#5587,#5588);
#5587 = CARTESIAN_POINT('',(-5.,-2.100056633,3.7905));
#5588 = VECTOR('',#5589,1.);
#5589 = DIRECTION('',(1.,0.,-0.));
#5590 = ORIENTED_EDGE('',*,*,#5501,.T.);
#5591 = ORIENTED_EDGE('',*,*,#5592,.T.);
#5592 = EDGE_CURVE('',#5502,#5542,#5593,.T.);
#5593 = LINE('',#5594,#5595);
#5594 = CARTESIAN_POINT('',(-5.,-2.100056633,4.0405));
#5595 = VECTOR('',#5596,1.);
#5596 = DIRECTION('',(1.,0.,-0.));
#5597 = ORIENTED_EDGE('',*,*,#5541,.F.);
#5598 = PLANE('',#5599);
#5599 = AXIS2_PLACEMENT_3D('',#5600,#5601,#5602);
#5600 = CARTESIAN_POINT('',(-5.,-2.100056633,3.7905));
#5601 = DIRECTION('',(-0.,1.,0.));
#5602 = DIRECTION('',(0.,0.,1.));
#5603 = ADVANCED_FACE('',(#5604),#5610,.F.);
#5604 = FACE_BOUND('',#5605,.F.);
#5605 = EDGE_LOOP('',(#5606,#5607,#5608,#5609));
#5606 = ORIENTED_EDGE('',*,*,#5493,.F.);
#5607 = ORIENTED_EDGE('',*,*,#5563,.T.);
#5608 = ORIENTED_EDGE('',*,*,#5533,.T.);
#5609 = ORIENTED_EDGE('',*,*,#5585,.F.);
#5610 = PLANE('',#5611);
#5611 = AXIS2_PLACEMENT_3D('',#5612,#5613,#5614);
#5612 = CARTESIAN_POINT('',(-5.,-2.700056633,3.7905));
#5613 = DIRECTION('',(0.,0.,1.));
#5614 = DIRECTION('',(1.,0.,-0.));
#5615 = ADVANCED_FACE('',(#5616),#5622,.T.);
#5616 = FACE_BOUND('',#5617,.T.);
#5617 = EDGE_LOOP('',(#5618,#5619,#5620,#5621));
#5618 = ORIENTED_EDGE('',*,*,#5509,.F.);
#5619 = ORIENTED_EDGE('',*,*,#5570,.T.);
#5620 = ORIENTED_EDGE('',*,*,#5549,.T.);
#5621 = ORIENTED_EDGE('',*,*,#5592,.F.);
#5622 = PLANE('',#5623);
#5623 = AXIS2_PLACEMENT_3D('',#5624,#5625,#5626);
#5624 = CARTESIAN_POINT('',(-5.,-2.700056633,4.0405));
#5625 = DIRECTION('',(0.,0.,1.));
#5626 = DIRECTION('',(1.,0.,-0.));
#5627 = MANIFOLD_SOLID_BREP('',#5628);
#5628 = CLOSED_SHELL('',(#5629,#5669,#5709,#5731,#5753,#5765));
#5629 = ADVANCED_FACE('',(#5630),#5664,.F.);
#5630 = FACE_BOUND('',#5631,.F.);
#5631 = EDGE_LOOP('',(#5632,#5642,#5650,#5658));
#5632 = ORIENTED_EDGE('',*,*,#5633,.F.);
#5633 = EDGE_CURVE('',#5634,#5636,#5638,.T.);
#5634 = VERTEX_POINT('',#5635);
#5635 = CARTESIAN_POINT('',(-3.8,-5.700056633,3.7905));
#5636 = VERTEX_POINT('',#5637);
#5637 = CARTESIAN_POINT('',(-3.8,-5.700056633,4.0405));
#5638 = LINE('',#5639,#5640);
#5639 = CARTESIAN_POINT('',(-3.8,-5.700056633,3.7905));
#5640 = VECTOR('',#5641,1.);
#5641 = DIRECTION('',(0.,0.,1.));
#5642 = ORIENTED_EDGE('',*,*,#5643,.T.);
#5643 = EDGE_CURVE('',#5634,#5644,#5646,.T.);
#5644 = VERTEX_POINT('',#5645);
#5645 = CARTESIAN_POINT('',(-3.8,-5.100056633,3.7905));
#5646 = LINE('',#5647,#5648);
#5647 = CARTESIAN_POINT('',(-3.8,-5.700056633,3.7905));
#5648 = VECTOR('',#5649,1.);
#5649 = DIRECTION('',(-0.,1.,0.));
#5650 = ORIENTED_EDGE('',*,*,#5651,.T.);
#5651 = EDGE_CURVE('',#5644,#5652,#5654,.T.);
#5652 = VERTEX_POINT('',#5653);
#5653 = CARTESIAN_POINT('',(-3.8,-5.100056633,4.0405));
#5654 = LINE('',#5655,#5656);
#5655 = CARTESIAN_POINT('',(-3.8,-5.100056633,3.7905));
#5656 = VECTOR('',#5657,1.);
#5657 = DIRECTION('',(0.,0.,1.));
#5658 = ORIENTED_EDGE('',*,*,#5659,.F.);
#5659 = EDGE_CURVE('',#5636,#5652,#5660,.T.);
#5660 = LINE('',#5661,#5662);
#5661 = CARTESIAN_POINT('',(-3.8,-5.700056633,4.0405));
#5662 = VECTOR('',#5663,1.);
#5663 = DIRECTION('',(-0.,1.,0.));
#5664 = PLANE('',#5665);
#5665 = AXIS2_PLACEMENT_3D('',#5666,#5667,#5668);
#5666 = CARTESIAN_POINT('',(-3.8,-5.700056633,3.7905));
#5667 = DIRECTION('',(1.,0.,-0.));
#5668 = DIRECTION('',(0.,0.,1.));
#5669 = ADVANCED_FACE('',(#5670),#5704,.T.);
#5670 = FACE_BOUND('',#5671,.T.);
#5671 = EDGE_LOOP('',(#5672,#5682,#5690,#5698));
#5672 = ORIENTED_EDGE('',*,*,#5673,.F.);
#5673 = EDGE_CURVE('',#5674,#5676,#5678,.T.);
#5674 = VERTEX_POINT('',#5675);
#5675 = CARTESIAN_POINT('',(-3.6,-5.700056633,3.7905));
#5676 = VERTEX_POINT('',#5677);
#5677 = CARTESIAN_POINT('',(-3.6,-5.700056633,4.0405));
#5678 = LINE('',#5679,#5680);
#5679 = CARTESIAN_POINT('',(-3.6,-5.700056633,3.7905));
#5680 = VECTOR('',#5681,1.);
#5681 = DIRECTION('',(0.,0.,1.));
#5682 = ORIENTED_EDGE('',*,*,#5683,.T.);
#5683 = EDGE_CURVE('',#5674,#5684,#5686,.T.);
#5684 = VERTEX_POINT('',#5685);
#5685 = CARTESIAN_POINT('',(-3.6,-5.100056633,3.7905));
#5686 = LINE('',#5687,#5688);
#5687 = CARTESIAN_POINT('',(-3.6,-5.700056633,3.7905));
#5688 = VECTOR('',#5689,1.);
#5689 = DIRECTION('',(-0.,1.,0.));
#5690 = ORIENTED_EDGE('',*,*,#5691,.T.);
#5691 = EDGE_CURVE('',#5684,#5692,#5694,.T.);
#5692 = VERTEX_POINT('',#5693);
#5693 = CARTESIAN_POINT('',(-3.6,-5.100056633,4.0405));
#5694 = LINE('',#5695,#5696);
#5695 = CARTESIAN_POINT('',(-3.6,-5.100056633,3.7905));
#5696 = VECTOR('',#5697,1.);
#5697 = DIRECTION('',(0.,0.,1.));
#5698 = ORIENTED_EDGE('',*,*,#5699,.F.);
#5699 = EDGE_CURVE('',#5676,#5692,#5700,.T.);
#5700 = LINE('',#5701,#5702);
#5701 = CARTESIAN_POINT('',(-3.6,-5.700056633,4.0405));
#5702 = VECTOR('',#5703,1.);
#5703 = DIRECTION('',(-0.,1.,0.));
#5704 = PLANE('',#5705);
#5705 = AXIS2_PLACEMENT_3D('',#5706,#5707,#5708);
#5706 = CARTESIAN_POINT('',(-3.6,-5.700056633,3.7905));
#5707 = DIRECTION('',(1.,0.,-0.));
#5708 = DIRECTION('',(0.,0.,1.));
#5709 = ADVANCED_FACE('',(#5710),#5726,.F.);
#5710 = FACE_BOUND('',#5711,.F.);
#5711 = EDGE_LOOP('',(#5712,#5718,#5719,#5725));
#5712 = ORIENTED_EDGE('',*,*,#5713,.F.);
#5713 = EDGE_CURVE('',#5634,#5674,#5714,.T.);
#5714 = LINE('',#5715,#5716);
#5715 = CARTESIAN_POINT('',(-3.8,-5.700056633,3.7905));
#5716 = VECTOR('',#5717,1.);
#5717 = DIRECTION('',(1.,0.,-0.));
#5718 = ORIENTED_EDGE('',*,*,#5633,.T.);
#5719 = ORIENTED_EDGE('',*,*,#5720,.T.);
#5720 = EDGE_CURVE('',#5636,#5676,#5721,.T.);
#5721 = LINE('',#5722,#5723);
#5722 = CARTESIAN_POINT('',(-3.8,-5.700056633,4.0405));
#5723 = VECTOR('',#5724,1.);
#5724 = DIRECTION('',(1.,0.,-0.));
#5725 = ORIENTED_EDGE('',*,*,#5673,.F.);
#5726 = PLANE('',#5727);
#5727 = AXIS2_PLACEMENT_3D('',#5728,#5729,#5730);
#5728 = CARTESIAN_POINT('',(-3.8,-5.700056633,3.7905));
#5729 = DIRECTION('',(-0.,1.,0.));
#5730 = DIRECTION('',(0.,0.,1.));
#5731 = ADVANCED_FACE('',(#5732),#5748,.T.);
#5732 = FACE_BOUND('',#5733,.T.);
#5733 = EDGE_LOOP('',(#5734,#5740,#5741,#5747));
#5734 = ORIENTED_EDGE('',*,*,#5735,.F.);
#5735 = EDGE_CURVE('',#5644,#5684,#5736,.T.);
#5736 = LINE('',#5737,#5738);
#5737 = CARTESIAN_POINT('',(-3.8,-5.100056633,3.7905));
#5738 = VECTOR('',#5739,1.);
#5739 = DIRECTION('',(1.,0.,-0.));
#5740 = ORIENTED_EDGE('',*,*,#5651,.T.);
#5741 = ORIENTED_EDGE('',*,*,#5742,.T.);
#5742 = EDGE_CURVE('',#5652,#5692,#5743,.T.);
#5743 = LINE('',#5744,#5745);
#5744 = CARTESIAN_POINT('',(-3.8,-5.100056633,4.0405));
#5745 = VECTOR('',#5746,1.);
#5746 = DIRECTION('',(1.,0.,-0.));
#5747 = ORIENTED_EDGE('',*,*,#5691,.F.);
#5748 = PLANE('',#5749);
#5749 = AXIS2_PLACEMENT_3D('',#5750,#5751,#5752);
#5750 = CARTESIAN_POINT('',(-3.8,-5.100056633,3.7905));
#5751 = DIRECTION('',(-0.,1.,0.));
#5752 = DIRECTION('',(0.,0.,1.));
#5753 = ADVANCED_FACE('',(#5754),#5760,.F.);
#5754 = FACE_BOUND('',#5755,.F.);
#5755 = EDGE_LOOP('',(#5756,#5757,#5758,#5759));
#5756 = ORIENTED_EDGE('',*,*,#5643,.F.);
#5757 = ORIENTED_EDGE('',*,*,#5713,.T.);
#5758 = ORIENTED_EDGE('',*,*,#5683,.T.);
#5759 = ORIENTED_EDGE('',*,*,#5735,.F.);
#5760 = PLANE('',#5761);
#5761 = AXIS2_PLACEMENT_3D('',#5762,#5763,#5764);
#5762 = CARTESIAN_POINT('',(-3.8,-5.700056633,3.7905));
#5763 = DIRECTION('',(0.,0.,1.));
#5764 = DIRECTION('',(1.,0.,-0.));
#5765 = ADVANCED_FACE('',(#5766),#5772,.T.);
#5766 = FACE_BOUND('',#5767,.T.);
#5767 = EDGE_LOOP('',(#5768,#5769,#5770,#5771));
#5768 = ORIENTED_EDGE('',*,*,#5659,.F.);
#5769 = ORIENTED_EDGE('',*,*,#5720,.T.);
#5770 = ORIENTED_EDGE('',*,*,#5699,.T.);
#5771 = ORIENTED_EDGE('',*,*,#5742,.F.);
#5772 = PLANE('',#5773);
#5773 = AXIS2_PLACEMENT_3D('',#5774,#5775,#5776);
#5774 = CARTESIAN_POINT('',(-3.8,-5.700056633,4.0405));
#5775 = DIRECTION('',(0.,0.,1.));
#5776 = DIRECTION('',(1.,0.,-0.));
#5777 = MANIFOLD_SOLID_BREP('',#5778);
#5778 = CLOSED_SHELL('',(#5779,#5819,#5859,#5881,#5903,#5915));
#5779 = ADVANCED_FACE('',(#5780),#5814,.F.);
#5780 = FACE_BOUND('',#5781,.F.);
#5781 = EDGE_LOOP('',(#5782,#5792,#5800,#5808));
#5782 = ORIENTED_EDGE('',*,*,#5783,.F.);
#5783 = EDGE_CURVE('',#5784,#5786,#5788,.T.);
#5784 = VERTEX_POINT('',#5785);
#5785 = CARTESIAN_POINT('',(-3.8,-2.700056633,3.7905));
#5786 = VERTEX_POINT('',#5787);
#5787 = CARTESIAN_POINT('',(-3.8,-2.700056633,4.0405));
#5788 = LINE('',#5789,#5790);
#5789 = CARTESIAN_POINT('',(-3.8,-2.700056633,3.7905));
#5790 = VECTOR('',#5791,1.);
#5791 = DIRECTION('',(0.,0.,1.));
#5792 = ORIENTED_EDGE('',*,*,#5793,.T.);
#5793 = EDGE_CURVE('',#5784,#5794,#5796,.T.);
#5794 = VERTEX_POINT('',#5795);
#5795 = CARTESIAN_POINT('',(-3.8,-2.100056633,3.7905));
#5796 = LINE('',#5797,#5798);
#5797 = CARTESIAN_POINT('',(-3.8,-2.700056633,3.7905));
#5798 = VECTOR('',#5799,1.);
#5799 = DIRECTION('',(-0.,1.,0.));
#5800 = ORIENTED_EDGE('',*,*,#5801,.T.);
#5801 = EDGE_CURVE('',#5794,#5802,#5804,.T.);
#5802 = VERTEX_POINT('',#5803);
#5803 = CARTESIAN_POINT('',(-3.8,-2.100056633,4.0405));
#5804 = LINE('',#5805,#5806);
#5805 = CARTESIAN_POINT('',(-3.8,-2.100056633,3.7905));
#5806 = VECTOR('',#5807,1.);
#5807 = DIRECTION('',(0.,0.,1.));
#5808 = ORIENTED_EDGE('',*,*,#5809,.F.);
#5809 = EDGE_CURVE('',#5786,#5802,#5810,.T.);
#5810 = LINE('',#5811,#5812);
#5811 = CARTESIAN_POINT('',(-3.8,-2.700056633,4.0405));
#5812 = VECTOR('',#5813,1.);
#5813 = DIRECTION('',(-0.,1.,0.));
#5814 = PLANE('',#5815);
#5815 = AXIS2_PLACEMENT_3D('',#5816,#5817,#5818);
#5816 = CARTESIAN_POINT('',(-3.8,-2.700056633,3.7905));
#5817 = DIRECTION('',(1.,0.,-0.));
#5818 = DIRECTION('',(0.,0.,1.));
#5819 = ADVANCED_FACE('',(#5820),#5854,.T.);
#5820 = FACE_BOUND('',#5821,.T.);
#5821 = EDGE_LOOP('',(#5822,#5832,#5840,#5848));
#5822 = ORIENTED_EDGE('',*,*,#5823,.F.);
#5823 = EDGE_CURVE('',#5824,#5826,#5828,.T.);
#5824 = VERTEX_POINT('',#5825);
#5825 = CARTESIAN_POINT('',(-3.6,-2.700056633,3.7905));
#5826 = VERTEX_POINT('',#5827);
#5827 = CARTESIAN_POINT('',(-3.6,-2.700056633,4.0405));
#5828 = LINE('',#5829,#5830);
#5829 = CARTESIAN_POINT('',(-3.6,-2.700056633,3.7905));
#5830 = VECTOR('',#5831,1.);
#5831 = DIRECTION('',(0.,0.,1.));
#5832 = ORIENTED_EDGE('',*,*,#5833,.T.);
#5833 = EDGE_CURVE('',#5824,#5834,#5836,.T.);
#5834 = VERTEX_POINT('',#5835);
#5835 = CARTESIAN_POINT('',(-3.6,-2.100056633,3.7905));
#5836 = LINE('',#5837,#5838);
#5837 = CARTESIAN_POINT('',(-3.6,-2.700056633,3.7905));
#5838 = VECTOR('',#5839,1.);
#5839 = DIRECTION('',(-0.,1.,0.));
#5840 = ORIENTED_EDGE('',*,*,#5841,.T.);
#5841 = EDGE_CURVE('',#5834,#5842,#5844,.T.);
#5842 = VERTEX_POINT('',#5843);
#5843 = CARTESIAN_POINT('',(-3.6,-2.100056633,4.0405));
#5844 = LINE('',#5845,#5846);
#5845 = CARTESIAN_POINT('',(-3.6,-2.100056633,3.7905));
#5846 = VECTOR('',#5847,1.);
#5847 = DIRECTION('',(0.,0.,1.));
#5848 = ORIENTED_EDGE('',*,*,#5849,.F.);
#5849 = EDGE_CURVE('',#5826,#5842,#5850,.T.);
#5850 = LINE('',#5851,#5852);
#5851 = CARTESIAN_POINT('',(-3.6,-2.700056633,4.0405));
#5852 = VECTOR('',#5853,1.);
#5853 = DIRECTION('',(-0.,1.,0.));
#5854 = PLANE('',#5855);
#5855 = AXIS2_PLACEMENT_3D('',#5856,#5857,#5858);
#5856 = CARTESIAN_POINT('',(-3.6,-2.700056633,3.7905));
#5857 = DIRECTION('',(1.,0.,-0.));
#5858 = DIRECTION('',(0.,0.,1.));
#5859 = ADVANCED_FACE('',(#5860),#5876,.F.);
#5860 = FACE_BOUND('',#5861,.F.);
#5861 = EDGE_LOOP('',(#5862,#5868,#5869,#5875));
#5862 = ORIENTED_EDGE('',*,*,#5863,.F.);
#5863 = EDGE_CURVE('',#5784,#5824,#5864,.T.);
#5864 = LINE('',#5865,#5866);
#5865 = CARTESIAN_POINT('',(-3.8,-2.700056633,3.7905));
#5866 = VECTOR('',#5867,1.);
#5867 = DIRECTION('',(1.,0.,-0.));
#5868 = ORIENTED_EDGE('',*,*,#5783,.T.);
#5869 = ORIENTED_EDGE('',*,*,#5870,.T.);
#5870 = EDGE_CURVE('',#5786,#5826,#5871,.T.);
#5871 = LINE('',#5872,#5873);
#5872 = CARTESIAN_POINT('',(-3.8,-2.700056633,4.0405));
#5873 = VECTOR('',#5874,1.);
#5874 = DIRECTION('',(1.,0.,-0.));
#5875 = ORIENTED_EDGE('',*,*,#5823,.F.);
#5876 = PLANE('',#5877);
#5877 = AXIS2_PLACEMENT_3D('',#5878,#5879,#5880);
#5878 = CARTESIAN_POINT('',(-3.8,-2.700056633,3.7905));
#5879 = DIRECTION('',(-0.,1.,0.));
#5880 = DIRECTION('',(0.,0.,1.));
#5881 = ADVANCED_FACE('',(#5882),#5898,.T.);
#5882 = FACE_BOUND('',#5883,.T.);
#5883 = EDGE_LOOP('',(#5884,#5890,#5891,#5897));
#5884 = ORIENTED_EDGE('',*,*,#5885,.F.);
#5885 = EDGE_CURVE('',#5794,#5834,#5886,.T.);
#5886 = LINE('',#5887,#5888);
#5887 = CARTESIAN_POINT('',(-3.8,-2.100056633,3.7905));
#5888 = VECTOR('',#5889,1.);
#5889 = DIRECTION('',(1.,0.,-0.));
#5890 = ORIENTED_EDGE('',*,*,#5801,.T.);
#5891 = ORIENTED_EDGE('',*,*,#5892,.T.);
#5892 = EDGE_CURVE('',#5802,#5842,#5893,.T.);
#5893 = LINE('',#5894,#5895);
#5894 = CARTESIAN_POINT('',(-3.8,-2.100056633,4.0405));
#5895 = VECTOR('',#5896,1.);
#5896 = DIRECTION('',(1.,0.,-0.));
#5897 = ORIENTED_EDGE('',*,*,#5841,.F.);
#5898 = PLANE('',#5899);
#5899 = AXIS2_PLACEMENT_3D('',#5900,#5901,#5902);
#5900 = CARTESIAN_POINT('',(-3.8,-2.100056633,3.7905));
#5901 = DIRECTION('',(-0.,1.,0.));
#5902 = DIRECTION('',(0.,0.,1.));
#5903 = ADVANCED_FACE('',(#5904),#5910,.F.);
#5904 = FACE_BOUND('',#5905,.F.);
#5905 = EDGE_LOOP('',(#5906,#5907,#5908,#5909));
#5906 = ORIENTED_EDGE('',*,*,#5793,.F.);
#5907 = ORIENTED_EDGE('',*,*,#5863,.T.);
#5908 = ORIENTED_EDGE('',*,*,#5833,.T.);
#5909 = ORIENTED_EDGE('',*,*,#5885,.F.);
#5910 = PLANE('',#5911);
#5911 = AXIS2_PLACEMENT_3D('',#5912,#5913,#5914);
#5912 = CARTESIAN_POINT('',(-3.8,-2.700056633,3.7905));
#5913 = DIRECTION('',(0.,0.,1.));
#5914 = DIRECTION('',(1.,0.,-0.));
#5915 = ADVANCED_FACE('',(#5916),#5922,.T.);
#5916 = FACE_BOUND('',#5917,.T.);
#5917 = EDGE_LOOP('',(#5918,#5919,#5920,#5921));
#5918 = ORIENTED_EDGE('',*,*,#5809,.F.);
#5919 = ORIENTED_EDGE('',*,*,#5870,.T.);
#5920 = ORIENTED_EDGE('',*,*,#5849,.T.);
#5921 = ORIENTED_EDGE('',*,*,#5892,.F.);
#5922 = PLANE('',#5923);
#5923 = AXIS2_PLACEMENT_3D('',#5924,#5925,#5926);
#5924 = CARTESIAN_POINT('',(-3.8,-2.700056633,4.0405));
#5925 = DIRECTION('',(0.,0.,1.));
#5926 = DIRECTION('',(1.,0.,-0.));
#5927 = MANIFOLD_SOLID_BREP('',#5928);
#5928 = CLOSED_SHELL('',(#5929,#5969,#6009,#6031,#6053,#6065));
#5929 = ADVANCED_FACE('',(#5930),#5964,.F.);
#5930 = FACE_BOUND('',#5931,.F.);
#5931 = EDGE_LOOP('',(#5932,#5942,#5950,#5958));
#5932 = ORIENTED_EDGE('',*,*,#5933,.F.);
#5933 = EDGE_CURVE('',#5934,#5936,#5938,.T.);
#5934 = VERTEX_POINT('',#5935);
#5935 = CARTESIAN_POINT('',(-0.642191162,-7.048352017,3.7905));
#5936 = VERTEX_POINT('',#5937);
#5937 = CARTESIAN_POINT('',(-0.642191162,-7.048352017,4.0405));
#5938 = LINE('',#5939,#5940);
#5939 = CARTESIAN_POINT('',(-0.642191162,-7.048352017,3.7905));
#5940 = VECTOR('',#5941,1.);
#5941 = DIRECTION('',(0.,0.,1.));
#5942 = ORIENTED_EDGE('',*,*,#5943,.T.);
#5943 = EDGE_CURVE('',#5934,#5944,#5946,.T.);
#5944 = VERTEX_POINT('',#5945);
#5945 = CARTESIAN_POINT('',(-0.642191162,-6.448352017,3.7905));
#5946 = LINE('',#5947,#5948);
#5947 = CARTESIAN_POINT('',(-0.642191162,-7.048352017,3.7905));
#5948 = VECTOR('',#5949,1.);
#5949 = DIRECTION('',(-0.,1.,0.));
#5950 = ORIENTED_EDGE('',*,*,#5951,.T.);
#5951 = EDGE_CURVE('',#5944,#5952,#5954,.T.);
#5952 = VERTEX_POINT('',#5953);
#5953 = CARTESIAN_POINT('',(-0.642191162,-6.448352017,4.0405));
#5954 = LINE('',#5955,#5956);
#5955 = CARTESIAN_POINT('',(-0.642191162,-6.448352017,3.7905));
#5956 = VECTOR('',#5957,1.);
#5957 = DIRECTION('',(0.,0.,1.));
#5958 = ORIENTED_EDGE('',*,*,#5959,.F.);
#5959 = EDGE_CURVE('',#5936,#5952,#5960,.T.);
#5960 = LINE('',#5961,#5962);
#5961 = CARTESIAN_POINT('',(-0.642191162,-7.048352017,4.0405));
#5962 = VECTOR('',#5963,1.);
#5963 = DIRECTION('',(-0.,1.,0.));
#5964 = PLANE('',#5965);
#5965 = AXIS2_PLACEMENT_3D('',#5966,#5967,#5968);
#5966 = CARTESIAN_POINT('',(-0.642191162,-7.048352017,3.7905));
#5967 = DIRECTION('',(1.,0.,-0.));
#5968 = DIRECTION('',(0.,0.,1.));
#5969 = ADVANCED_FACE('',(#5970),#6004,.T.);
#5970 = FACE_BOUND('',#5971,.T.);
#5971 = EDGE_LOOP('',(#5972,#5982,#5990,#5998));
#5972 = ORIENTED_EDGE('',*,*,#5973,.F.);
#5973 = EDGE_CURVE('',#5974,#5976,#5978,.T.);
#5974 = VERTEX_POINT('',#5975);
#5975 = CARTESIAN_POINT('',(-0.442191162,-7.048352017,3.7905));
#5976 = VERTEX_POINT('',#5977);
#5977 = CARTESIAN_POINT('',(-0.442191162,-7.048352017,4.0405));
#5978 = LINE('',#5979,#5980);
#5979 = CARTESIAN_POINT('',(-0.442191162,-7.048352017,3.7905));
#5980 = VECTOR('',#5981,1.);
#5981 = DIRECTION('',(0.,0.,1.));
#5982 = ORIENTED_EDGE('',*,*,#5983,.T.);
#5983 = EDGE_CURVE('',#5974,#5984,#5986,.T.);
#5984 = VERTEX_POINT('',#5985);
#5985 = CARTESIAN_POINT('',(-0.442191162,-6.448352017,3.7905));
#5986 = LINE('',#5987,#5988);
#5987 = CARTESIAN_POINT('',(-0.442191162,-7.048352017,3.7905));
#5988 = VECTOR('',#5989,1.);
#5989 = DIRECTION('',(-0.,1.,0.));
#5990 = ORIENTED_EDGE('',*,*,#5991,.T.);
#5991 = EDGE_CURVE('',#5984,#5992,#5994,.T.);
#5992 = VERTEX_POINT('',#5993);
#5993 = CARTESIAN_POINT('',(-0.442191162,-6.448352017,4.0405));
#5994 = LINE('',#5995,#5996);
#5995 = CARTESIAN_POINT('',(-0.442191162,-6.448352017,3.7905));
#5996 = VECTOR('',#5997,1.);
#5997 = DIRECTION('',(0.,0.,1.));
#5998 = ORIENTED_EDGE('',*,*,#5999,.F.);
#5999 = EDGE_CURVE('',#5976,#5992,#6000,.T.);
#6000 = LINE('',#6001,#6002);
#6001 = CARTESIAN_POINT('',(-0.442191162,-7.048352017,4.0405));
#6002 = VECTOR('',#6003,1.);
#6003 = DIRECTION('',(-0.,1.,0.));
#6004 = PLANE('',#6005);
#6005 = AXIS2_PLACEMENT_3D('',#6006,#6007,#6008);
#6006 = CARTESIAN_POINT('',(-0.442191162,-7.048352017,3.7905));
#6007 = DIRECTION('',(1.,0.,-0.));
#6008 = DIRECTION('',(0.,0.,1.));
#6009 = ADVANCED_FACE('',(#6010),#6026,.F.);
#6010 = FACE_BOUND('',#6011,.F.);
#6011 = EDGE_LOOP('',(#6012,#6018,#6019,#6025));
#6012 = ORIENTED_EDGE('',*,*,#6013,.F.);
#6013 = EDGE_CURVE('',#5934,#5974,#6014,.T.);
#6014 = LINE('',#6015,#6016);
#6015 = CARTESIAN_POINT('',(-0.642191162,-7.048352017,3.7905));
#6016 = VECTOR('',#6017,1.);
#6017 = DIRECTION('',(1.,0.,-0.));
#6018 = ORIENTED_EDGE('',*,*,#5933,.T.);
#6019 = ORIENTED_EDGE('',*,*,#6020,.T.);
#6020 = EDGE_CURVE('',#5936,#5976,#6021,.T.);
#6021 = LINE('',#6022,#6023);
#6022 = CARTESIAN_POINT('',(-0.642191162,-7.048352017,4.0405));
#6023 = VECTOR('',#6024,1.);
#6024 = DIRECTION('',(1.,0.,-0.));
#6025 = ORIENTED_EDGE('',*,*,#5973,.F.);
#6026 = PLANE('',#6027);
#6027 = AXIS2_PLACEMENT_3D('',#6028,#6029,#6030);
#6028 = CARTESIAN_POINT('',(-0.642191162,-7.048352017,3.7905));
#6029 = DIRECTION('',(-0.,1.,0.));
#6030 = DIRECTION('',(0.,0.,1.));
#6031 = ADVANCED_FACE('',(#6032),#6048,.T.);
#6032 = FACE_BOUND('',#6033,.T.);
#6033 = EDGE_LOOP('',(#6034,#6040,#6041,#6047));
#6034 = ORIENTED_EDGE('',*,*,#6035,.F.);
#6035 = EDGE_CURVE('',#5944,#5984,#6036,.T.);
#6036 = LINE('',#6037,#6038);
#6037 = CARTESIAN_POINT('',(-0.642191162,-6.448352017,3.7905));
#6038 = VECTOR('',#6039,1.);
#6039 = DIRECTION('',(1.,0.,-0.));
#6040 = ORIENTED_EDGE('',*,*,#5951,.T.);
#6041 = ORIENTED_EDGE('',*,*,#6042,.T.);
#6042 = EDGE_CURVE('',#5952,#5992,#6043,.T.);
#6043 = LINE('',#6044,#6045);
#6044 = CARTESIAN_POINT('',(-0.642191162,-6.448352017,4.0405));
#6045 = VECTOR('',#6046,1.);
#6046 = DIRECTION('',(1.,0.,-0.));
#6047 = ORIENTED_EDGE('',*,*,#5991,.F.);
#6048 = PLANE('',#6049);
#6049 = AXIS2_PLACEMENT_3D('',#6050,#6051,#6052);
#6050 = CARTESIAN_POINT('',(-0.642191162,-6.448352017,3.7905));
#6051 = DIRECTION('',(-0.,1.,0.));
#6052 = DIRECTION('',(0.,0.,1.));
#6053 = ADVANCED_FACE('',(#6054),#6060,.F.);
#6054 = FACE_BOUND('',#6055,.F.);
#6055 = EDGE_LOOP('',(#6056,#6057,#6058,#6059));
#6056 = ORIENTED_EDGE('',*,*,#5943,.F.);
#6057 = ORIENTED_EDGE('',*,*,#6013,.T.);
#6058 = ORIENTED_EDGE('',*,*,#5983,.T.);
#6059 = ORIENTED_EDGE('',*,*,#6035,.F.);
#6060 = PLANE('',#6061);
#6061 = AXIS2_PLACEMENT_3D('',#6062,#6063,#6064);
#6062 = CARTESIAN_POINT('',(-0.642191162,-7.048352017,3.7905));
#6063 = DIRECTION('',(0.,0.,1.));
#6064 = DIRECTION('',(1.,0.,-0.));
#6065 = ADVANCED_FACE('',(#6066),#6072,.T.);
#6066 = FACE_BOUND('',#6067,.T.);
#6067 = EDGE_LOOP('',(#6068,#6069,#6070,#6071));
#6068 = ORIENTED_EDGE('',*,*,#5959,.F.);
#6069 = ORIENTED_EDGE('',*,*,#6020,.T.);
#6070 = ORIENTED_EDGE('',*,*,#5999,.T.);
#6071 = ORIENTED_EDGE('',*,*,#6042,.F.);
#6072 = PLANE('',#6073);
#6073 = AXIS2_PLACEMENT_3D('',#6074,#6075,#6076);
#6074 = CARTESIAN_POINT('',(-0.642191162,-7.048352017,4.0405));
#6075 = DIRECTION('',(0.,0.,1.));
#6076 = DIRECTION('',(1.,0.,-0.));
#6077 = MANIFOLD_SOLID_BREP('',#6078);
#6078 = CLOSED_SHELL('',(#6079,#6119,#6159,#6181,#6203,#6215));
#6079 = ADVANCED_FACE('',(#6080),#6114,.F.);
#6080 = FACE_BOUND('',#6081,.F.);
#6081 = EDGE_LOOP('',(#6082,#6092,#6100,#6108));
#6082 = ORIENTED_EDGE('',*,*,#6083,.F.);
#6083 = EDGE_CURVE('',#6084,#6086,#6088,.T.);
#6084 = VERTEX_POINT('',#6085);
#6085 = CARTESIAN_POINT('',(-1.842191162,-7.048352017,3.7905));
#6086 = VERTEX_POINT('',#6087);
#6087 = CARTESIAN_POINT('',(-1.842191162,-7.048352017,4.0405));
#6088 = LINE('',#6089,#6090);
#6089 = CARTESIAN_POINT('',(-1.842191162,-7.048352017,3.7905));
#6090 = VECTOR('',#6091,1.);
#6091 = DIRECTION('',(0.,0.,1.));
#6092 = ORIENTED_EDGE('',*,*,#6093,.T.);
#6093 = EDGE_CURVE('',#6084,#6094,#6096,.T.);
#6094 = VERTEX_POINT('',#6095);
#6095 = CARTESIAN_POINT('',(-1.842191162,-6.448352017,3.7905));
#6096 = LINE('',#6097,#6098);
#6097 = CARTESIAN_POINT('',(-1.842191162,-7.048352017,3.7905));
#6098 = VECTOR('',#6099,1.);
#6099 = DIRECTION('',(-0.,1.,0.));
#6100 = ORIENTED_EDGE('',*,*,#6101,.T.);
#6101 = EDGE_CURVE('',#6094,#6102,#6104,.T.);
#6102 = VERTEX_POINT('',#6103);
#6103 = CARTESIAN_POINT('',(-1.842191162,-6.448352017,4.0405));
#6104 = LINE('',#6105,#6106);
#6105 = CARTESIAN_POINT('',(-1.842191162,-6.448352017,3.7905));
#6106 = VECTOR('',#6107,1.);
#6107 = DIRECTION('',(0.,0.,1.));
#6108 = ORIENTED_EDGE('',*,*,#6109,.F.);
#6109 = EDGE_CURVE('',#6086,#6102,#6110,.T.);
#6110 = LINE('',#6111,#6112);
#6111 = CARTESIAN_POINT('',(-1.842191162,-7.048352017,4.0405));
#6112 = VECTOR('',#6113,1.);
#6113 = DIRECTION('',(-0.,1.,0.));
#6114 = PLANE('',#6115);
#6115 = AXIS2_PLACEMENT_3D('',#6116,#6117,#6118);
#6116 = CARTESIAN_POINT('',(-1.842191162,-7.048352017,3.7905));
#6117 = DIRECTION('',(1.,0.,-0.));
#6118 = DIRECTION('',(0.,0.,1.));
#6119 = ADVANCED_FACE('',(#6120),#6154,.T.);
#6120 = FACE_BOUND('',#6121,.T.);
#6121 = EDGE_LOOP('',(#6122,#6132,#6140,#6148));
#6122 = ORIENTED_EDGE('',*,*,#6123,.F.);
#6123 = EDGE_CURVE('',#6124,#6126,#6128,.T.);
#6124 = VERTEX_POINT('',#6125);
#6125 = CARTESIAN_POINT('',(-1.642191162,-7.048352017,3.7905));
#6126 = VERTEX_POINT('',#6127);
#6127 = CARTESIAN_POINT('',(-1.642191162,-7.048352017,4.0405));
#6128 = LINE('',#6129,#6130);
#6129 = CARTESIAN_POINT('',(-1.642191162,-7.048352017,3.7905));
#6130 = VECTOR('',#6131,1.);
#6131 = DIRECTION('',(0.,0.,1.));
#6132 = ORIENTED_EDGE('',*,*,#6133,.T.);
#6133 = EDGE_CURVE('',#6124,#6134,#6136,.T.);
#6134 = VERTEX_POINT('',#6135);
#6135 = CARTESIAN_POINT('',(-1.642191162,-6.448352017,3.7905));
#6136 = LINE('',#6137,#6138);
#6137 = CARTESIAN_POINT('',(-1.642191162,-7.048352017,3.7905));
#6138 = VECTOR('',#6139,1.);
#6139 = DIRECTION('',(-0.,1.,0.));
#6140 = ORIENTED_EDGE('',*,*,#6141,.T.);
#6141 = EDGE_CURVE('',#6134,#6142,#6144,.T.);
#6142 = VERTEX_POINT('',#6143);
#6143 = CARTESIAN_POINT('',(-1.642191162,-6.448352017,4.0405));
#6144 = LINE('',#6145,#6146);
#6145 = CARTESIAN_POINT('',(-1.642191162,-6.448352017,3.7905));
#6146 = VECTOR('',#6147,1.);
#6147 = DIRECTION('',(0.,0.,1.));
#6148 = ORIENTED_EDGE('',*,*,#6149,.F.);
#6149 = EDGE_CURVE('',#6126,#6142,#6150,.T.);
#6150 = LINE('',#6151,#6152);
#6151 = CARTESIAN_POINT('',(-1.642191162,-7.048352017,4.0405));
#6152 = VECTOR('',#6153,1.);
#6153 = DIRECTION('',(-0.,1.,0.));
#6154 = PLANE('',#6155);
#6155 = AXIS2_PLACEMENT_3D('',#6156,#6157,#6158);
#6156 = CARTESIAN_POINT('',(-1.642191162,-7.048352017,3.7905));
#6157 = DIRECTION('',(1.,0.,-0.));
#6158 = DIRECTION('',(0.,0.,1.));
#6159 = ADVANCED_FACE('',(#6160),#6176,.F.);
#6160 = FACE_BOUND('',#6161,.F.);
#6161 = EDGE_LOOP('',(#6162,#6168,#6169,#6175));
#6162 = ORIENTED_EDGE('',*,*,#6163,.F.);
#6163 = EDGE_CURVE('',#6084,#6124,#6164,.T.);
#6164 = LINE('',#6165,#6166);
#6165 = CARTESIAN_POINT('',(-1.842191162,-7.048352017,3.7905));
#6166 = VECTOR('',#6167,1.);
#6167 = DIRECTION('',(1.,0.,-0.));
#6168 = ORIENTED_EDGE('',*,*,#6083,.T.);
#6169 = ORIENTED_EDGE('',*,*,#6170,.T.);
#6170 = EDGE_CURVE('',#6086,#6126,#6171,.T.);
#6171 = LINE('',#6172,#6173);
#6172 = CARTESIAN_POINT('',(-1.842191162,-7.048352017,4.0405));
#6173 = VECTOR('',#6174,1.);
#6174 = DIRECTION('',(1.,0.,-0.));
#6175 = ORIENTED_EDGE('',*,*,#6123,.F.);
#6176 = PLANE('',#6177);
#6177 = AXIS2_PLACEMENT_3D('',#6178,#6179,#6180);
#6178 = CARTESIAN_POINT('',(-1.842191162,-7.048352017,3.7905));
#6179 = DIRECTION('',(-0.,1.,0.));
#6180 = DIRECTION('',(0.,0.,1.));
#6181 = ADVANCED_FACE('',(#6182),#6198,.T.);
#6182 = FACE_BOUND('',#6183,.T.);
#6183 = EDGE_LOOP('',(#6184,#6190,#6191,#6197));
#6184 = ORIENTED_EDGE('',*,*,#6185,.F.);
#6185 = EDGE_CURVE('',#6094,#6134,#6186,.T.);
#6186 = LINE('',#6187,#6188);
#6187 = CARTESIAN_POINT('',(-1.842191162,-6.448352017,3.7905));
#6188 = VECTOR('',#6189,1.);
#6189 = DIRECTION('',(1.,0.,-0.));
#6190 = ORIENTED_EDGE('',*,*,#6101,.T.);
#6191 = ORIENTED_EDGE('',*,*,#6192,.T.);
#6192 = EDGE_CURVE('',#6102,#6142,#6193,.T.);
#6193 = LINE('',#6194,#6195);
#6194 = CARTESIAN_POINT('',(-1.842191162,-6.448352017,4.0405));
#6195 = VECTOR('',#6196,1.);
#6196 = DIRECTION('',(1.,0.,-0.));
#6197 = ORIENTED_EDGE('',*,*,#6141,.F.);
#6198 = PLANE('',#6199);
#6199 = AXIS2_PLACEMENT_3D('',#6200,#6201,#6202);
#6200 = CARTESIAN_POINT('',(-1.842191162,-6.448352017,3.7905));
#6201 = DIRECTION('',(-0.,1.,0.));
#6202 = DIRECTION('',(0.,0.,1.));
#6203 = ADVANCED_FACE('',(#6204),#6210,.F.);
#6204 = FACE_BOUND('',#6205,.F.);
#6205 = EDGE_LOOP('',(#6206,#6207,#6208,#6209));
#6206 = ORIENTED_EDGE('',*,*,#6093,.F.);
#6207 = ORIENTED_EDGE('',*,*,#6163,.T.);
#6208 = ORIENTED_EDGE('',*,*,#6133,.T.);
#6209 = ORIENTED_EDGE('',*,*,#6185,.F.);
#6210 = PLANE('',#6211);
#6211 = AXIS2_PLACEMENT_3D('',#6212,#6213,#6214);
#6212 = CARTESIAN_POINT('',(-1.842191162,-7.048352017,3.7905));
#6213 = DIRECTION('',(0.,0.,1.));
#6214 = DIRECTION('',(1.,0.,-0.));
#6215 = ADVANCED_FACE('',(#6216),#6222,.T.);
#6216 = FACE_BOUND('',#6217,.T.);
#6217 = EDGE_LOOP('',(#6218,#6219,#6220,#6221));
#6218 = ORIENTED_EDGE('',*,*,#6109,.F.);
#6219 = ORIENTED_EDGE('',*,*,#6170,.T.);
#6220 = ORIENTED_EDGE('',*,*,#6149,.T.);
#6221 = ORIENTED_EDGE('',*,*,#6192,.F.);
#6222 = PLANE('',#6223);
#6223 = AXIS2_PLACEMENT_3D('',#6224,#6225,#6226);
#6224 = CARTESIAN_POINT('',(-1.842191162,-7.048352017,4.0405));
#6225 = DIRECTION('',(0.,0.,1.));
#6226 = DIRECTION('',(1.,0.,-0.));
#6227 = ( GEOMETRIC_REPRESENTATION_CONTEXT(3) 
GLOBAL_UNCERTAINTY_ASSIGNED_CONTEXT((#6231)) 
GLOBAL_UNIT_ASSIGNED_CONTEXT((#6228,#6229,#6230)) REPRESENTATION_CONTEXT
('Context #1','3D Context with UNIT and UNCERTAINTY') );
#6228 = ( LENGTH_UNIT() NAMED_UNIT(*) SI_UNIT(.MILLI.,.METRE.) );
#6229 = ( NAMED_UNIT(*) PLANE_ANGLE_UNIT() SI_UNIT($,.RADIAN.) );
#6230 = ( NAMED_UNIT(*) SI_UNIT($,.STERADIAN.) SOLID_ANGLE_UNIT() );
#6231 = UNCERTAINTY_MEASURE_WITH_UNIT(LENGTH_MEASURE(1.E-07),#6228,
  'distance_accuracy_value','confusion accuracy');
#6232 = CONTEXT_DEPENDENT_SHAPE_REPRESENTATION(#6233,#6235);
#6233 = ( REPRESENTATION_RELATIONSHIP('','',#4126,#3531) 
REPRESENTATION_RELATIONSHIP_WITH_TRANSFORMATION(#6234) 
SHAPE_REPRESENTATION_RELATIONSHIP() );
#6234 = ITEM_DEFINED_TRANSFORMATION('','',#11,#3544);
#6235 = PRODUCT_DEFINITION_SHAPE('Placement','Placement of an item',
  #6236);
#6236 = NEXT_ASSEMBLY_USAGE_OCCURRENCE('11',
  'Small components, STEP envelopes','',#3526,#4121,$);
#6237 = PRODUCT_RELATED_PRODUCT_CATEGORY('part',$,(#4123));
#6238 = MECHANICAL_DESIGN_GEOMETRIC_PRESENTATION_REPRESENTATION('',(
    #6239),#3513);
#6239 = STYLED_ITEM('color',(#6240),#2755);
#6240 = PRESENTATION_STYLE_ASSIGNMENT((#6241,#6247));
#6241 = SURFACE_STYLE_USAGE(.BOTH.,#6242);
#6242 = SURFACE_SIDE_STYLE('',(#6243));
#6243 = SURFACE_STYLE_FILL_AREA(#6244);
#6244 = FILL_AREA_STYLE('',(#6245));
#6245 = FILL_AREA_STYLE_COLOUR('',#6246);
#6246 = COLOUR_RGB('',0.447059003357,0.474510015008,0.501960993452);
#6247 = CURVE_STYLE('',#6248,POSITIVE_LENGTH_MEASURE(0.1),#6249);
#6248 = DRAUGHTING_PRE_DEFINED_CURVE_FONT('continuous');
#6249 = COLOUR_RGB('',9.803921802644E-02,9.803921802644E-02,
  9.803921802644E-02);
#6250 = MECHANICAL_DESIGN_GEOMETRIC_PRESENTATION_REPRESENTATION('',(
    #6251,#6260,#6269,#6278,#6287,#6296,#6305,#6314,#6323,#6332,#6341,
    #6350,#6359,#6368),#6227);
#6251 = STYLED_ITEM('color',(#6252),#4127);
#6252 = PRESENTATION_STYLE_ASSIGNMENT((#6253,#6258));
#6253 = SURFACE_STYLE_USAGE(.BOTH.,#6254);
#6254 = SURFACE_SIDE_STYLE('',(#6255));
#6255 = SURFACE_STYLE_FILL_AREA(#6256);
#6256 = FILL_AREA_STYLE('',(#6257));
#6257 = FILL_AREA_STYLE_COLOUR('',#6246);
#6258 = CURVE_STYLE('',#6259,POSITIVE_LENGTH_MEASURE(0.1),#6249);
#6259 = DRAUGHTING_PRE_DEFINED_CURVE_FONT('continuous');
#6260 = STYLED_ITEM('color',(#6261),#4277);
#6261 = PRESENTATION_STYLE_ASSIGNMENT((#6262,#6267));
#6262 = SURFACE_STYLE_USAGE(.BOTH.,#6263);
#6263 = SURFACE_SIDE_STYLE('',(#6264));
#6264 = SURFACE_STYLE_FILL_AREA(#6265);
#6265 = FILL_AREA_STYLE('',(#6266));
#6266 = FILL_AREA_STYLE_COLOUR('',#6246);
#6267 = CURVE_STYLE('',#6268,POSITIVE_LENGTH_MEASURE(0.1),#6249);
#6268 = DRAUGHTING_PRE_DEFINED_CURVE_FONT('continuous');
#6269 = STYLED_ITEM('color',(#6270),#4427);
#6270 = PRESENTATION_STYLE_ASSIGNMENT((#6271,#6276));
#6271 = SURFACE_STYLE_USAGE(.BOTH.,#6272);
#6272 = SURFACE_SIDE_STYLE('',(#6273));
#6273 = SURFACE_STYLE_FILL_AREA(#6274);
#6274 = FILL_AREA_STYLE('',(#6275));
#6275 = FILL_AREA_STYLE_COLOUR('',#6246);
#6276 = CURVE_STYLE('',#6277,POSITIVE_LENGTH_MEASURE(0.1),#6249);
#6277 = DRAUGHTING_PRE_DEFINED_CURVE_FONT('continuous');
#6278 = STYLED_ITEM('color',(#6279),#4577);
#6279 = PRESENTATION_STYLE_ASSIGNMENT((#6280,#6285));
#6280 = SURFACE_STYLE_USAGE(.BOTH.,#6281);
#6281 = SURFACE_SIDE_STYLE('',(#6282));
#6282 = SURFACE_STYLE_FILL_AREA(#6283);
#6283 = FILL_AREA_STYLE('',(#6284));
#6284 = FILL_AREA_STYLE_COLOUR('',#6246);
#6285 = CURVE_STYLE('',#6286,POSITIVE_LENGTH_MEASURE(0.1),#6249);
#6286 = DRAUGHTING_PRE_DEFINED_CURVE_FONT('continuous');
#6287 = STYLED_ITEM('color',(#6288),#4727);
#6288 = PRESENTATION_STYLE_ASSIGNMENT((#6289,#6294));
#6289 = SURFACE_STYLE_USAGE(.BOTH.,#6290);
#6290 = SURFACE_SIDE_STYLE('',(#6291));
#6291 = SURFACE_STYLE_FILL_AREA(#6292);
#6292 = FILL_AREA_STYLE('',(#6293));
#6293 = FILL_AREA_STYLE_COLOUR('',#6246);
#6294 = CURVE_STYLE('',#6295,POSITIVE_LENGTH_MEASURE(0.1),#6249);
#6295 = DRAUGHTING_PRE_DEFINED_CURVE_FONT('continuous');
#6296 = STYLED_ITEM('color',(#6297),#4877);
#6297 = PRESENTATION_STYLE_ASSIGNMENT((#6298,#6303));
#6298 = SURFACE_STYLE_USAGE(.BOTH.,#6299);
#6299 = SURFACE_SIDE_STYLE('',(#6300));
#6300 = SURFACE_STYLE_FILL_AREA(#6301);
#6301 = FILL_AREA_STYLE('',(#6302));
#6302 = FILL_AREA_STYLE_COLOUR('',#6246);
#6303 = CURVE_STYLE('',#6304,POSITIVE_LENGTH_MEASURE(0.1),#6249);
#6304 = DRAUGHTING_PRE_DEFINED_CURVE_FONT('continuous');
#6305 = STYLED_ITEM('color',(#6306),#5027);
#6306 = PRESENTATION_STYLE_ASSIGNMENT((#6307,#6312));
#6307 = SURFACE_STYLE_USAGE(.BOTH.,#6308);
#6308 = SURFACE_SIDE_STYLE('',(#6309));
#6309 = SURFACE_STYLE_FILL_AREA(#6310);
#6310 = FILL_AREA_STYLE('',(#6311));
#6311 = FILL_AREA_STYLE_COLOUR('',#6246);
#6312 = CURVE_STYLE('',#6313,POSITIVE_LENGTH_MEASURE(0.1),#6249);
#6313 = DRAUGHTING_PRE_DEFINED_CURVE_FONT('continuous');
#6314 = STYLED_ITEM('color',(#6315),#5177);
#6315 = PRESENTATION_STYLE_ASSIGNMENT((#6316,#6321));
#6316 = SURFACE_STYLE_USAGE(.BOTH.,#6317);
#6317 = SURFACE_SIDE_STYLE('',(#6318));
#6318 = SURFACE_STYLE_FILL_AREA(#6319);
#6319 = FILL_AREA_STYLE('',(#6320));
#6320 = FILL_AREA_STYLE_COLOUR('',#6246);
#6321 = CURVE_STYLE('',#6322,POSITIVE_LENGTH_MEASURE(0.1),#6249);
#6322 = DRAUGHTING_PRE_DEFINED_CURVE_FONT('continuous');
#6323 = STYLED_ITEM('color',(#6324),#5327);
#6324 = PRESENTATION_STYLE_ASSIGNMENT((#6325,#6330));
#6325 = SURFACE_STYLE_USAGE(.BOTH.,#6326);
#6326 = SURFACE_SIDE_STYLE('',(#6327));
#6327 = SURFACE_STYLE_FILL_AREA(#6328);
#6328 = FILL_AREA_STYLE('',(#6329));
#6329 = FILL_AREA_STYLE_COLOUR('',#6246);
#6330 = CURVE_STYLE('',#6331,POSITIVE_LENGTH_MEASURE(0.1),#6249);
#6331 = DRAUGHTING_PRE_DEFINED_CURVE_FONT('continuous');
#6332 = STYLED_ITEM('color',(#6333),#5477);
#6333 = PRESENTATION_STYLE_ASSIGNMENT((#6334,#6339));
#6334 = SURFACE_STYLE_USAGE(.BOTH.,#6335);
#6335 = SURFACE_SIDE_STYLE('',(#6336));
#6336 = SURFACE_STYLE_FILL_AREA(#6337);
#6337 = FILL_AREA_STYLE('',(#6338));
#6338 = FILL_AREA_STYLE_COLOUR('',#6246);
#6339 = CURVE_STYLE('',#6340,POSITIVE_LENGTH_MEASURE(0.1),#6249);
#6340 = DRAUGHTING_PRE_DEFINED_CURVE_FONT('continuous');
#6341 = STYLED_ITEM('color',(#6342),#5627);
#6342 = PRESENTATION_STYLE_ASSIGNMENT((#6343,#6348));
#6343 = SURFACE_STYLE_USAGE(.BOTH.,#6344);
#6344 = SURFACE_SIDE_STYLE('',(#6345));
#6345 = SURFACE_STYLE_FILL_AREA(#6346);
#6346 = FILL_AREA_STYLE('',(#6347));
#6347 = FILL_AREA_STYLE_COLOUR('',#6246);
#6348 = CURVE_STYLE('',#6349,POSITIVE_LENGTH_MEASURE(0.1),#6249);
#6349 = DRAUGHTING_PRE_DEFINED_CURVE_FONT('continuous');
#6350 = STYLED_ITEM('color',(#6351),#5777);
#6351 = PRESENTATION_STYLE_ASSIGNMENT((#6352,#6357));
#6352 = SURFACE_STYLE_USAGE(.BOTH.,#6353);
#6353 = SURFACE_SIDE_STYLE('',(#6354));
#6354 = SURFACE_STYLE_FILL_AREA(#6355);
#6355 = FILL_AREA_STYLE('',(#6356));
#6356 = FILL_AREA_STYLE_COLOUR('',#6246);
#6357 = CURVE_STYLE('',#6358,POSITIVE_LENGTH_MEASURE(0.1),#6249);
#6358 = DRAUGHTING_PRE_DEFINED_CURVE_FONT('continuous');
#6359 = STYLED_ITEM('color',(#6360),#5927);
#6360 = PRESENTATION_STYLE_ASSIGNMENT((#6361,#6366));
#6361 = SURFACE_STYLE_USAGE(.BOTH.,#6362);
#6362 = SURFACE_SIDE_STYLE('',(#6363));
#6363 = SURFACE_STYLE_FILL_AREA(#6364);
#6364 = FILL_AREA_STYLE('',(#6365));
#6365 = FILL_AREA_STYLE_COLOUR('',#6246);
#6366 = CURVE_STYLE('',#6367,POSITIVE_LENGTH_MEASURE(0.1),#6249);
#6367 = DRAUGHTING_PRE_DEFINED_CURVE_FONT('continuous');
#6368 = STYLED_ITEM('color',(#6369),#6077);
#6369 = PRESENTATION_STYLE_ASSIGNMENT((#6370,#6375));
#6370 = SURFACE_STYLE_USAGE(.BOTH.,#6371);
#6371 = SURFACE_SIDE_STYLE('',(#6372));
#6372 = SURFACE_STYLE_FILL_AREA(#6373);
#6373 = FILL_AREA_STYLE('',(#6374));
#6374 = FILL_AREA_STYLE_COLOUR('',#6246);
#6375 = CURVE_STYLE('',#6376,POSITIVE_LENGTH_MEASURE(0.1),#6249);
#6376 = DRAUGHTING_PRE_DEFINED_CURVE_FONT('continuous');
#6377 = MECHANICAL_DESIGN_GEOMETRIC_PRESENTATION_REPRESENTATION('',(
    #6378),#3886);
#6378 = STYLED_ITEM('color',(#6379),#3736);
#6379 = PRESENTATION_STYLE_ASSIGNMENT((#6380,#6385));
#6380 = SURFACE_STYLE_USAGE(.BOTH.,#6381);
#6381 = SURFACE_SIDE_STYLE('',(#6382));
#6382 = SURFACE_STYLE_FILL_AREA(#6383);
#6383 = FILL_AREA_STYLE('',(#6384));
#6384 = FILL_AREA_STYLE_COLOUR('',#6246);
#6385 = CURVE_STYLE('',#6386,POSITIVE_LENGTH_MEASURE(0.1),#6249);
#6386 = DRAUGHTING_PRE_DEFINED_CURVE_FONT('continuous');
#6387 = MECHANICAL_DESIGN_GEOMETRIC_PRESENTATION_REPRESENTATION('',(
    #6388,#6397),#4108);
#6388 = STYLED_ITEM('color',(#6389),#3905);
#6389 = PRESENTATION_STYLE_ASSIGNMENT((#6390,#6395));
#6390 = SURFACE_STYLE_USAGE(.BOTH.,#6391);
#6391 = SURFACE_SIDE_STYLE('',(#6392));
#6392 = SURFACE_STYLE_FILL_AREA(#6393);
#6393 = FILL_AREA_STYLE('',(#6394));
#6394 = FILL_AREA_STYLE_COLOUR('',#6246);
#6395 = CURVE_STYLE('',#6396,POSITIVE_LENGTH_MEASURE(0.1),#6249);
#6396 = DRAUGHTING_PRE_DEFINED_CURVE_FONT('continuous');
#6397 = STYLED_ITEM('color',(#6398),#4055);
#6398 = PRESENTATION_STYLE_ASSIGNMENT((#6399,#6404));
#6399 = SURFACE_STYLE_USAGE(.BOTH.,#6400);
#6400 = SURFACE_SIDE_STYLE('',(#6401));
#6401 = SURFACE_STYLE_FILL_AREA(#6402);
#6402 = FILL_AREA_STYLE('',(#6403));
#6403 = FILL_AREA_STYLE_COLOUR('',#6246);
#6404 = CURVE_STYLE('',#6405,POSITIVE_LENGTH_MEASURE(0.1),#6249);
#6405 = DRAUGHTING_PRE_DEFINED_CURVE_FONT('continuous');
#6406 = MECHANICAL_DESIGN_GEOMETRIC_PRESENTATION_REPRESENTATION('',(
    #6407),#1959);
#6407 = STYLED_ITEM('color',(#6408),#1201);
#6408 = PRESENTATION_STYLE_ASSIGNMENT((#6409,#6414));
#6409 = SURFACE_STYLE_USAGE(.BOTH.,#6410);
#6410 = SURFACE_SIDE_STYLE('',(#6411));
#6411 = SURFACE_STYLE_FILL_AREA(#6412);
#6412 = FILL_AREA_STYLE('',(#6413));
#6413 = FILL_AREA_STYLE_COLOUR('',#6246);
#6414 = CURVE_STYLE('',#6415,POSITIVE_LENGTH_MEASURE(0.1),#6249);
#6415 = DRAUGHTING_PRE_DEFINED_CURVE_FONT('continuous');
#6416 = MECHANICAL_DESIGN_GEOMETRIC_PRESENTATION_REPRESENTATION('',(
    #6417),#3717);
#6417 = STYLED_ITEM('color',(#6418),#3567);
#6418 = PRESENTATION_STYLE_ASSIGNMENT((#6419,#6424));
#6419 = SURFACE_STYLE_USAGE(.BOTH.,#6420);
#6420 = SURFACE_SIDE_STYLE('',(#6421));
#6421 = SURFACE_STYLE_FILL_AREA(#6422);
#6422 = FILL_AREA_STYLE('',(#6423));
#6423 = FILL_AREA_STYLE_COLOUR('',#6246);
#6424 = CURVE_STYLE('',#6425,POSITIVE_LENGTH_MEASURE(0.1),#6249);
#6425 = DRAUGHTING_PRE_DEFINED_CURVE_FONT('continuous');
#6426 = MECHANICAL_DESIGN_GEOMETRIC_PRESENTATION_REPRESENTATION('',(
    #6427),#370);
#6427 = STYLED_ITEM('color',(#6428),#64);
#6428 = PRESENTATION_STYLE_ASSIGNMENT((#6429,#6434));
#6429 = SURFACE_STYLE_USAGE(.BOTH.,#6430);
#6430 = SURFACE_SIDE_STYLE('',(#6431));
#6431 = SURFACE_STYLE_FILL_AREA(#6432);
#6432 = FILL_AREA_STYLE('',(#6433));
#6433 = FILL_AREA_STYLE_COLOUR('',#6246);
#6434 = CURVE_STYLE('',#6435,POSITIVE_LENGTH_MEASURE(0.1),#6249);
#6435 = DRAUGHTING_PRE_DEFINED_CURVE_FONT('continuous');
#6436 = MECHANICAL_DESIGN_GEOMETRIC_PRESENTATION_REPRESENTATION('',(
    #6437),#1182);
#6437 = STYLED_ITEM('color',(#6438),#424);
#6438 = PRESENTATION_STYLE_ASSIGNMENT((#6439,#6444));
#6439 = SURFACE_STYLE_USAGE(.BOTH.,#6440);
#6440 = SURFACE_SIDE_STYLE('',(#6441));
#6441 = SURFACE_STYLE_FILL_AREA(#6442);
#6442 = FILL_AREA_STYLE('',(#6443));
#6443 = FILL_AREA_STYLE_COLOUR('',#6246);
#6444 = CURVE_STYLE('',#6445,POSITIVE_LENGTH_MEASURE(0.1),#6249);
#6445 = DRAUGHTING_PRE_DEFINED_CURVE_FONT('continuous');
#6446 = MECHANICAL_DESIGN_GEOMETRIC_PRESENTATION_REPRESENTATION('',(
    #6447),#2736);
#6447 = STYLED_ITEM('color',(#6448),#1978);
#6448 = PRESENTATION_STYLE_ASSIGNMENT((#6449,#6454));
#6449 = SURFACE_STYLE_USAGE(.BOTH.,#6450);
#6450 = SURFACE_SIDE_STYLE('',(#6451));
#6451 = SURFACE_STYLE_FILL_AREA(#6452);
#6452 = FILL_AREA_STYLE('',(#6453));
#6453 = FILL_AREA_STYLE_COLOUR('',#6246);
#6454 = CURVE_STYLE('',#6455,POSITIVE_LENGTH_MEASURE(0.1),#6249);
#6455 = DRAUGHTING_PRE_DEFINED_CURVE_FONT('continuous');
ENDSEC;
END-ISO-10303-21;
